code;type;group;useable_as_grid_filter;label-fr_FR;label-en_US;localizable;scopable;allowed_extensions;metric_family;default_metric_unit
sku;pim_catalog_identifier;attr_gr_3;1;"identifier accusantium eum";"identifier aut quas";;;;;
name;pim_catalog_text;attr_gr_2;0;"text consectetur quis";"text ducimus ut";;;;;
attr_0;pim_catalog_text;attr_gr_16;0;"text autem unde";"text iusto aut";0;0;;;
attr_1;pim_catalog_file;attr_gr_3;1;"file tempora earum";"file quam cumque";0;0;png,jpg;;
attr_2;pim_catalog_simpleselect;attr_gr_16;1;"simpleselect occaecati iure";"simpleselect qui facilis";0;0;;;
attr_3;pim_catalog_text;attr_gr_6;0;"text ut qui";"text id dolorem";0;0;;;
attr_4;pim_catalog_number;attr_gr_19;0;"number laboriosam voluptas";"number facere totam";0;0;;;
attr_5;pim_catalog_date;attr_gr_15;0;"date voluptatibus voluptatem";"date necessitatibus tempore";0;0;;;
attr_6;pim_catalog_file;attr_gr_19;0;"file autem consequuntur";"file similique est";0;0;pdf,jpg;;
attr_7;pim_catalog_simpleselect;attr_gr_5;0;"simpleselect velit et";"simpleselect distinctio voluptatem";0;0;;;
attr_8;pim_catalog_simpleselect;attr_gr_6;0;"simpleselect voluptates et";"simpleselect omnis voluptatum";0;0;;;
attr_9;pim_catalog_file;attr_gr_0;0;"file recusandae qui";"file voluptatem maxime";0;0;png,jpg;;
attr_10;pim_catalog_price_collection;attr_gr_14;1;"price_collection illo ut";"price_collection ad hic";0;0;;;
attr_11;pim_catalog_image;attr_gr_3;0;"image qui consequatur";"image et animi";0;0;jpg,pdf;;
attr_12;pim_catalog_simpleselect;attr_gr_11;0;"simpleselect quidem in";"simpleselect consequatur omnis";0;0;;;
attr_13;pim_catalog_date;attr_gr_9;1;"date voluptatum doloribus";"date voluptas qui";0;0;;;
attr_14;pim_catalog_file;attr_gr_2;0;"file consequuntur aut";"file pariatur quia";0;0;png,pdf;;
attr_15;pim_catalog_boolean;attr_gr_18;0;"boolean voluptas adipisci";"boolean nam doloribus";0;0;;;
attr_16;pim_catalog_number;attr_gr_19;0;"number laboriosam commodi";"number repellendus porro";0;0;;;
attr_17;pim_catalog_multiselect;attr_gr_6;0;"multiselect deleniti rerum";"multiselect debitis animi";0;0;;;
attr_18;pim_catalog_number;attr_gr_9;0;"number aspernatur sit";"number deleniti repudiandae";0;0;;;
attr_19;pim_catalog_image;attr_gr_14;0;"image facilis quibusdam";"image sequi occaecati";0;0;jpg,pdf;;
attr_20;pim_catalog_textarea;attr_gr_7;0;"textarea eius adipisci";"textarea enim iusto";0;0;;;
attr_21;pim_catalog_date;attr_gr_0;0;"date architecto quia";"date enim non";0;0;;;
attr_22;pim_catalog_text;attr_gr_14;0;"text iusto sint";"text distinctio aut";0;0;;;
attr_23;pim_catalog_image;attr_gr_11;0;"image blanditiis eaque";"image est tempora";0;0;jpg,pdf;;
attr_24;pim_catalog_image;attr_gr_0;0;"image vitae consequatur";"image perspiciatis sunt";0;0;png,jpg;;
attr_25;pim_catalog_image;attr_gr_4;0;"image ut commodi";"image voluptas quos";0;0;jpg,pdf;;
attr_26;pim_catalog_simpleselect;attr_gr_8;0;"simpleselect eos ut";"simpleselect aliquam ipsa";0;0;;;
attr_27;pim_catalog_metric;attr_gr_19;1;"metric molestiae tempora";"metric id ex";0;0;;Length;METER
attr_28;pim_catalog_date;attr_gr_0;0;"date earum adipisci";"date aut ad";0;0;;;
attr_29;pim_catalog_text;attr_gr_11;0;"text autem dolore";"text quae sit";0;0;;;
attr_30;pim_catalog_boolean;attr_gr_13;0;"boolean consectetur est";"boolean nihil et";0;0;;;
attr_31;pim_catalog_multiselect;attr_gr_7;0;"multiselect consequuntur officia";"multiselect reprehenderit ipsa";0;0;;;
attr_32;pim_catalog_date;attr_gr_16;0;"date aut omnis";"date at doloribus";0;0;;;
attr_33;pim_catalog_image;attr_gr_6;0;"image et consequuntur";"image tempora quod";0;0;jpg,pdf;;
attr_34;pim_catalog_multiselect;attr_gr_11;0;"multiselect assumenda non";"multiselect eveniet voluptate";0;0;;;
attr_35;pim_catalog_boolean;attr_gr_9;0;"boolean id voluptas";"boolean impedit eveniet";0;0;;;
attr_36;pim_catalog_boolean;attr_gr_19;0;"boolean tenetur nam";"boolean ut officia";0;0;;;
attr_37;pim_catalog_simpleselect;attr_gr_11;0;"simpleselect iusto quia";"simpleselect repellendus natus";0;0;;;
attr_38;pim_catalog_file;attr_gr_0;0;"file et incidunt";"file ut neque";0;0;png,jpg;;
attr_39;pim_catalog_metric;attr_gr_14;0;"metric repellendus aliquam";"metric rem maiores";0;0;;Length;METER
attr_40;pim_catalog_file;attr_gr_2;0;"file dicta cum";"file voluptatem autem";0;0;jpg,pdf;;
attr_41;pim_catalog_metric;attr_gr_5;0;"metric voluptatum facere";"metric quo officiis";0;0;;Length;METER
attr_42;pim_catalog_date;attr_gr_3;0;"date beatae esse";"date magni voluptatem";0;0;;;
attr_43;pim_catalog_price_collection;attr_gr_8;0;"price_collection facere delectus";"price_collection aut commodi";0;0;;;
attr_44;pim_catalog_multiselect;attr_gr_2;0;"multiselect rerum eum";"multiselect excepturi consectetur";0;0;;;
attr_45;pim_catalog_date;attr_gr_18;0;"date accusamus aut";"date sequi aut";0;0;;;
attr_46;pim_catalog_image;attr_gr_10;0;"image quae doloribus";"image et aliquid";0;0;jpg,png;;
attr_47;pim_catalog_date;attr_gr_17;0;"date laboriosam molestiae";"date deleniti minus";0;0;;;
attr_48;pim_catalog_textarea;attr_gr_8;0;"textarea sint facilis";"textarea rerum et";0;0;;;
attr_49;pim_catalog_multiselect;attr_gr_5;1;"multiselect facere voluptatem";"multiselect voluptatum odio";0;0;;;
attr_50;pim_catalog_boolean;attr_gr_9;0;"boolean qui ratione";"boolean ut necessitatibus";0;0;;;
attr_51;pim_catalog_image;attr_gr_14;0;"image dolore incidunt";"image nesciunt cumque";0;0;png,jpg;;
attr_52;pim_catalog_simpleselect;attr_gr_12;0;"simpleselect dolorem qui";"simpleselect doloribus libero";0;0;;;
attr_53;pim_catalog_number;attr_gr_6;0;"number distinctio at";"number fuga alias";0;0;;;
attr_54;pim_catalog_simpleselect;attr_gr_10;0;"simpleselect in architecto";"simpleselect alias et";0;0;;;
attr_55;pim_catalog_textarea;attr_gr_1;0;"textarea perferendis voluptas";"textarea qui id";0;0;;;
attr_56;pim_catalog_simpleselect;attr_gr_9;0;"simpleselect eveniet qui";"simpleselect odio non";0;0;;;
attr_57;pim_catalog_simpleselect;attr_gr_17;0;"simpleselect amet tenetur";"simpleselect et magnam";0;0;;;
attr_58;pim_catalog_text;attr_gr_6;0;"text deleniti nostrum";"text odit quae";0;0;;;
attr_59;pim_catalog_textarea;attr_gr_17;0;"textarea odio numquam";"textarea consequatur odit";0;0;;;
attr_60;pim_catalog_price_collection;attr_gr_19;0;"price_collection et ut";"price_collection quod est";0;0;;;
attr_61;pim_catalog_text;attr_gr_3;0;"text laudantium laudantium";"text et sapiente";0;0;;;
attr_62;pim_catalog_file;attr_gr_11;0;"file delectus illo";"file ipsum officiis";0;0;pdf,png;;
attr_63;pim_catalog_multiselect;attr_gr_8;1;"multiselect vero quod";"multiselect iure praesentium";0;0;;;
attr_64;pim_catalog_date;attr_gr_0;0;"date dolorem occaecati";"date et quo";0;0;;;
attr_65;pim_catalog_simpleselect;attr_gr_8;1;"simpleselect ratione sunt";"simpleselect totam ipsum";0;0;;;
attr_66;pim_catalog_text;attr_gr_9;0;"text omnis et";"text molestias cum";0;0;;;
attr_67;pim_catalog_metric;attr_gr_5;0;"metric laudantium sunt";"metric molestiae nulla";0;0;;Length;METER
attr_68;pim_catalog_multiselect;attr_gr_16;0;"multiselect eos cum";"multiselect cupiditate accusantium";0;0;;;
attr_69;pim_catalog_image;attr_gr_17;0;"image architecto enim";"image quod corporis";0;0;pdf,jpg;;
attr_70;pim_catalog_number;attr_gr_11;1;"number voluptas dolores";"number aperiam libero";0;0;;;
attr_71;pim_catalog_textarea;attr_gr_15;0;"textarea dolor natus";"textarea aut occaecati";0;0;;;
attr_72;pim_catalog_price_collection;attr_gr_0;0;"price_collection cumque ab";"price_collection ea aut";0;0;;;
attr_73;pim_catalog_number;attr_gr_6;0;"number et omnis";"number voluptatem est";0;0;;;
attr_74;pim_catalog_file;attr_gr_6;1;"file consequatur ut";"file mollitia corrupti";0;0;jpg,pdf;;
attr_75;pim_catalog_number;attr_gr_10;0;"number dignissimos fugit";"number est veritatis";0;0;;;
attr_76;pim_catalog_multiselect;attr_gr_14;0;"multiselect doloremque quae";"multiselect et et";0;0;;;
attr_77;pim_catalog_number;attr_gr_4;1;"number quas temporibus";"number explicabo hic";0;0;;;
attr_78;pim_catalog_number;attr_gr_7;0;"number aliquam voluptate";"number aut provident";0;0;;;
attr_79;pim_catalog_boolean;attr_gr_4;0;"boolean omnis aliquid";"boolean numquam magnam";0;0;;;
attr_80;pim_catalog_image;attr_gr_5;0;"image quaerat veniam";"image qui tempora";0;0;pdf,jpg;;
attr_81;pim_catalog_simpleselect;attr_gr_13;0;"simpleselect adipisci et";"simpleselect voluptatum sapiente";0;0;;;
attr_82;pim_catalog_price_collection;attr_gr_9;1;"price_collection occaecati quis";"price_collection cupiditate aut";0;0;;;
attr_83;pim_catalog_metric;attr_gr_5;0;"metric est culpa";"metric modi aspernatur";0;0;;Length;METER
attr_84;pim_catalog_boolean;attr_gr_9;0;"boolean cumque est";"boolean et inventore";0;1;;;
attr_85;pim_catalog_multiselect;attr_gr_15;0;"multiselect non doloribus";"multiselect nobis itaque";0;0;;;
attr_86;pim_catalog_textarea;attr_gr_0;0;"textarea magnam praesentium";"textarea repellat qui";0;0;;;
attr_87;pim_catalog_simpleselect;attr_gr_14;0;"simpleselect et aliquam";"simpleselect hic earum";0;0;;;
attr_88;pim_catalog_image;attr_gr_9;0;"image fugiat et";"image et perferendis";0;0;png,jpg;;
attr_89;pim_catalog_text;attr_gr_17;0;"text omnis quia";"text asperiores aut";0;0;;;
attr_90;pim_catalog_textarea;attr_gr_1;0;"textarea laudantium veniam";"textarea cumque enim";0;0;;;
attr_91;pim_catalog_multiselect;attr_gr_2;1;"multiselect laboriosam aut";"multiselect accusantium placeat";0;0;;;
attr_92;pim_catalog_price_collection;attr_gr_13;0;"price_collection possimus impedit";"price_collection hic perferendis";0;0;;;
attr_93;pim_catalog_simpleselect;attr_gr_11;0;"simpleselect adipisci sed";"simpleselect recusandae aut";0;0;;;
attr_94;pim_catalog_price_collection;attr_gr_15;0;"price_collection qui illo";"price_collection occaecati laborum";0;0;;;
attr_95;pim_catalog_simpleselect;attr_gr_1;0;"simpleselect corporis sequi";"simpleselect voluptatem aliquid";0;0;;;
attr_96;pim_catalog_boolean;attr_gr_12;0;"boolean non quia";"boolean expedita sit";0;0;;;
attr_97;pim_catalog_simpleselect;attr_gr_13;0;"simpleselect velit et";"simpleselect dolores placeat";0;0;;;
attr_98;pim_catalog_price_collection;attr_gr_2;0;"price_collection voluptas dolorem";"price_collection et iusto";0;0;;;
attr_99;pim_catalog_text;attr_gr_11;0;"text eius optio";"text nisi necessitatibus";0;0;;;
attr_100;pim_catalog_number;attr_gr_16;0;"number et sed";"number quasi mollitia";0;0;;;
attr_101;pim_catalog_file;attr_gr_9;0;"file non doloribus";"file qui minima";0;0;jpg,pdf;;
attr_102;pim_catalog_file;attr_gr_8;0;"file reiciendis architecto";"file fugiat omnis";0;0;png,pdf;;
attr_103;pim_catalog_date;attr_gr_8;0;"date quis et";"date nihil ut";0;0;;;
attr_104;pim_catalog_price_collection;attr_gr_0;0;"price_collection officiis fuga";"price_collection ea aspernatur";0;0;;;
attr_105;pim_catalog_number;attr_gr_18;0;"number quos nisi";"number est quaerat";0;0;;;
attr_106;pim_catalog_date;attr_gr_18;0;"date ut laboriosam";"date eum laudantium";0;0;;;
attr_107;pim_catalog_price_collection;attr_gr_6;0;"price_collection quos recusandae";"price_collection labore non";0;0;;;
attr_108;pim_catalog_date;attr_gr_10;0;"date voluptatum excepturi";"date officia quis";0;0;;;
attr_109;pim_catalog_file;attr_gr_7;0;"file dolorem delectus";"file veritatis possimus";0;0;jpg,pdf;;
attr_110;pim_catalog_file;attr_gr_12;0;"file saepe deserunt";"file sed suscipit";0;0;jpg,png;;
attr_111;pim_catalog_boolean;attr_gr_8;0;"boolean nam sit";"boolean architecto saepe";0;0;;;
attr_112;pim_catalog_file;attr_gr_14;0;"file minima sequi";"file provident ratione";0;0;png,jpg;;
attr_113;pim_catalog_number;attr_gr_8;0;"number qui consequatur";"number sapiente doloremque";0;0;;;
attr_114;pim_catalog_boolean;attr_gr_13;0;"boolean porro dolor";"boolean nihil esse";0;0;;;
attr_115;pim_catalog_date;attr_gr_10;0;"date hic natus";"date eius officiis";0;0;;;
attr_116;pim_catalog_multiselect;attr_gr_16;0;"multiselect consectetur ipsa";"multiselect similique aut";0;0;;;
attr_117;pim_catalog_price_collection;attr_gr_12;0;"price_collection ad unde";"price_collection quia accusantium";0;0;;;
attr_118;pim_catalog_number;attr_gr_16;0;"number facere ea";"number modi deserunt";0;0;;;
attr_119;pim_catalog_image;attr_gr_8;0;"image id et";"image ut reiciendis";1;0;jpg,pdf;;
attr_120;pim_catalog_metric;attr_gr_12;0;"metric fugiat ipsa";"metric ratione illum";0;0;;Length;METER
attr_121;pim_catalog_textarea;attr_gr_18;0;"textarea rerum facilis";"textarea dicta dolorem";0;0;;;
attr_122;pim_catalog_image;attr_gr_5;0;"image non omnis";"image et doloremque";0;0;png,pdf;;
attr_123;pim_catalog_price_collection;attr_gr_10;0;"price_collection dolores doloremque";"price_collection nihil suscipit";0;0;;;
attr_124;pim_catalog_boolean;attr_gr_10;0;"boolean distinctio velit";"boolean officiis autem";0;0;;;
attr_125;pim_catalog_simpleselect;attr_gr_13;0;"simpleselect sunt iusto";"simpleselect recusandae nesciunt";0;0;;;
attr_126;pim_catalog_boolean;attr_gr_0;1;"boolean et voluptas";"boolean tenetur molestias";1;0;;;
attr_127;pim_catalog_textarea;attr_gr_12;0;"textarea asperiores et";"textarea ut ratione";0;0;;;
attr_128;pim_catalog_multiselect;attr_gr_6;0;"multiselect et quia";"multiselect non voluptas";0;0;;;
attr_129;pim_catalog_metric;attr_gr_6;0;"metric sit dolores";"metric optio cumque";0;0;;Length;METER
attr_130;pim_catalog_price_collection;attr_gr_19;0;"price_collection amet rerum";"price_collection delectus veniam";0;0;;;
attr_131;pim_catalog_simpleselect;attr_gr_13;0;"simpleselect cupiditate est";"simpleselect error architecto";0;0;;;
attr_132;pim_catalog_boolean;attr_gr_10;0;"boolean nobis eum";"boolean omnis laudantium";0;1;;;
attr_133;pim_catalog_textarea;attr_gr_0;0;"textarea suscipit facere";"textarea et possimus";0;0;;;
attr_134;pim_catalog_file;attr_gr_11;0;"file voluptate labore";"file iure velit";0;0;jpg,pdf;;
attr_135;pim_catalog_date;attr_gr_6;0;"date modi et";"date labore aut";0;0;;;
attr_136;pim_catalog_image;attr_gr_11;0;"image aliquid dolorum";"image totam dolor";0;0;pdf,jpg;;
attr_137;pim_catalog_price_collection;attr_gr_11;0;"price_collection eos voluptatem";"price_collection in quia";0;0;;;
attr_138;pim_catalog_image;attr_gr_14;0;"image aut dicta";"image ullam qui";0;0;png,pdf;;
attr_139;pim_catalog_file;attr_gr_15;0;"file ullam qui";"file aut earum";0;0;png,jpg;;
attr_140;pim_catalog_simpleselect;attr_gr_8;0;"simpleselect consequatur eos";"simpleselect quo praesentium";0;0;;;
attr_141;pim_catalog_textarea;attr_gr_6;0;"textarea quia doloribus";"textarea provident beatae";0;0;;;
attr_142;pim_catalog_text;attr_gr_3;0;"text nesciunt consequatur";"text iure porro";0;0;;;
attr_143;pim_catalog_price_collection;attr_gr_9;0;"price_collection quas aut";"price_collection nam et";0;0;;;
attr_144;pim_catalog_simpleselect;attr_gr_8;0;"simpleselect sapiente temporibus";"simpleselect occaecati sint";0;0;;;
attr_145;pim_catalog_boolean;attr_gr_13;1;"boolean molestias possimus";"boolean alias necessitatibus";0;0;;;
attr_146;pim_catalog_boolean;attr_gr_17;0;"boolean expedita neque";"boolean laboriosam et";0;0;;;
attr_147;pim_catalog_textarea;attr_gr_19;0;"textarea ipsum consectetur";"textarea sapiente aut";0;0;;;
attr_148;pim_catalog_image;attr_gr_5;0;"image molestias qui";"image fugiat repellat";0;0;pdf,jpg;;
attr_149;pim_catalog_multiselect;attr_gr_1;0;"multiselect perferendis nisi";"multiselect occaecati praesentium";0;0;;;
attr_150;pim_catalog_boolean;attr_gr_10;1;"boolean cumque tenetur";"boolean pariatur esse";0;0;;;
attr_151;pim_catalog_file;attr_gr_4;0;"file culpa aliquam";"file odio eligendi";0;0;jpg,png;;
attr_152;pim_catalog_date;attr_gr_14;0;"date aut eum";"date totam ab";0;0;;;
attr_153;pim_catalog_textarea;attr_gr_2;0;"textarea vero ipsam";"textarea excepturi deleniti";0;0;;;
attr_154;pim_catalog_boolean;attr_gr_0;0;"boolean eligendi odit";"boolean provident eligendi";0;0;;;
attr_155;pim_catalog_multiselect;attr_gr_10;0;"multiselect tempore vel";"multiselect rerum ut";0;0;;;
attr_156;pim_catalog_metric;attr_gr_9;0;"metric quas magnam";"metric qui voluptatem";0;0;;Length;METER
attr_157;pim_catalog_price_collection;attr_gr_15;0;"price_collection explicabo dolor";"price_collection illum aut";0;0;;;
attr_158;pim_catalog_simpleselect;attr_gr_13;0;"simpleselect voluptatem quibusdam";"simpleselect voluptatem ut";0;1;;;
attr_159;pim_catalog_metric;attr_gr_0;0;"metric tenetur et";"metric quia quia";0;0;;Length;METER
attr_160;pim_catalog_number;attr_gr_18;0;"number accusantium repudiandae";"number modi ut";0;0;;;
attr_161;pim_catalog_text;attr_gr_15;0;"text eius eos";"text est ut";0;0;;;
attr_162;pim_catalog_image;attr_gr_3;0;"image modi inventore";"image nam similique";0;0;png,jpg;;
attr_163;pim_catalog_text;attr_gr_14;0;"text quam corporis";"text repellat aut";0;0;;;
attr_164;pim_catalog_textarea;attr_gr_15;0;"textarea nobis qui";"textarea quod vero";0;0;;;
attr_165;pim_catalog_file;attr_gr_13;0;"file autem non";"file iste et";0;0;png,pdf;;
attr_166;pim_catalog_simpleselect;attr_gr_19;0;"simpleselect quam iure";"simpleselect quaerat enim";0;0;;;
attr_167;pim_catalog_file;attr_gr_4;0;"file eius ad";"file tempora eos";0;0;pdf,jpg;;
attr_168;pim_catalog_metric;attr_gr_17;0;"metric facilis qui";"metric quia nemo";0;0;;Length;METER
attr_169;pim_catalog_number;attr_gr_17;1;"number distinctio et";"number ex natus";0;0;;;
attr_170;pim_catalog_simpleselect;attr_gr_8;0;"simpleselect nobis qui";"simpleselect aut eligendi";0;0;;;
attr_171;pim_catalog_file;attr_gr_0;0;"file doloribus aut";"file et at";0;0;jpg,pdf;;
attr_172;pim_catalog_image;attr_gr_15;0;"image ut cumque";"image tenetur ad";0;0;jpg,png;;
attr_173;pim_catalog_image;attr_gr_0;0;"image dicta aut";"image consequatur totam";0;0;pdf,jpg;;
attr_174;pim_catalog_boolean;attr_gr_13;1;"boolean et quas";"boolean esse est";0;0;;;
attr_175;pim_catalog_number;attr_gr_12;0;"number et animi";"number et odit";0;0;;;
attr_176;pim_catalog_multiselect;attr_gr_13;0;"multiselect id autem";"multiselect maxime impedit";0;0;;;
attr_177;pim_catalog_text;attr_gr_10;0;"text omnis dolorem";"text totam quasi";0;0;;;
attr_178;pim_catalog_metric;attr_gr_9;0;"metric doloribus tenetur";"metric quo iusto";0;0;;Length;METER
attr_179;pim_catalog_file;attr_gr_5;0;"file in at";"file architecto eaque";0;0;png,jpg;;
attr_180;pim_catalog_textarea;attr_gr_14;0;"textarea vero ut";"textarea excepturi tenetur";0;0;;;
attr_181;pim_catalog_simpleselect;attr_gr_7;0;"simpleselect et accusamus";"simpleselect quia earum";0;0;;;
attr_182;pim_catalog_boolean;attr_gr_15;0;"boolean nemo voluptatibus";"boolean facilis voluptatum";0;0;;;
attr_183;pim_catalog_text;attr_gr_2;0;"text voluptates voluptatem";"text praesentium sed";0;0;;;
attr_184;pim_catalog_number;attr_gr_14;0;"number qui ut";"number aspernatur harum";0;0;;;
attr_185;pim_catalog_textarea;attr_gr_14;0;"textarea voluptas et";"textarea accusantium nam";0;0;;;
attr_186;pim_catalog_boolean;attr_gr_14;0;"boolean aut quia";"boolean quis est";0;0;;;
attr_187;pim_catalog_metric;attr_gr_13;0;"metric ut quos";"metric et qui";0;0;;Length;METER
attr_188;pim_catalog_metric;attr_gr_4;0;"metric ut omnis";"metric deserunt quis";0;0;;Length;METER
attr_189;pim_catalog_file;attr_gr_10;0;"file voluptate quaerat";"file et in";0;0;pdf,jpg;;
attr_190;pim_catalog_textarea;attr_gr_11;0;"textarea culpa hic";"textarea sit nam";0;0;;;
attr_191;pim_catalog_price_collection;attr_gr_14;0;"price_collection similique soluta";"price_collection voluptas quo";0;0;;;
attr_192;pim_catalog_textarea;attr_gr_17;0;"textarea exercitationem aut";"textarea exercitationem ad";0;0;;;
attr_193;pim_catalog_price_collection;attr_gr_19;0;"price_collection eum consectetur";"price_collection nisi consequuntur";0;0;;;
attr_194;pim_catalog_date;attr_gr_7;0;"date praesentium quos";"date aut nulla";0;0;;;
attr_195;pim_catalog_price_collection;attr_gr_8;0;"price_collection voluptas sed";"price_collection nulla sint";0;0;;;
attr_196;pim_catalog_boolean;attr_gr_16;0;"boolean et velit";"boolean necessitatibus doloribus";0;0;;;
attr_197;pim_catalog_date;attr_gr_7;0;"date et praesentium";"date magni iusto";0;0;;;
attr_198;pim_catalog_number;attr_gr_13;0;"number dolores recusandae";"number ut vel";0;0;;;
attr_199;pim_catalog_boolean;attr_gr_16;0;"boolean quis commodi";"boolean aut qui";0;0;;;
attr_200;pim_catalog_simpleselect;attr_gr_11;0;"simpleselect distinctio magnam";"simpleselect ut dolorem";0;0;;;
attr_201;pim_catalog_file;attr_gr_6;0;"file est recusandae";"file libero unde";0;0;png,pdf;;
attr_202;pim_catalog_file;attr_gr_18;0;"file ipsum odio";"file et sint";0;0;jpg,png;;
attr_203;pim_catalog_file;attr_gr_13;0;"file asperiores sint";"file ipsum molestiae";0;0;pdf,png;;
attr_204;pim_catalog_number;attr_gr_0;1;"number reprehenderit voluptatem";"number debitis quod";0;0;;;
attr_205;pim_catalog_multiselect;attr_gr_10;0;"multiselect autem dicta";"multiselect qui corporis";0;0;;;
attr_206;pim_catalog_price_collection;attr_gr_4;0;"price_collection enim et";"price_collection iure necessitatibus";0;0;;;
attr_207;pim_catalog_number;attr_gr_11;0;"number non quasi";"number omnis quos";0;0;;;
attr_208;pim_catalog_simpleselect;attr_gr_16;0;"simpleselect eos et";"simpleselect magni et";0;0;;;
attr_209;pim_catalog_simpleselect;attr_gr_15;0;"simpleselect eum ratione";"simpleselect rerum vel";0;0;;;
attr_210;pim_catalog_file;attr_gr_3;0;"file ea ut";"file dolores quia";0;0;png,pdf;;
attr_211;pim_catalog_simpleselect;attr_gr_8;0;"simpleselect dignissimos sit";"simpleselect expedita dicta";0;1;;;
attr_212;pim_catalog_price_collection;attr_gr_2;1;"price_collection nam atque";"price_collection architecto inventore";0;0;;;
attr_213;pim_catalog_metric;attr_gr_12;0;"metric non unde";"metric distinctio qui";0;0;;Length;METER
attr_214;pim_catalog_image;attr_gr_3;0;"image placeat architecto";"image est modi";0;0;png,pdf;;
attr_215;pim_catalog_simpleselect;attr_gr_19;0;"simpleselect dignissimos illum";"simpleselect numquam perferendis";0;0;;;
attr_216;pim_catalog_multiselect;attr_gr_18;0;"multiselect maxime error";"multiselect esse exercitationem";0;0;;;
attr_217;pim_catalog_file;attr_gr_3;0;"file qui explicabo";"file est harum";0;0;jpg,png;;
attr_218;pim_catalog_date;attr_gr_0;0;"date ea laborum";"date vel ea";0;0;;;
attr_219;pim_catalog_multiselect;attr_gr_15;0;"multiselect libero iste";"multiselect repellendus ea";0;0;;;
attr_220;pim_catalog_date;attr_gr_17;0;"date delectus explicabo";"date ex quos";0;0;;;
attr_221;pim_catalog_textarea;attr_gr_0;0;"textarea dolorem libero";"textarea ab illum";0;0;;;
attr_222;pim_catalog_text;attr_gr_17;0;"text reiciendis esse";"text sit ut";0;0;;;
attr_223;pim_catalog_metric;attr_gr_1;0;"metric saepe labore";"metric optio vero";0;0;;Length;METER
attr_224;pim_catalog_multiselect;attr_gr_3;0;"multiselect dolorem sunt";"multiselect architecto ducimus";0;0;;;
attr_225;pim_catalog_number;attr_gr_5;0;"number inventore repellat";"number exercitationem animi";0;0;;;
attr_226;pim_catalog_date;attr_gr_18;0;"date voluptatem voluptatem";"date et maxime";0;0;;;
attr_227;pim_catalog_textarea;attr_gr_4;0;"textarea optio quis";"textarea eligendi sequi";0;0;;;
attr_228;pim_catalog_text;attr_gr_19;0;"text non qui";"text sequi ab";0;0;;;
attr_229;pim_catalog_price_collection;attr_gr_17;0;"price_collection error est";"price_collection molestias corporis";0;0;;;
attr_230;pim_catalog_multiselect;attr_gr_1;0;"multiselect enim ut";"multiselect hic voluptas";0;0;;;
attr_231;pim_catalog_price_collection;attr_gr_6;0;"price_collection qui temporibus";"price_collection expedita dignissimos";0;0;;;
attr_232;pim_catalog_multiselect;attr_gr_15;0;"multiselect possimus porro";"multiselect magni facilis";0;0;;;
attr_233;pim_catalog_image;attr_gr_1;0;"image dolorum voluptatem";"image fugiat incidunt";0;1;png,pdf;;
attr_234;pim_catalog_text;attr_gr_18;0;"text fuga excepturi";"text et et";0;0;;;
attr_235;pim_catalog_boolean;attr_gr_11;0;"boolean rem corporis";"boolean iusto tempora";0;0;;;
attr_236;pim_catalog_multiselect;attr_gr_3;0;"multiselect debitis impedit";"multiselect alias nobis";0;0;;;
attr_237;pim_catalog_number;attr_gr_14;0;"number dolores inventore";"number distinctio numquam";0;0;;;
attr_238;pim_catalog_text;attr_gr_11;0;"text et asperiores";"text sapiente et";0;0;;;
attr_239;pim_catalog_file;attr_gr_8;0;"file commodi necessitatibus";"file consequatur quo";0;0;png,jpg;;
attr_240;pim_catalog_simpleselect;attr_gr_3;0;"simpleselect voluptates incidunt";"simpleselect minima nemo";0;0;;;
attr_241;pim_catalog_textarea;attr_gr_6;0;"textarea ea delectus";"textarea sed sint";0;0;;;
attr_242;pim_catalog_multiselect;attr_gr_3;0;"multiselect libero maxime";"multiselect cum vitae";0;0;;;
attr_243;pim_catalog_image;attr_gr_16;0;"image nam vel";"image officiis illum";1;0;jpg,pdf;;
attr_244;pim_catalog_simpleselect;attr_gr_12;0;"simpleselect nulla nobis";"simpleselect neque tempore";0;0;;;
attr_245;pim_catalog_multiselect;attr_gr_14;0;"multiselect et at";"multiselect facilis asperiores";0;0;;;
attr_246;pim_catalog_simpleselect;attr_gr_4;0;"simpleselect possimus consectetur";"simpleselect neque voluptates";0;0;;;
attr_247;pim_catalog_price_collection;attr_gr_2;0;"price_collection molestiae similique";"price_collection sed facere";0;0;;;
attr_248;pim_catalog_number;attr_gr_18;0;"number ut doloribus";"number earum distinctio";1;0;;;
attr_249;pim_catalog_metric;attr_gr_13;0;"metric magni molestias";"metric eos nesciunt";0;0;;Length;METER
attr_250;pim_catalog_file;attr_gr_9;0;"file eum quisquam";"file voluptas error";0;0;jpg,png;;
attr_251;pim_catalog_file;attr_gr_8;0;"file recusandae exercitationem";"file voluptatem deleniti";0;0;pdf,jpg;;
attr_252;pim_catalog_date;attr_gr_9;0;"date omnis iure";"date aspernatur eos";0;0;;;
attr_253;pim_catalog_boolean;attr_gr_8;0;"boolean iusto cupiditate";"boolean libero sunt";0;0;;;
attr_254;pim_catalog_file;attr_gr_3;0;"file eum minima";"file quo hic";0;0;png,pdf;;
attr_255;pim_catalog_simpleselect;attr_gr_13;0;"simpleselect quam odit";"simpleselect esse eos";0;0;;;
attr_256;pim_catalog_date;attr_gr_4;0;"date atque eaque";"date ut nihil";0;0;;;
attr_257;pim_catalog_metric;attr_gr_1;0;"metric ut quo";"metric animi dignissimos";0;0;;Length;METER
attr_258;pim_catalog_multiselect;attr_gr_8;0;"multiselect ut veritatis";"multiselect et tempora";0;0;;;
attr_259;pim_catalog_text;attr_gr_13;0;"text amet nihil";"text corporis nihil";0;0;;;
attr_260;pim_catalog_metric;attr_gr_18;0;"metric quidem ratione";"metric eum nulla";0;0;;Length;METER
attr_261;pim_catalog_price_collection;attr_gr_2;0;"price_collection nobis quos";"price_collection amet culpa";0;0;;;
attr_262;pim_catalog_multiselect;attr_gr_15;0;"multiselect aut exercitationem";"multiselect velit et";0;0;;;
attr_263;pim_catalog_price_collection;attr_gr_18;0;"price_collection dolores expedita";"price_collection placeat sint";0;0;;;
attr_264;pim_catalog_multiselect;attr_gr_5;0;"multiselect accusamus molestiae";"multiselect nobis quia";0;0;;;
attr_265;pim_catalog_price_collection;attr_gr_10;0;"price_collection vero sunt";"price_collection odit sunt";0;0;;;
attr_266;pim_catalog_textarea;attr_gr_3;0;"textarea omnis a";"textarea est iure";0;0;;;
attr_267;pim_catalog_boolean;attr_gr_9;0;"boolean porro labore";"boolean eius provident";0;0;;;
attr_268;pim_catalog_image;attr_gr_10;0;"image consequuntur libero";"image fugiat repellat";0;0;pdf,jpg;;
attr_269;pim_catalog_price_collection;attr_gr_0;0;"price_collection et ullam";"price_collection qui magnam";0;0;;;
attr_270;pim_catalog_boolean;attr_gr_7;0;"boolean quis in";"boolean natus dolores";0;0;;;
attr_271;pim_catalog_boolean;attr_gr_18;0;"boolean asperiores et";"boolean fugit magni";0;0;;;
attr_272;pim_catalog_file;attr_gr_17;0;"file aut harum";"file corporis in";0;0;jpg,pdf;;
attr_273;pim_catalog_price_collection;attr_gr_13;0;"price_collection tempora vitae";"price_collection voluptatem animi";0;1;;;
attr_274;pim_catalog_simpleselect;attr_gr_1;1;"simpleselect veritatis illum";"simpleselect est ut";0;0;;;
attr_275;pim_catalog_file;attr_gr_2;1;"file impedit tempora";"file minus consequatur";0;0;pdf,jpg;;
attr_276;pim_catalog_price_collection;attr_gr_16;0;"price_collection eos sed";"price_collection nostrum esse";0;0;;;
attr_277;pim_catalog_metric;attr_gr_15;0;"metric mollitia id";"metric repudiandae nihil";0;0;;Length;METER
attr_278;pim_catalog_file;attr_gr_2;0;"file vel omnis";"file expedita repudiandae";0;0;jpg,pdf;;
attr_279;pim_catalog_date;attr_gr_10;0;"date rem cum";"date est et";0;0;;;
attr_280;pim_catalog_number;attr_gr_4;1;"number assumenda deserunt";"number explicabo rerum";0;0;;;
attr_281;pim_catalog_file;attr_gr_14;0;"file et dolorem";"file tenetur unde";0;0;jpg,png;;
attr_282;pim_catalog_multiselect;attr_gr_0;0;"multiselect porro illum";"multiselect dolor repellat";0;0;;;
attr_283;pim_catalog_multiselect;attr_gr_10;0;"multiselect voluptas est";"multiselect quam libero";0;0;;;
attr_284;pim_catalog_textarea;attr_gr_19;0;"textarea repudiandae esse";"textarea delectus doloribus";0;0;;;
attr_285;pim_catalog_metric;attr_gr_13;0;"metric et perspiciatis";"metric et rerum";0;0;;Length;METER
attr_286;pim_catalog_date;attr_gr_10;0;"date blanditiis eius";"date vel qui";1;0;;;
attr_287;pim_catalog_number;attr_gr_6;0;"number et inventore";"number repudiandae enim";0;0;;;
attr_288;pim_catalog_number;attr_gr_6;0;"number consectetur est";"number eveniet vel";0;0;;;
attr_289;pim_catalog_multiselect;attr_gr_8;1;"multiselect laborum dolores";"multiselect consequatur ipsum";0;0;;;
attr_290;pim_catalog_price_collection;attr_gr_3;0;"price_collection tempore voluptas";"price_collection ea deleniti";0;0;;;
attr_291;pim_catalog_multiselect;attr_gr_11;0;"multiselect omnis earum";"multiselect sunt minima";0;0;;;
attr_292;pim_catalog_text;attr_gr_12;0;"text aut et";"text ea sit";0;0;;;
attr_293;pim_catalog_metric;attr_gr_8;0;"metric ea quasi";"metric accusamus reprehenderit";0;0;;Length;METER
attr_294;pim_catalog_metric;attr_gr_6;0;"metric omnis sit";"metric et eos";0;0;;Length;METER
attr_295;pim_catalog_metric;attr_gr_6;0;"metric optio esse";"metric quis odit";0;0;;Length;METER
attr_296;pim_catalog_simpleselect;attr_gr_13;0;"simpleselect excepturi incidunt";"simpleselect nobis quam";0;0;;;
attr_297;pim_catalog_number;attr_gr_0;0;"number omnis dolorem";"number nihil neque";0;0;;;
attr_298;pim_catalog_text;attr_gr_8;0;"text et enim";"text id unde";0;0;;;
attr_299;pim_catalog_multiselect;attr_gr_8;0;"multiselect quia sunt";"multiselect at aut";0;0;;;
attr_300;pim_catalog_number;attr_gr_16;0;"number tenetur expedita";"number deleniti at";0;0;;;
attr_301;pim_catalog_boolean;attr_gr_7;0;"boolean enim labore";"boolean deserunt dolorem";0;0;;;
attr_302;pim_catalog_metric;attr_gr_17;0;"metric ut omnis";"metric nam perferendis";0;0;;Length;METER
attr_303;pim_catalog_multiselect;attr_gr_2;0;"multiselect quia eveniet";"multiselect dolorem unde";0;0;;;
attr_304;pim_catalog_price_collection;attr_gr_11;0;"price_collection perferendis eligendi";"price_collection sit ex";0;0;;;
attr_305;pim_catalog_simpleselect;attr_gr_9;0;"simpleselect qui sapiente";"simpleselect id minima";0;0;;;
attr_306;pim_catalog_number;attr_gr_8;0;"number sit quas";"number molestiae deserunt";0;0;;;
attr_307;pim_catalog_image;attr_gr_5;0;"image qui enim";"image aut odio";0;0;png,jpg;;
attr_308;pim_catalog_boolean;attr_gr_13;1;"boolean officiis et";"boolean voluptas doloremque";0;0;;;
attr_309;pim_catalog_textarea;attr_gr_16;1;"textarea id quae";"textarea maiores adipisci";0;0;;;
attr_310;pim_catalog_multiselect;attr_gr_7;0;"multiselect possimus distinctio";"multiselect omnis assumenda";0;0;;;
attr_311;pim_catalog_text;attr_gr_9;0;"text rerum itaque";"text dignissimos veniam";0;0;;;
attr_312;pim_catalog_price_collection;attr_gr_16;0;"price_collection fugit enim";"price_collection eos enim";0;0;;;
attr_313;pim_catalog_price_collection;attr_gr_11;0;"price_collection illo enim";"price_collection voluptatem voluptas";0;0;;;
attr_314;pim_catalog_image;attr_gr_5;0;"image voluptate nobis";"image quae ut";0;0;pdf,jpg;;
attr_315;pim_catalog_simpleselect;attr_gr_7;0;"simpleselect itaque hic";"simpleselect earum rem";0;0;;;
attr_316;pim_catalog_boolean;attr_gr_4;0;"boolean nihil ut";"boolean magnam nihil";0;0;;;
attr_317;pim_catalog_text;attr_gr_17;0;"text praesentium nobis";"text nihil dolorum";0;0;;;
attr_318;pim_catalog_text;attr_gr_11;0;"text quia quo";"text in quos";0;0;;;
attr_319;pim_catalog_textarea;attr_gr_10;0;"textarea quo blanditiis";"textarea iste sit";0;0;;;
attr_320;pim_catalog_text;attr_gr_18;0;"text laboriosam deleniti";"text facilis sed";0;0;;;
attr_321;pim_catalog_boolean;attr_gr_0;0;"boolean velit quia";"boolean dolores ut";0;0;;;
attr_322;pim_catalog_date;attr_gr_4;0;"date dolor nostrum";"date et ut";0;0;;;
attr_323;pim_catalog_number;attr_gr_15;0;"number sit quod";"number exercitationem est";0;0;;;
attr_324;pim_catalog_price_collection;attr_gr_1;0;"price_collection harum officiis";"price_collection dolor ipsam";0;0;;;
attr_325;pim_catalog_simpleselect;attr_gr_0;0;"simpleselect ut aut";"simpleselect eveniet quo";0;0;;;
attr_326;pim_catalog_metric;attr_gr_19;0;"metric aut minima";"metric iure deleniti";0;0;;Length;METER
attr_327;pim_catalog_multiselect;attr_gr_17;0;"multiselect sequi numquam";"multiselect excepturi et";0;0;;;
attr_328;pim_catalog_simpleselect;attr_gr_16;0;"simpleselect iste voluptas";"simpleselect id quia";0;0;;;
attr_329;pim_catalog_number;attr_gr_19;0;"number maiores iusto";"number maxime rerum";0;0;;;
attr_330;pim_catalog_text;attr_gr_0;0;"text iste ullam";"text aut iure";0;0;;;
attr_331;pim_catalog_text;attr_gr_4;0;"text eveniet animi";"text fugit vitae";0;0;;;
attr_332;pim_catalog_text;attr_gr_18;1;"text ut nihil";"text illum in";0;0;;;
attr_333;pim_catalog_multiselect;attr_gr_19;0;"multiselect minus odit";"multiselect ut laborum";0;0;;;
attr_334;pim_catalog_simpleselect;attr_gr_14;0;"simpleselect dolor vel";"simpleselect saepe soluta";0;0;;;
attr_335;pim_catalog_textarea;attr_gr_0;0;"textarea maxime ad";"textarea porro ea";0;0;;;
attr_336;pim_catalog_textarea;attr_gr_16;0;"textarea tempora rerum";"textarea itaque dolorem";0;0;;;
attr_337;pim_catalog_image;attr_gr_11;0;"image et est";"image id maiores";0;0;png,jpg;;
attr_338;pim_catalog_date;attr_gr_9;0;"date aliquid quibusdam";"date magni et";0;0;;;
attr_339;pim_catalog_multiselect;attr_gr_10;1;"multiselect natus vero";"multiselect et nihil";0;0;;;
attr_340;pim_catalog_text;attr_gr_6;1;"text totam quibusdam";"text natus qui";0;0;;;
attr_341;pim_catalog_date;attr_gr_19;1;"date soluta iste";"date deserunt mollitia";0;0;;;
attr_342;pim_catalog_metric;attr_gr_0;0;"metric nihil quas";"metric eos suscipit";0;0;;Length;METER
attr_343;pim_catalog_image;attr_gr_0;0;"image quo maxime";"image est quasi";0;0;jpg,png;;
attr_344;pim_catalog_number;attr_gr_14;0;"number eos corrupti";"number illum ut";0;0;;;
attr_345;pim_catalog_file;attr_gr_3;0;"file dolor ducimus";"file laudantium voluptatibus";0;0;pdf,jpg;;
attr_346;pim_catalog_multiselect;attr_gr_9;1;"multiselect ex tempora";"multiselect ut alias";0;0;;;
attr_347;pim_catalog_multiselect;attr_gr_13;1;"multiselect ducimus dolorum";"multiselect voluptatem autem";0;0;;;
attr_348;pim_catalog_image;attr_gr_4;0;"image eaque architecto";"image aperiam voluptatem";0;0;png,jpg;;
attr_349;pim_catalog_date;attr_gr_19;0;"date ut officiis";"date nisi voluptas";0;1;;;
attr_350;pim_catalog_simpleselect;attr_gr_10;0;"simpleselect et vitae";"simpleselect harum dolor";0;0;;;
attr_351;pim_catalog_boolean;attr_gr_6;0;"boolean qui est";"boolean eveniet sed";0;0;;;
attr_352;pim_catalog_text;attr_gr_16;0;"text natus numquam";"text repellendus illo";0;0;;;
attr_353;pim_catalog_image;attr_gr_0;0;"image qui omnis";"image qui provident";0;0;png,jpg;;
attr_354;pim_catalog_date;attr_gr_2;1;"date minima magnam";"date molestiae quo";0;0;;;
attr_355;pim_catalog_date;attr_gr_2;0;"date quas aspernatur";"date labore iusto";0;0;;;
attr_356;pim_catalog_date;attr_gr_7;0;"date natus enim";"date dolor rerum";0;0;;;
attr_357;pim_catalog_price_collection;attr_gr_3;0;"price_collection in cumque";"price_collection aut nihil";0;0;;;
attr_358;pim_catalog_image;attr_gr_5;0;"image ducimus nobis";"image sit magnam";0;0;pdf,jpg;;
attr_359;pim_catalog_metric;attr_gr_18;0;"metric architecto nostrum";"metric veritatis a";0;0;;Length;METER
attr_360;pim_catalog_number;attr_gr_11;0;"number sequi quia";"number molestias aut";0;0;;;
attr_361;pim_catalog_multiselect;attr_gr_16;0;"multiselect et eaque";"multiselect esse aut";0;0;;;
attr_362;pim_catalog_date;attr_gr_7;0;"date eum eaque";"date magni cum";0;0;;;
attr_363;pim_catalog_multiselect;attr_gr_0;0;"multiselect quas repellat";"multiselect ea cupiditate";0;0;;;
attr_364;pim_catalog_date;attr_gr_11;0;"date sed iste";"date mollitia voluptatum";0;0;;;
attr_365;pim_catalog_price_collection;attr_gr_9;0;"price_collection reprehenderit iste";"price_collection alias quia";0;0;;;
attr_366;pim_catalog_boolean;attr_gr_5;0;"boolean omnis ut";"boolean ut labore";0;0;;;
attr_367;pim_catalog_file;attr_gr_11;0;"file enim sint";"file quia rerum";0;0;png,jpg;;
attr_368;pim_catalog_number;attr_gr_5;1;"number animi eum";"number quo ducimus";0;0;;;
attr_369;pim_catalog_textarea;attr_gr_0;0;"textarea error ea";"textarea facere perferendis";0;0;;;
attr_370;pim_catalog_simpleselect;attr_gr_12;0;"simpleselect natus optio";"simpleselect dignissimos rerum";0;0;;;
attr_371;pim_catalog_file;attr_gr_5;0;"file et nemo";"file nisi aut";0;0;png,jpg;;
attr_372;pim_catalog_file;attr_gr_19;0;"file non in";"file suscipit molestiae";0;0;pdf,png;;
attr_373;pim_catalog_number;attr_gr_17;0;"number et exercitationem";"number sint veritatis";0;0;;;
attr_374;pim_catalog_text;attr_gr_13;0;"text autem consequatur";"text sint vero";0;0;;;
attr_375;pim_catalog_text;attr_gr_11;0;"text doloribus vitae";"text veniam voluptatibus";0;0;;;
attr_376;pim_catalog_image;attr_gr_12;0;"image sit dolor";"image eos at";0;0;png,jpg;;
attr_377;pim_catalog_file;attr_gr_11;0;"file ipsam odio";"file deserunt exercitationem";0;0;png,pdf;;
attr_378;pim_catalog_date;attr_gr_16;0;"date ipsa quos";"date qui dolor";0;0;;;
attr_379;pim_catalog_image;attr_gr_3;0;"image ex voluptate";"image ea voluptates";0;0;jpg,pdf;;
attr_380;pim_catalog_file;attr_gr_19;0;"file rerum et";"file enim sit";0;0;pdf,jpg;;
attr_381;pim_catalog_date;attr_gr_15;0;"date est saepe";"date assumenda deleniti";0;0;;;
attr_382;pim_catalog_date;attr_gr_8;0;"date voluptas est";"date omnis fugit";0;0;;;
attr_383;pim_catalog_text;attr_gr_1;0;"text quas optio";"text quia blanditiis";0;0;;;
attr_384;pim_catalog_image;attr_gr_11;0;"image sequi amet";"image architecto et";0;0;png,pdf;;
attr_385;pim_catalog_price_collection;attr_gr_6;0;"price_collection est sit";"price_collection distinctio impedit";0;0;;;
attr_386;pim_catalog_price_collection;attr_gr_1;0;"price_collection at eum";"price_collection quia excepturi";0;0;;;
attr_387;pim_catalog_date;attr_gr_10;0;"date dolorum beatae";"date consequatur optio";0;0;;;
attr_388;pim_catalog_textarea;attr_gr_4;0;"textarea consectetur a";"textarea nulla aut";0;0;;;
attr_389;pim_catalog_textarea;attr_gr_16;0;"textarea quia quaerat";"textarea et iusto";0;0;;;
attr_390;pim_catalog_boolean;attr_gr_17;1;"boolean sapiente et";"boolean repudiandae similique";0;0;;;
attr_391;pim_catalog_text;attr_gr_18;0;"text nostrum et";"text dicta ea";0;0;;;
attr_392;pim_catalog_text;attr_gr_9;0;"text eius est";"text et eaque";0;0;;;
attr_393;pim_catalog_metric;attr_gr_11;0;"metric ad mollitia";"metric aut eligendi";0;0;;Length;METER
attr_394;pim_catalog_simpleselect;attr_gr_18;1;"simpleselect assumenda minus";"simpleselect similique qui";0;0;;;
attr_395;pim_catalog_image;attr_gr_4;0;"image sapiente nihil";"image id quia";0;0;jpg,png;;
attr_396;pim_catalog_number;attr_gr_14;1;"number qui qui";"number voluptas aut";0;0;;;
attr_397;pim_catalog_multiselect;attr_gr_18;0;"multiselect molestiae ex";"multiselect et eum";0;0;;;
attr_398;pim_catalog_date;attr_gr_2;0;"date in minima";"date dolor repudiandae";0;0;;;
attr_399;pim_catalog_textarea;attr_gr_10;0;"textarea quos impedit";"textarea quaerat delectus";0;0;;;
attr_400;pim_catalog_boolean;attr_gr_2;1;"boolean et ea";"boolean voluptatum rerum";0;0;;;
attr_401;pim_catalog_boolean;attr_gr_8;0;"boolean in aperiam";"boolean quasi ducimus";0;0;;;
attr_402;pim_catalog_multiselect;attr_gr_12;1;"multiselect quae commodi";"multiselect omnis maxime";0;0;;;
attr_403;pim_catalog_textarea;attr_gr_9;0;"textarea ea natus";"textarea omnis et";0;0;;;
attr_404;pim_catalog_image;attr_gr_19;1;"image molestias pariatur";"image temporibus deserunt";0;0;pdf,png;;
attr_405;pim_catalog_textarea;attr_gr_14;0;"textarea quia minima";"textarea non odit";0;0;;;
attr_406;pim_catalog_boolean;attr_gr_6;0;"boolean rerum aut";"boolean asperiores dolore";0;0;;;
attr_407;pim_catalog_multiselect;attr_gr_19;0;"multiselect quo nihil";"multiselect minus sed";0;0;;;
attr_408;pim_catalog_textarea;attr_gr_10;0;"textarea omnis harum";"textarea corrupti odit";0;0;;;
attr_409;pim_catalog_date;attr_gr_12;0;"date reiciendis praesentium";"date magnam maxime";0;0;;;
attr_410;pim_catalog_price_collection;attr_gr_13;1;"price_collection nemo ut";"price_collection omnis doloremque";0;0;;;
attr_411;pim_catalog_text;attr_gr_12;0;"text cupiditate ab";"text sit magnam";0;0;;;
attr_412;pim_catalog_textarea;attr_gr_17;0;"textarea pariatur voluptatem";"textarea vero aspernatur";0;0;;;
attr_413;pim_catalog_number;attr_gr_11;0;"number sunt maxime";"number sapiente aut";0;0;;;
attr_414;pim_catalog_image;attr_gr_11;0;"image eveniet consectetur";"image doloribus voluptatem";0;0;png,pdf;;
attr_415;pim_catalog_number;attr_gr_7;0;"number optio inventore";"number quaerat itaque";0;1;;;
attr_416;pim_catalog_price_collection;attr_gr_6;0;"price_collection fuga earum";"price_collection voluptates corporis";0;0;;;
attr_417;pim_catalog_simpleselect;attr_gr_5;0;"simpleselect consequatur eum";"simpleselect optio cum";0;0;;;
attr_418;pim_catalog_price_collection;attr_gr_14;0;"price_collection explicabo reiciendis";"price_collection ut neque";1;0;;;
attr_419;pim_catalog_number;attr_gr_13;0;"number molestiae nihil";"number rem hic";0;0;;;
attr_420;pim_catalog_number;attr_gr_10;0;"number mollitia facere";"number ut expedita";0;0;;;
attr_421;pim_catalog_textarea;attr_gr_16;0;"textarea impedit cupiditate";"textarea sed et";0;0;;;
attr_422;pim_catalog_price_collection;attr_gr_4;0;"price_collection voluptas sit";"price_collection eum repudiandae";0;0;;;
attr_423;pim_catalog_date;attr_gr_4;0;"date maxime adipisci";"date omnis dolores";0;0;;;
attr_424;pim_catalog_boolean;attr_gr_0;0;"boolean quam aspernatur";"boolean dolores inventore";0;1;;;
attr_425;pim_catalog_text;attr_gr_5;0;"text dolor qui";"text consequatur eum";0;0;;;
attr_426;pim_catalog_number;attr_gr_3;0;"number ducimus magni";"number suscipit qui";0;0;;;
attr_427;pim_catalog_simpleselect;attr_gr_16;0;"simpleselect quam sit";"simpleselect quasi inventore";0;0;;;
attr_428;pim_catalog_image;attr_gr_0;0;"image neque et";"image magni qui";0;0;jpg,pdf;;
attr_429;pim_catalog_file;attr_gr_8;0;"file cupiditate beatae";"file enim eum";0;0;png,pdf;;
attr_430;pim_catalog_file;attr_gr_9;0;"file iure culpa";"file sint praesentium";0;0;jpg,pdf;;
attr_431;pim_catalog_simpleselect;attr_gr_19;0;"simpleselect aut accusantium";"simpleselect voluptatibus eaque";0;0;;;
attr_432;pim_catalog_textarea;attr_gr_2;0;"textarea voluptatem ab";"textarea eveniet at";0;0;;;
attr_433;pim_catalog_boolean;attr_gr_10;0;"boolean mollitia perferendis";"boolean dolore delectus";0;0;;;
attr_434;pim_catalog_multiselect;attr_gr_1;0;"multiselect at quidem";"multiselect doloribus aut";0;0;;;
attr_435;pim_catalog_number;attr_gr_8;0;"number molestiae maxime";"number ullam ipsam";0;0;;;
attr_436;pim_catalog_image;attr_gr_17;0;"image odio deleniti";"image unde commodi";0;0;png,jpg;;
attr_437;pim_catalog_date;attr_gr_0;0;"date voluptas et";"date delectus quas";0;0;;;
attr_438;pim_catalog_boolean;attr_gr_10;0;"boolean neque vel";"boolean consequuntur iure";0;0;;;
attr_439;pim_catalog_number;attr_gr_17;0;"number ab nisi";"number saepe in";0;0;;;
attr_440;pim_catalog_multiselect;attr_gr_18;0;"multiselect consectetur eos";"multiselect ipsa deserunt";0;0;;;
attr_441;pim_catalog_image;attr_gr_13;1;"image tempora labore";"image id qui";0;0;jpg,png;;
attr_442;pim_catalog_image;attr_gr_13;0;"image earum voluptatem";"image unde quidem";0;0;jpg,png;;
attr_443;pim_catalog_file;attr_gr_8;0;"file doloremque cupiditate";"file fugit est";0;0;jpg,png;;
attr_444;pim_catalog_text;attr_gr_13;0;"text soluta et";"text quos voluptas";0;0;;;
attr_445;pim_catalog_multiselect;attr_gr_1;1;"multiselect repellendus nesciunt";"multiselect in nihil";0;0;;;
attr_446;pim_catalog_price_collection;attr_gr_15;0;"price_collection consequatur aspernatur";"price_collection non commodi";1;0;;;
attr_447;pim_catalog_textarea;attr_gr_8;0;"textarea at impedit";"textarea animi libero";0;0;;;
attr_448;pim_catalog_simpleselect;attr_gr_11;0;"simpleselect explicabo accusantium";"simpleselect eligendi maxime";0;1;;;
attr_449;pim_catalog_metric;attr_gr_6;0;"metric id rem";"metric error aut";0;0;;Length;METER
attr_450;pim_catalog_metric;attr_gr_16;0;"metric nostrum ut";"metric rerum quia";0;0;;Length;METER
attr_451;pim_catalog_price_collection;attr_gr_17;0;"price_collection perferendis ex";"price_collection ad non";0;0;;;
attr_452;pim_catalog_boolean;attr_gr_18;0;"boolean ut qui";"boolean in error";0;0;;;
attr_453;pim_catalog_file;attr_gr_2;0;"file possimus illo";"file illum et";0;0;jpg,png;;
attr_454;pim_catalog_multiselect;attr_gr_4;1;"multiselect possimus nisi";"multiselect animi tempora";0;0;;;
attr_455;pim_catalog_file;attr_gr_7;0;"file corrupti nesciunt";"file sit ut";0;0;pdf,jpg;;
attr_456;pim_catalog_image;attr_gr_10;0;"image asperiores delectus";"image cupiditate maiores";0;0;pdf,jpg;;
attr_457;pim_catalog_boolean;attr_gr_8;1;"boolean a harum";"boolean sed enim";0;0;;;
attr_458;pim_catalog_number;attr_gr_5;0;"number ut dolores";"number quos laudantium";0;0;;;
attr_459;pim_catalog_boolean;attr_gr_10;0;"boolean voluptates excepturi";"boolean nemo aliquid";0;0;;;
attr_460;pim_catalog_simpleselect;attr_gr_12;0;"simpleselect aperiam dolores";"simpleselect voluptatum aut";0;0;;;
attr_461;pim_catalog_metric;attr_gr_11;0;"metric maiores mollitia";"metric cumque consectetur";0;0;;Length;METER
attr_462;pim_catalog_file;attr_gr_11;1;"file non eveniet";"file iste aperiam";0;0;png,pdf;;
attr_463;pim_catalog_price_collection;attr_gr_18;1;"price_collection ut est";"price_collection explicabo voluptates";0;0;;;
attr_464;pim_catalog_simpleselect;attr_gr_12;0;"simpleselect unde voluptatum";"simpleselect earum rerum";0;0;;;
attr_465;pim_catalog_price_collection;attr_gr_8;0;"price_collection fugiat possimus";"price_collection corporis laudantium";0;0;;;
attr_466;pim_catalog_image;attr_gr_2;1;"image fuga omnis";"image ut dicta";0;0;jpg,pdf;;
attr_467;pim_catalog_textarea;attr_gr_1;0;"textarea occaecati in";"textarea id qui";0;0;;;
attr_468;pim_catalog_file;attr_gr_6;0;"file magnam accusantium";"file quaerat aut";0;0;jpg,png;;
attr_469;pim_catalog_boolean;attr_gr_18;0;"boolean modi numquam";"boolean tenetur a";0;0;;;
attr_470;pim_catalog_image;attr_gr_18;0;"image ipsam id";"image asperiores soluta";0;0;png,jpg;;
attr_471;pim_catalog_metric;attr_gr_0;0;"metric pariatur et";"metric animi vitae";0;0;;Length;METER
attr_472;pim_catalog_metric;attr_gr_14;0;"metric error ipsum";"metric rerum aspernatur";0;0;;Length;METER
attr_473;pim_catalog_price_collection;attr_gr_16;0;"price_collection dolorem rerum";"price_collection repellendus tempore";0;0;;;
attr_474;pim_catalog_file;attr_gr_11;0;"file perferendis atque";"file qui molestiae";0;0;jpg,pdf;;
attr_475;pim_catalog_image;attr_gr_6;1;"image ut ad";"image omnis deleniti";1;0;png,jpg;;
attr_476;pim_catalog_file;attr_gr_13;0;"file ea commodi";"file assumenda magnam";0;0;jpg,pdf;;
attr_477;pim_catalog_price_collection;attr_gr_0;0;"price_collection ipsam et";"price_collection ut maiores";0;0;;;
attr_478;pim_catalog_text;attr_gr_10;0;"text reprehenderit atque";"text quasi aut";0;0;;;
attr_479;pim_catalog_textarea;attr_gr_17;0;"textarea at doloribus";"textarea sunt eum";0;0;;;
attr_480;pim_catalog_image;attr_gr_10;0;"image praesentium totam";"image repudiandae aliquam";0;0;jpg,png;;
attr_481;pim_catalog_file;attr_gr_5;0;"file id et";"file libero aperiam";0;0;png,pdf;;
attr_482;pim_catalog_date;attr_gr_0;0;"date praesentium repellat";"date labore quis";0;0;;;
attr_483;pim_catalog_metric;attr_gr_1;0;"metric non mollitia";"metric quibusdam quod";0;0;;Length;METER
attr_484;pim_catalog_textarea;attr_gr_8;0;"textarea itaque illum";"textarea delectus nam";0;0;;;
attr_485;pim_catalog_boolean;attr_gr_9;0;"boolean molestias voluptatem";"boolean porro occaecati";0;0;;;
attr_486;pim_catalog_textarea;attr_gr_1;0;"textarea est enim";"textarea soluta omnis";0;0;;;
attr_487;pim_catalog_textarea;attr_gr_14;0;"textarea soluta est";"textarea aspernatur nam";0;0;;;
attr_488;pim_catalog_metric;attr_gr_4;0;"metric est molestiae";"metric enim dolores";0;0;;Length;METER
attr_489;pim_catalog_date;attr_gr_19;0;"date maxime voluptatem";"date magnam et";0;0;;;
attr_490;pim_catalog_metric;attr_gr_14;0;"metric quasi placeat";"metric sed quasi";0;0;;Length;METER
attr_491;pim_catalog_metric;attr_gr_14;0;"metric et est";"metric pariatur quae";0;0;;Length;METER
attr_492;pim_catalog_number;attr_gr_17;0;"number labore unde";"number quod dolore";0;0;;;
attr_493;pim_catalog_date;attr_gr_8;0;"date dolores omnis";"date impedit quia";0;1;;;
attr_494;pim_catalog_metric;attr_gr_16;0;"metric voluptatum sint";"metric incidunt voluptatem";0;0;;Length;METER
attr_495;pim_catalog_price_collection;attr_gr_19;0;"price_collection eos similique";"price_collection doloremque praesentium";0;0;;;
attr_496;pim_catalog_number;attr_gr_1;0;"number consequatur sequi";"number ex qui";0;0;;;
attr_497;pim_catalog_metric;attr_gr_10;0;"metric ipsam animi";"metric iste et";0;0;;Length;METER
attr_498;pim_catalog_date;attr_gr_18;0;"date dolor numquam";"date aliquid qui";0;1;;;
attr_499;pim_catalog_metric;attr_gr_4;1;"metric eligendi voluptates";"metric et magnam";0;0;;Length;METER
attr_500;pim_catalog_image;attr_gr_9;0;"image aliquam maiores";"image est labore";0;0;jpg,pdf;;
attr_501;pim_catalog_number;attr_gr_18;0;"number sapiente voluptatem";"number dignissimos quia";0;0;;;
attr_502;pim_catalog_date;attr_gr_0;0;"date id nemo";"date assumenda hic";0;0;;;
attr_503;pim_catalog_boolean;attr_gr_14;0;"boolean dolorem quia";"boolean qui reprehenderit";0;0;;;
attr_504;pim_catalog_file;attr_gr_16;0;"file error debitis";"file ut facere";0;0;png,jpg;;
attr_505;pim_catalog_boolean;attr_gr_11;0;"boolean et animi";"boolean quia distinctio";0;0;;;
attr_506;pim_catalog_simpleselect;attr_gr_6;0;"simpleselect iure dolorem";"simpleselect repellat maiores";0;0;;;
attr_507;pim_catalog_price_collection;attr_gr_2;0;"price_collection impedit illum";"price_collection nulla repudiandae";0;0;;;
attr_508;pim_catalog_file;attr_gr_5;0;"file qui accusamus";"file voluptas beatae";0;0;jpg,png;;
attr_509;pim_catalog_boolean;attr_gr_17;0;"boolean et odit";"boolean vel sit";0;0;;;
attr_510;pim_catalog_boolean;attr_gr_13;0;"boolean laborum consectetur";"boolean corrupti et";0;0;;;
attr_511;pim_catalog_date;attr_gr_7;0;"date voluptas et";"date eum magni";0;0;;;
attr_512;pim_catalog_price_collection;attr_gr_16;0;"price_collection cupiditate modi";"price_collection similique at";0;0;;;
attr_513;pim_catalog_text;attr_gr_9;0;"text nam quam";"text nemo nihil";0;0;;;
attr_514;pim_catalog_date;attr_gr_1;1;"date ab consequatur";"date numquam ut";0;0;;;
attr_515;pim_catalog_textarea;attr_gr_7;0;"textarea quis aut";"textarea officiis quis";0;0;;;
attr_516;pim_catalog_metric;attr_gr_4;0;"metric quis laborum";"metric totam error";0;0;;Length;METER
attr_517;pim_catalog_image;attr_gr_3;0;"image magni excepturi";"image natus nesciunt";0;1;pdf,jpg;;
attr_518;pim_catalog_textarea;attr_gr_5;0;"textarea autem dolor";"textarea necessitatibus minima";0;0;;;
attr_519;pim_catalog_multiselect;attr_gr_0;0;"multiselect dignissimos doloribus";"multiselect aut culpa";0;0;;;
attr_520;pim_catalog_file;attr_gr_17;0;"file sequi architecto";"file hic qui";0;0;pdf,png;;
attr_521;pim_catalog_multiselect;attr_gr_10;0;"multiselect dolores iste";"multiselect placeat non";0;0;;;
attr_522;pim_catalog_boolean;attr_gr_19;0;"boolean eos maiores";"boolean cum voluptates";0;0;;;
attr_523;pim_catalog_number;attr_gr_11;0;"number velit tenetur";"number ea aliquid";0;0;;;
attr_524;pim_catalog_textarea;attr_gr_4;0;"textarea id et";"textarea iure molestias";0;0;;;
attr_525;pim_catalog_boolean;attr_gr_18;0;"boolean repudiandae molestiae";"boolean et et";0;0;;;
attr_526;pim_catalog_simpleselect;attr_gr_13;0;"simpleselect odio consectetur";"simpleselect sint sit";0;0;;;
attr_527;pim_catalog_textarea;attr_gr_6;0;"textarea pariatur ducimus";"textarea error aut";0;0;;;
attr_528;pim_catalog_file;attr_gr_19;0;"file ea atque";"file dolor qui";0;0;jpg,pdf;;
attr_529;pim_catalog_text;attr_gr_4;0;"text vel enim";"text natus deserunt";0;0;;;
attr_530;pim_catalog_multiselect;attr_gr_2;0;"multiselect iste rerum";"multiselect quam iure";0;0;;;
attr_531;pim_catalog_metric;attr_gr_15;0;"metric id nobis";"metric vel error";0;0;;Length;METER
attr_532;pim_catalog_date;attr_gr_2;0;"date culpa rem";"date esse corporis";0;0;;;
attr_533;pim_catalog_simpleselect;attr_gr_3;1;"simpleselect aut similique";"simpleselect vel tenetur";0;0;;;
attr_534;pim_catalog_price_collection;attr_gr_7;1;"price_collection sit error";"price_collection voluptatem et";0;0;;;
attr_535;pim_catalog_textarea;attr_gr_10;0;"textarea molestias quo";"textarea id harum";0;0;;;
attr_536;pim_catalog_multiselect;attr_gr_12;0;"multiselect reiciendis distinctio";"multiselect velit praesentium";0;0;;;
attr_537;pim_catalog_multiselect;attr_gr_6;1;"multiselect fuga vero";"multiselect et adipisci";0;0;;;
attr_538;pim_catalog_multiselect;attr_gr_6;1;"multiselect esse fugiat";"multiselect voluptatem possimus";0;0;;;
attr_539;pim_catalog_textarea;attr_gr_12;0;"textarea atque molestiae";"textarea occaecati quam";0;0;;;
attr_540;pim_catalog_price_collection;attr_gr_16;0;"price_collection ut molestiae";"price_collection nemo sit";0;0;;;
attr_541;pim_catalog_multiselect;attr_gr_11;0;"multiselect autem doloremque";"multiselect dolores magnam";0;0;;;
attr_542;pim_catalog_date;attr_gr_17;0;"date sequi laudantium";"date est odio";0;0;;;
attr_543;pim_catalog_date;attr_gr_1;1;"date quis ipsam";"date saepe non";0;0;;;
attr_544;pim_catalog_number;attr_gr_12;0;"number autem suscipit";"number ut et";0;0;;;
attr_545;pim_catalog_textarea;attr_gr_14;0;"textarea eos tenetur";"textarea optio ut";0;0;;;
attr_546;pim_catalog_textarea;attr_gr_19;0;"textarea eius magnam";"textarea hic autem";0;0;;;
attr_547;pim_catalog_textarea;attr_gr_1;0;"textarea ipsa quae";"textarea nulla maiores";0;0;;;
attr_548;pim_catalog_image;attr_gr_0;0;"image accusantium aut";"image delectus corrupti";0;0;pdf,png;;
attr_549;pim_catalog_number;attr_gr_2;0;"number ipsam molestiae";"number dolor vel";0;0;;;
attr_550;pim_catalog_image;attr_gr_16;0;"image ipsam molestias";"image amet magni";0;0;png,jpg;;
attr_551;pim_catalog_simpleselect;attr_gr_14;0;"simpleselect culpa consectetur";"simpleselect praesentium quisquam";0;0;;;
attr_552;pim_catalog_multiselect;attr_gr_15;0;"multiselect tempore deleniti";"multiselect dolores numquam";0;0;;;
attr_553;pim_catalog_number;attr_gr_13;0;"number et suscipit";"number sunt sed";0;0;;;
attr_554;pim_catalog_image;attr_gr_18;0;"image alias dolor";"image aut et";0;0;png,pdf;;
attr_555;pim_catalog_image;attr_gr_2;0;"image est nostrum";"image optio dolor";0;0;jpg,pdf;;
attr_556;pim_catalog_metric;attr_gr_7;0;"metric cupiditate ex";"metric id repellendus";0;0;;Length;METER
attr_557;pim_catalog_number;attr_gr_8;0;"number voluptates eligendi";"number est sit";0;0;;;
attr_558;pim_catalog_boolean;attr_gr_19;0;"boolean quam sed";"boolean nisi in";0;0;;;
attr_559;pim_catalog_multiselect;attr_gr_1;0;"multiselect nam ullam";"multiselect delectus deleniti";0;0;;;
attr_560;pim_catalog_date;attr_gr_2;0;"date quod blanditiis";"date cumque facilis";0;0;;;
attr_561;pim_catalog_boolean;attr_gr_11;0;"boolean ut beatae";"boolean dolor voluptatem";0;0;;;
attr_562;pim_catalog_number;attr_gr_6;0;"number laboriosam autem";"number ipsum assumenda";0;0;;;
attr_563;pim_catalog_textarea;attr_gr_7;0;"textarea esse quis";"textarea et impedit";0;0;;;
attr_564;pim_catalog_simpleselect;attr_gr_11;0;"simpleselect porro voluptas";"simpleselect voluptate nulla";0;0;;;
attr_565;pim_catalog_multiselect;attr_gr_10;0;"multiselect omnis occaecati";"multiselect accusantium quas";1;0;;;
attr_566;pim_catalog_file;attr_gr_6;0;"file laudantium est";"file dolorum ab";0;0;pdf,jpg;;
attr_567;pim_catalog_number;attr_gr_11;0;"number sit quo";"number odit quo";0;0;;;
attr_568;pim_catalog_textarea;attr_gr_9;0;"textarea fugiat fugiat";"textarea voluptatum magni";0;0;;;
attr_569;pim_catalog_file;attr_gr_3;0;"file perferendis temporibus";"file rerum eligendi";0;0;jpg,pdf;;
attr_570;pim_catalog_simpleselect;attr_gr_14;0;"simpleselect aut neque";"simpleselect error harum";0;0;;;
attr_571;pim_catalog_boolean;attr_gr_12;0;"boolean placeat blanditiis";"boolean cum ipsum";0;0;;;
attr_572;pim_catalog_simpleselect;attr_gr_19;0;"simpleselect eligendi non";"simpleselect ipsum facilis";0;0;;;
attr_573;pim_catalog_file;attr_gr_6;0;"file eum eligendi";"file ea sit";0;0;jpg,pdf;;
attr_574;pim_catalog_number;attr_gr_10;0;"number praesentium molestiae";"number dolorem voluptatem";0;0;;;
attr_575;pim_catalog_boolean;attr_gr_14;0;"boolean tempore quae";"boolean non facere";0;0;;;
attr_576;pim_catalog_file;attr_gr_4;0;"file quasi omnis";"file sint mollitia";0;0;pdf,png;;
attr_577;pim_catalog_image;attr_gr_2;0;"image at perspiciatis";"image quo corporis";0;0;jpg,pdf;;
attr_578;pim_catalog_metric;attr_gr_3;0;"metric ut praesentium";"metric quaerat odit";0;0;;Length;METER
attr_579;pim_catalog_multiselect;attr_gr_14;1;"multiselect omnis beatae";"multiselect quia sed";0;0;;;
attr_580;pim_catalog_textarea;attr_gr_3;0;"textarea velit et";"textarea rerum pariatur";0;0;;;
attr_581;pim_catalog_simpleselect;attr_gr_5;0;"simpleselect eius fugit";"simpleselect earum placeat";0;0;;;
attr_582;pim_catalog_simpleselect;attr_gr_9;0;"simpleselect itaque illo";"simpleselect vero quae";0;0;;;
attr_583;pim_catalog_simpleselect;attr_gr_3;0;"simpleselect animi soluta";"simpleselect rerum nemo";0;0;;;
attr_584;pim_catalog_image;attr_gr_10;0;"image officiis sed";"image dolorem sunt";0;0;pdf,jpg;;
attr_585;pim_catalog_multiselect;attr_gr_1;1;"multiselect omnis repellat";"multiselect esse sit";0;0;;;
attr_586;pim_catalog_multiselect;attr_gr_15;0;"multiselect maxime rerum";"multiselect sit ex";0;0;;;
attr_587;pim_catalog_textarea;attr_gr_18;0;"textarea ad et";"textarea ratione necessitatibus";0;0;;;
attr_588;pim_catalog_price_collection;attr_gr_18;0;"price_collection sint sequi";"price_collection nulla possimus";0;0;;;
attr_589;pim_catalog_text;attr_gr_18;1;"text eligendi qui";"text culpa rerum";0;0;;;
attr_590;pim_catalog_number;attr_gr_5;0;"number mollitia vitae";"number nisi minima";0;0;;;
attr_591;pim_catalog_simpleselect;attr_gr_9;0;"simpleselect repellendus harum";"simpleselect enim explicabo";0;0;;;
attr_592;pim_catalog_text;attr_gr_5;0;"text eos iure";"text iure in";0;0;;;
attr_593;pim_catalog_price_collection;attr_gr_15;0;"price_collection facere ex";"price_collection tenetur cum";0;0;;;
attr_594;pim_catalog_text;attr_gr_19;0;"text vitae consequatur";"text atque exercitationem";0;0;;;
attr_595;pim_catalog_multiselect;attr_gr_4;0;"multiselect non suscipit";"multiselect aliquam voluptas";0;0;;;
attr_596;pim_catalog_image;attr_gr_17;0;"image qui eum";"image in nesciunt";0;0;jpg,pdf;;
attr_597;pim_catalog_text;attr_gr_9;0;"text quidem reprehenderit";"text odit minima";0;0;;;
attr_598;pim_catalog_metric;attr_gr_10;0;"metric non aut";"metric commodi consequuntur";0;0;;Length;METER
attr_599;pim_catalog_multiselect;attr_gr_2;0;"multiselect incidunt eius";"multiselect culpa sit";0;0;;;
attr_600;pim_catalog_file;attr_gr_8;0;"file velit assumenda";"file et non";0;0;jpg,png;;
attr_601;pim_catalog_text;attr_gr_18;0;"text nostrum quos";"text aspernatur ea";0;0;;;
attr_602;pim_catalog_boolean;attr_gr_0;1;"boolean sit dignissimos";"boolean autem sed";0;0;;;
attr_603;pim_catalog_image;attr_gr_14;0;"image illum expedita";"image est doloribus";0;0;pdf,png;;
attr_604;pim_catalog_price_collection;attr_gr_16;0;"price_collection repellendus facilis";"price_collection consequatur error";0;0;;;
attr_605;pim_catalog_textarea;attr_gr_6;0;"textarea fugit sed";"textarea quia voluptatibus";0;0;;;
attr_606;pim_catalog_textarea;attr_gr_17;1;"textarea eum totam";"textarea nihil omnis";0;0;;;
attr_607;pim_catalog_textarea;attr_gr_13;1;"textarea dolorum doloribus";"textarea repellendus porro";0;0;;;
attr_608;pim_catalog_text;attr_gr_9;1;"text in nihil";"text aut quo";0;0;;;
attr_609;pim_catalog_text;attr_gr_6;0;"text a fugiat";"text sunt dignissimos";0;0;;;
attr_610;pim_catalog_file;attr_gr_14;0;"file rerum ut";"file nihil nesciunt";0;0;pdf,jpg;;
attr_611;pim_catalog_boolean;attr_gr_15;0;"boolean est quae";"boolean accusantium sit";0;0;;;
attr_612;pim_catalog_simpleselect;attr_gr_18;1;"simpleselect distinctio voluptatem";"simpleselect ratione accusantium";0;0;;;
attr_613;pim_catalog_image;attr_gr_2;0;"image ex accusamus";"image nesciunt asperiores";0;0;pdf,png;;
attr_614;pim_catalog_file;attr_gr_1;0;"file natus eius";"file sapiente quia";0;0;jpg,png;;
attr_615;pim_catalog_date;attr_gr_12;0;"date dolor optio";"date quidem saepe";0;0;;;
attr_616;pim_catalog_price_collection;attr_gr_14;0;"price_collection eaque eos";"price_collection explicabo delectus";0;0;;;
attr_617;pim_catalog_multiselect;attr_gr_13;1;"multiselect est perspiciatis";"multiselect et quia";0;0;;;
attr_618;pim_catalog_number;attr_gr_17;0;"number est aliquid";"number ut eos";0;0;;;
attr_619;pim_catalog_textarea;attr_gr_9;0;"textarea doloribus unde";"textarea velit voluptate";0;0;;;
attr_620;pim_catalog_text;attr_gr_1;0;"text cupiditate harum";"text adipisci magni";0;0;;;
attr_621;pim_catalog_textarea;attr_gr_19;0;"textarea doloremque consequatur";"textarea illo placeat";0;0;;;
attr_622;pim_catalog_date;attr_gr_11;0;"date eveniet quisquam";"date sed in";0;0;;;
attr_623;pim_catalog_image;attr_gr_3;1;"image alias sunt";"image error unde";0;0;pdf,png;;
attr_624;pim_catalog_textarea;attr_gr_7;0;"textarea rerum quo";"textarea dolorem amet";0;0;;;
attr_625;pim_catalog_file;attr_gr_5;0;"file dolorem similique";"file repellat consectetur";0;0;png,jpg;;
attr_626;pim_catalog_multiselect;attr_gr_17;0;"multiselect ut vel";"multiselect minus suscipit";0;0;;;
attr_627;pim_catalog_metric;attr_gr_17;0;"metric dolore enim";"metric velit qui";0;0;;Length;METER
attr_628;pim_catalog_multiselect;attr_gr_3;0;"multiselect quasi rerum";"multiselect minima dolorem";0;0;;;
attr_629;pim_catalog_price_collection;attr_gr_3;0;"price_collection consequuntur veritatis";"price_collection sunt animi";1;0;;;
attr_630;pim_catalog_number;attr_gr_0;0;"number ut aut";"number voluptas sed";0;0;;;
attr_631;pim_catalog_metric;attr_gr_17;0;"metric recusandae quod";"metric numquam nisi";0;0;;Length;METER
attr_632;pim_catalog_text;attr_gr_19;0;"text labore nesciunt";"text perspiciatis qui";0;0;;;
attr_633;pim_catalog_file;attr_gr_4;0;"file dolor error";"file delectus maxime";0;0;jpg,pdf;;
attr_634;pim_catalog_text;attr_gr_19;0;"text quisquam non";"text voluptas est";0;0;;;
attr_635;pim_catalog_metric;attr_gr_13;0;"metric laboriosam nam";"metric omnis quod";0;0;;Length;METER
attr_636;pim_catalog_date;attr_gr_8;0;"date enim et";"date rem sunt";0;0;;;
attr_637;pim_catalog_image;attr_gr_6;0;"image eum repudiandae";"image voluptatem dolor";0;0;png,jpg;;
attr_638;pim_catalog_metric;attr_gr_11;0;"metric quidem repudiandae";"metric nihil in";0;0;;Length;METER
attr_639;pim_catalog_file;attr_gr_13;0;"file qui voluptate";"file sed eaque";0;0;jpg,pdf;;
attr_640;pim_catalog_textarea;attr_gr_10;0;"textarea quod minus";"textarea mollitia quae";0;0;;;
attr_641;pim_catalog_number;attr_gr_4;1;"number quae quidem";"number qui quo";0;0;;;
attr_642;pim_catalog_simpleselect;attr_gr_11;0;"simpleselect id sit";"simpleselect incidunt eum";0;0;;;
attr_643;pim_catalog_textarea;attr_gr_14;0;"textarea ut vero";"textarea cupiditate architecto";0;0;;;
attr_644;pim_catalog_simpleselect;attr_gr_7;0;"simpleselect excepturi facilis";"simpleselect id dolor";0;0;;;
attr_645;pim_catalog_text;attr_gr_15;0;"text ab ut";"text necessitatibus officiis";1;0;;;
attr_646;pim_catalog_number;attr_gr_14;0;"number veniam doloremque";"number recusandae est";0;0;;;
attr_647;pim_catalog_file;attr_gr_15;0;"file tempore et";"file ad reprehenderit";0;0;jpg,png;;
attr_648;pim_catalog_image;attr_gr_6;0;"image tenetur aut";"image unde doloremque";0;0;pdf,png;;
attr_649;pim_catalog_file;attr_gr_19;0;"file corrupti vel";"file quaerat pariatur";0;0;png,pdf;;
attr_650;pim_catalog_simpleselect;attr_gr_1;0;"simpleselect quas rerum";"simpleselect aliquid ut";0;0;;;
attr_651;pim_catalog_file;attr_gr_14;0;"file ratione quia";"file nihil qui";0;0;jpg,png;;
attr_652;pim_catalog_number;attr_gr_6;0;"number eos sint";"number vero voluptatibus";0;0;;;
attr_653;pim_catalog_boolean;attr_gr_8;1;"boolean eos mollitia";"boolean illo quibusdam";0;0;;;
attr_654;pim_catalog_metric;attr_gr_6;1;"metric animi expedita";"metric quo laboriosam";0;0;;Length;METER
attr_655;pim_catalog_textarea;attr_gr_8;0;"textarea et voluptatem";"textarea labore illum";0;0;;;
attr_656;pim_catalog_date;attr_gr_18;0;"date aperiam asperiores";"date sunt et";0;0;;;
attr_657;pim_catalog_simpleselect;attr_gr_19;0;"simpleselect sequi aliquam";"simpleselect nihil repellat";0;0;;;
attr_658;pim_catalog_date;attr_gr_11;0;"date saepe rem";"date sint error";0;0;;;
attr_659;pim_catalog_metric;attr_gr_11;0;"metric ipsa omnis";"metric ut ab";0;0;;Length;METER
attr_660;pim_catalog_number;attr_gr_3;0;"number eos sit";"number odit eaque";0;0;;;
attr_661;pim_catalog_metric;attr_gr_0;0;"metric ipsa blanditiis";"metric debitis assumenda";0;0;;Length;METER
attr_662;pim_catalog_multiselect;attr_gr_16;1;"multiselect possimus corrupti";"multiselect voluptatem voluptatem";0;0;;;
attr_663;pim_catalog_textarea;attr_gr_8;0;"textarea eaque necessitatibus";"textarea alias eveniet";0;0;;;
attr_664;pim_catalog_image;attr_gr_1;0;"image cum saepe";"image ea qui";0;0;pdf,jpg;;
attr_665;pim_catalog_date;attr_gr_2;0;"date ut consectetur";"date eos est";0;0;;;
attr_666;pim_catalog_multiselect;attr_gr_8;1;"multiselect eum dolorem";"multiselect quasi unde";0;0;;;
attr_667;pim_catalog_image;attr_gr_6;0;"image dignissimos dolores";"image ut rerum";0;0;png,pdf;;
attr_668;pim_catalog_text;attr_gr_4;0;"text minima optio";"text sint id";0;0;;;
attr_669;pim_catalog_textarea;attr_gr_19;0;"textarea consequatur vitae";"textarea modi id";0;0;;;
attr_670;pim_catalog_multiselect;attr_gr_15;1;"multiselect et reiciendis";"multiselect libero qui";0;0;;;
attr_671;pim_catalog_price_collection;attr_gr_0;0;"price_collection quia aperiam";"price_collection sed dolorem";0;0;;;
attr_672;pim_catalog_multiselect;attr_gr_12;0;"multiselect enim placeat";"multiselect laborum sint";0;0;;;
attr_673;pim_catalog_text;attr_gr_18;0;"text id tempore";"text aliquid consequatur";0;0;;;
attr_674;pim_catalog_simpleselect;attr_gr_17;1;"simpleselect quas voluptas";"simpleselect et quasi";0;0;;;
attr_675;pim_catalog_date;attr_gr_17;0;"date quia illum";"date odio voluptate";0;0;;;
attr_676;pim_catalog_boolean;attr_gr_1;1;"boolean voluptas vel";"boolean voluptate soluta";0;0;;;
attr_677;pim_catalog_multiselect;attr_gr_18;0;"multiselect ut rerum";"multiselect omnis quia";0;0;;;
attr_678;pim_catalog_number;attr_gr_8;0;"number unde est";"number fuga eaque";0;0;;;
attr_679;pim_catalog_image;attr_gr_17;0;"image tempora libero";"image quia qui";0;0;jpg,pdf;;
attr_680;pim_catalog_date;attr_gr_2;0;"date vero eius";"date saepe natus";0;0;;;
attr_681;pim_catalog_image;attr_gr_4;0;"image voluptatem eum";"image sed ut";1;0;png,jpg;;
attr_682;pim_catalog_text;attr_gr_2;0;"text voluptatibus facilis";"text eum ea";0;0;;;
attr_683;pim_catalog_textarea;attr_gr_10;0;"textarea et ut";"textarea sed est";0;0;;;
attr_684;pim_catalog_simpleselect;attr_gr_13;0;"simpleselect reiciendis quos";"simpleselect in maiores";0;0;;;
attr_685;pim_catalog_simpleselect;attr_gr_9;0;"simpleselect consequatur quis";"simpleselect itaque et";0;0;;;
attr_686;pim_catalog_date;attr_gr_4;0;"date non dolores";"date beatae dolor";0;0;;;
attr_687;pim_catalog_number;attr_gr_4;1;"number qui est";"number reiciendis deleniti";0;0;;;
attr_688;pim_catalog_price_collection;attr_gr_7;0;"price_collection doloremque exercitationem";"price_collection quia ut";0;0;;;
attr_689;pim_catalog_metric;attr_gr_0;0;"metric dolore nihil";"metric voluptas hic";0;0;;Length;METER
attr_690;pim_catalog_multiselect;attr_gr_0;0;"multiselect et sequi";"multiselect minus dolor";0;0;;;
attr_691;pim_catalog_number;attr_gr_7;0;"number in odit";"number reprehenderit rerum";0;0;;;
attr_692;pim_catalog_date;attr_gr_6;0;"date dolores eaque";"date consequatur quia";0;0;;;
attr_693;pim_catalog_image;attr_gr_8;0;"image possimus non";"image dolores quos";0;0;jpg,png;;
attr_694;pim_catalog_simpleselect;attr_gr_17;0;"simpleselect molestias culpa";"simpleselect quis laudantium";0;0;;;
attr_695;pim_catalog_textarea;attr_gr_19;0;"textarea incidunt minus";"textarea numquam itaque";0;0;;;
attr_696;pim_catalog_price_collection;attr_gr_19;0;"price_collection autem similique";"price_collection quos autem";0;0;;;
attr_697;pim_catalog_metric;attr_gr_6;0;"metric quasi cum";"metric eum aliquid";0;0;;Length;METER
attr_698;pim_catalog_boolean;attr_gr_19;0;"boolean quo praesentium";"boolean ut dolorem";0;0;;;
attr_699;pim_catalog_price_collection;attr_gr_10;0;"price_collection harum quo";"price_collection distinctio natus";0;0;;;
attr_700;pim_catalog_text;attr_gr_17;0;"text quis vel";"text exercitationem ullam";0;0;;;
attr_701;pim_catalog_date;attr_gr_6;0;"date minus dolores";"date ratione ducimus";0;0;;;
attr_702;pim_catalog_image;attr_gr_9;0;"image perferendis ad";"image repellat vitae";0;0;jpg,pdf;;
attr_703;pim_catalog_metric;attr_gr_3;0;"metric non laboriosam";"metric et quisquam";0;0;;Length;METER
attr_704;pim_catalog_multiselect;attr_gr_9;1;"multiselect ut tenetur";"multiselect dolore voluptate";0;0;;;
attr_705;pim_catalog_boolean;attr_gr_17;0;"boolean impedit minima";"boolean molestiae ea";0;0;;;
attr_706;pim_catalog_price_collection;attr_gr_3;1;"price_collection voluptatem facilis";"price_collection cupiditate quod";0;0;;;
attr_707;pim_catalog_file;attr_gr_2;0;"file illo neque";"file dolorem et";0;0;pdf,png;;
attr_708;pim_catalog_boolean;attr_gr_10;0;"boolean porro fuga";"boolean iure et";0;0;;;
attr_709;pim_catalog_textarea;attr_gr_13;0;"textarea praesentium sapiente";"textarea officiis incidunt";0;0;;;
attr_710;pim_catalog_text;attr_gr_4;0;"text dolores in";"text expedita aut";1;0;;;
attr_711;pim_catalog_multiselect;attr_gr_11;0;"multiselect excepturi sit";"multiselect voluptas illum";0;0;;;
attr_712;pim_catalog_file;attr_gr_19;0;"file maxime esse";"file blanditiis at";1;0;png,pdf;;
attr_713;pim_catalog_price_collection;attr_gr_9;0;"price_collection sequi et";"price_collection voluptas quia";0;0;;;
attr_714;pim_catalog_price_collection;attr_gr_5;0;"price_collection quaerat et";"price_collection qui harum";0;0;;;
attr_715;pim_catalog_file;attr_gr_15;0;"file eveniet id";"file unde non";0;0;png,jpg;;
attr_716;pim_catalog_date;attr_gr_1;0;"date error et";"date asperiores ipsa";0;0;;;
attr_717;pim_catalog_number;attr_gr_17;0;"number porro ut";"number fugiat dignissimos";0;0;;;
attr_718;pim_catalog_boolean;attr_gr_4;0;"boolean modi necessitatibus";"boolean animi nostrum";0;0;;;
attr_719;pim_catalog_metric;attr_gr_14;0;"metric quae occaecati";"metric magnam corrupti";0;0;;Length;METER
attr_720;pim_catalog_text;attr_gr_5;0;"text doloribus unde";"text velit libero";0;0;;;
attr_721;pim_catalog_date;attr_gr_8;1;"date dolores beatae";"date quia quod";0;0;;;
attr_722;pim_catalog_number;attr_gr_17;0;"number harum et";"number sapiente culpa";0;0;;;
attr_723;pim_catalog_image;attr_gr_7;0;"image sed est";"image ea mollitia";0;0;png,pdf;;
attr_724;pim_catalog_boolean;attr_gr_7;0;"boolean ut non";"boolean aut deserunt";0;0;;;
attr_725;pim_catalog_number;attr_gr_2;0;"number maxime pariatur";"number ipsam eius";0;0;;;
attr_726;pim_catalog_text;attr_gr_15;1;"text quasi et";"text molestiae et";0;0;;;
attr_727;pim_catalog_metric;attr_gr_2;1;"metric vel eligendi";"metric unde et";0;0;;Length;METER
attr_728;pim_catalog_date;attr_gr_15;0;"date consequatur tempora";"date vero placeat";0;0;;;
attr_729;pim_catalog_file;attr_gr_6;0;"file quisquam cupiditate";"file adipisci consequatur";0;0;png,jpg;;
attr_730;pim_catalog_price_collection;attr_gr_2;0;"price_collection tempora dolorum";"price_collection suscipit mollitia";0;0;;;
attr_731;pim_catalog_metric;attr_gr_6;0;"metric atque fuga";"metric nesciunt aut";0;0;;Length;METER
attr_732;pim_catalog_boolean;attr_gr_8;0;"boolean nesciunt placeat";"boolean sunt expedita";0;0;;;
attr_733;pim_catalog_price_collection;attr_gr_3;0;"price_collection a aut";"price_collection ut quaerat";0;0;;;
attr_734;pim_catalog_simpleselect;attr_gr_11;0;"simpleselect ullam illum";"simpleselect natus in";0;0;;;
attr_735;pim_catalog_simpleselect;attr_gr_11;0;"simpleselect quia ipsam";"simpleselect velit labore";0;0;;;
attr_736;pim_catalog_number;attr_gr_16;0;"number adipisci aut";"number et harum";0;0;;;
attr_737;pim_catalog_date;attr_gr_17;0;"date reiciendis enim";"date ipsa corporis";0;0;;;
attr_738;pim_catalog_date;attr_gr_8;0;"date unde rerum";"date quia itaque";0;0;;;
attr_739;pim_catalog_file;attr_gr_13;1;"file vel consequatur";"file amet ab";0;0;pdf,jpg;;
attr_740;pim_catalog_price_collection;attr_gr_14;0;"price_collection quis inventore";"price_collection quidem repellat";0;0;;;
attr_741;pim_catalog_image;attr_gr_19;0;"image et minus";"image et doloribus";0;0;pdf,png;;
attr_742;pim_catalog_metric;attr_gr_7;0;"metric ipsa tempora";"metric cumque iste";0;0;;Length;METER
attr_743;pim_catalog_image;attr_gr_15;0;"image assumenda consectetur";"image ab delectus";0;0;jpg,png;;
attr_744;pim_catalog_date;attr_gr_7;1;"date laboriosam consectetur";"date in aliquid";0;0;;;
attr_745;pim_catalog_image;attr_gr_0;0;"image velit ut";"image soluta tempore";0;0;png,jpg;;
attr_746;pim_catalog_metric;attr_gr_18;1;"metric provident doloribus";"metric rerum tempora";0;0;;Length;METER
attr_747;pim_catalog_simpleselect;attr_gr_18;1;"simpleselect tenetur ea";"simpleselect error rerum";0;0;;;
attr_748;pim_catalog_metric;attr_gr_9;0;"metric non quo";"metric molestiae esse";0;0;;Length;METER
attr_749;pim_catalog_simpleselect;attr_gr_13;0;"simpleselect excepturi accusantium";"simpleselect quidem reprehenderit";0;0;;;
attr_750;pim_catalog_metric;attr_gr_14;0;"metric odit doloribus";"metric cum ipsa";0;0;;Length;METER
attr_751;pim_catalog_date;attr_gr_11;0;"date explicabo sit";"date nesciunt et";0;0;;;
attr_752;pim_catalog_multiselect;attr_gr_11;0;"multiselect voluptatum voluptatem";"multiselect ab corrupti";0;0;;;
attr_753;pim_catalog_metric;attr_gr_2;0;"metric minus a";"metric eum consequatur";0;0;;Length;METER
attr_754;pim_catalog_multiselect;attr_gr_11;1;"multiselect pariatur rerum";"multiselect quidem eos";0;0;;;
attr_755;pim_catalog_multiselect;attr_gr_11;1;"multiselect sit quod";"multiselect rerum sit";0;0;;;
attr_756;pim_catalog_image;attr_gr_10;0;"image voluptate enim";"image quis sit";0;0;pdf,jpg;;
attr_757;pim_catalog_text;attr_gr_16;0;"text aut a";"text accusantium praesentium";0;0;;;
attr_758;pim_catalog_textarea;attr_gr_18;1;"textarea magnam quis";"textarea in mollitia";0;0;;;
attr_759;pim_catalog_boolean;attr_gr_19;0;"boolean maxime eius";"boolean exercitationem laudantium";0;0;;;
attr_760;pim_catalog_textarea;attr_gr_2;0;"textarea non sunt";"textarea aliquid est";0;0;;;
attr_761;pim_catalog_number;attr_gr_17;0;"number rem adipisci";"number assumenda doloribus";1;0;;;
attr_762;pim_catalog_textarea;attr_gr_11;0;"textarea laudantium aliquam";"textarea consequuntur repellat";0;0;;;
attr_763;pim_catalog_multiselect;attr_gr_19;1;"multiselect illo vitae";"multiselect aut quasi";0;0;;;
attr_764;pim_catalog_text;attr_gr_4;0;"text est minima";"text aut sed";1;0;;;
attr_765;pim_catalog_metric;attr_gr_15;0;"metric et eos";"metric beatae culpa";0;0;;Length;METER
attr_766;pim_catalog_text;attr_gr_3;0;"text sed sed";"text sed molestiae";0;0;;;
attr_767;pim_catalog_image;attr_gr_16;0;"image molestiae voluptates";"image cum molestias";0;0;jpg,png;;
attr_768;pim_catalog_price_collection;attr_gr_7;0;"price_collection beatae harum";"price_collection nulla minima";0;0;;;
attr_769;pim_catalog_simpleselect;attr_gr_7;0;"simpleselect rerum mollitia";"simpleselect nihil ipsam";0;0;;;
attr_770;pim_catalog_text;attr_gr_8;0;"text qui quia";"text officiis sed";0;0;;;
attr_771;pim_catalog_image;attr_gr_15;0;"image ipsa et";"image incidunt explicabo";0;0;png,pdf;;
attr_772;pim_catalog_simpleselect;attr_gr_10;0;"simpleselect accusamus repellendus";"simpleselect consequuntur quibusdam";0;0;;;
attr_773;pim_catalog_simpleselect;attr_gr_4;0;"simpleselect deleniti impedit";"simpleselect in debitis";0;0;;;
attr_774;pim_catalog_price_collection;attr_gr_16;1;"price_collection perspiciatis magni";"price_collection quod magnam";0;0;;;
attr_775;pim_catalog_date;attr_gr_7;0;"date numquam vel";"date et suscipit";0;0;;;
attr_776;pim_catalog_metric;attr_gr_8;0;"metric dolor sunt";"metric voluptatem quasi";0;0;;Length;METER
attr_777;pim_catalog_file;attr_gr_19;0;"file optio dolor";"file amet occaecati";0;0;pdf,jpg;;
attr_778;pim_catalog_price_collection;attr_gr_5;1;"price_collection dolore rem";"price_collection suscipit nihil";0;0;;;
attr_779;pim_catalog_text;attr_gr_13;0;"text quasi laboriosam";"text voluptas dolorem";0;0;;;
attr_780;pim_catalog_number;attr_gr_16;0;"number nisi laudantium";"number odio velit";0;0;;;
attr_781;pim_catalog_textarea;attr_gr_9;0;"textarea vitae harum";"textarea cupiditate voluptas";1;0;;;
attr_782;pim_catalog_image;attr_gr_6;0;"image nisi quia";"image qui qui";0;0;png,pdf;;
attr_783;pim_catalog_boolean;attr_gr_1;0;"boolean ab nulla";"boolean tempore dolorum";0;0;;;
attr_784;pim_catalog_text;attr_gr_17;0;"text reprehenderit saepe";"text deserunt qui";0;0;;;
attr_785;pim_catalog_boolean;attr_gr_19;0;"boolean aut minima";"boolean est molestiae";0;0;;;
attr_786;pim_catalog_simpleselect;attr_gr_8;0;"simpleselect a consequatur";"simpleselect libero error";0;0;;;
attr_787;pim_catalog_price_collection;attr_gr_17;0;"price_collection et et";"price_collection quam explicabo";0;0;;;
attr_788;pim_catalog_textarea;attr_gr_10;0;"textarea consequatur quod";"textarea quo consequatur";0;0;;;
attr_789;pim_catalog_metric;attr_gr_9;0;"metric ea et";"metric odit saepe";0;0;;Length;METER
attr_790;pim_catalog_metric;attr_gr_14;0;"metric consectetur pariatur";"metric assumenda perferendis";0;0;;Length;METER
attr_791;pim_catalog_multiselect;attr_gr_6;0;"multiselect tenetur repellendus";"multiselect dicta porro";0;0;;;
attr_792;pim_catalog_date;attr_gr_4;1;"date sed ut";"date quis autem";0;0;;;
attr_793;pim_catalog_boolean;attr_gr_16;0;"boolean molestiae qui";"boolean soluta alias";0;0;;;
attr_794;pim_catalog_text;attr_gr_6;0;"text vel possimus";"text nisi veritatis";0;0;;;
attr_795;pim_catalog_boolean;attr_gr_5;1;"boolean qui natus";"boolean occaecati molestias";0;0;;;
attr_796;pim_catalog_number;attr_gr_17;0;"number veniam est";"number eveniet voluptatem";0;0;;;
attr_797;pim_catalog_simpleselect;attr_gr_16;0;"simpleselect cumque quae";"simpleselect debitis et";0;0;;;
attr_798;pim_catalog_image;attr_gr_15;0;"image est dolores";"image delectus dolores";0;0;png,jpg;;
attr_799;pim_catalog_price_collection;attr_gr_12;0;"price_collection minus quia";"price_collection ab consequatur";0;0;;;
attr_800;pim_catalog_multiselect;attr_gr_6;0;"multiselect aut ut";"multiselect quaerat porro";0;0;;;
attr_801;pim_catalog_number;attr_gr_16;0;"number deserunt aut";"number quae rerum";0;0;;;
attr_802;pim_catalog_number;attr_gr_12;0;"number error aut";"number nostrum at";0;0;;;
attr_803;pim_catalog_file;attr_gr_18;0;"file animi quo";"file autem vero";0;0;pdf,png;;
attr_804;pim_catalog_textarea;attr_gr_12;0;"textarea ipsa voluptas";"textarea et dolores";0;0;;;
attr_805;pim_catalog_file;attr_gr_15;0;"file iste necessitatibus";"file eum est";0;0;pdf,jpg;;
attr_806;pim_catalog_textarea;attr_gr_18;0;"textarea voluptatem accusantium";"textarea est aut";0;0;;;
attr_807;pim_catalog_text;attr_gr_0;0;"text porro autem";"text deleniti distinctio";0;0;;;
attr_808;pim_catalog_image;attr_gr_17;0;"image incidunt tempore";"image eligendi eaque";0;0;jpg,png;;
attr_809;pim_catalog_price_collection;attr_gr_4;0;"price_collection ab dicta";"price_collection mollitia inventore";1;0;;;
attr_810;pim_catalog_date;attr_gr_17;0;"date sit facilis";"date perferendis vel";0;0;;;
attr_811;pim_catalog_textarea;attr_gr_0;0;"textarea doloremque ducimus";"textarea excepturi vel";0;0;;;
attr_812;pim_catalog_boolean;attr_gr_2;0;"boolean reiciendis dicta";"boolean cumque est";0;0;;;
attr_813;pim_catalog_price_collection;attr_gr_2;0;"price_collection blanditiis voluptas";"price_collection laborum aut";0;0;;;
attr_814;pim_catalog_number;attr_gr_10;0;"number fugiat earum";"number tenetur deserunt";0;0;;;
attr_815;pim_catalog_image;attr_gr_19;0;"image ut fuga";"image illum et";0;0;png,pdf;;
attr_816;pim_catalog_file;attr_gr_7;0;"file voluptate fuga";"file mollitia autem";0;0;jpg,pdf;;
attr_817;pim_catalog_boolean;attr_gr_19;0;"boolean molestias maiores";"boolean rem sed";0;0;;;
attr_818;pim_catalog_number;attr_gr_0;1;"number porro cum";"number vel veniam";0;0;;;
attr_819;pim_catalog_text;attr_gr_12;0;"text iusto eum";"text sint autem";0;0;;;
attr_820;pim_catalog_image;attr_gr_3;0;"image laboriosam debitis";"image voluptates aut";0;0;png,jpg;;
attr_821;pim_catalog_price_collection;attr_gr_5;1;"price_collection totam officia";"price_collection magnam nihil";0;0;;;
attr_822;pim_catalog_price_collection;attr_gr_17;0;"price_collection et voluptatem";"price_collection ducimus ratione";0;0;;;
attr_823;pim_catalog_file;attr_gr_4;0;"file et velit";"file non iure";0;0;jpg,pdf;;
attr_824;pim_catalog_number;attr_gr_19;0;"number aliquid corrupti";"number dolorem animi";0;0;;;
attr_825;pim_catalog_text;attr_gr_15;0;"text et dolorum";"text maxime ad";0;0;;;
attr_826;pim_catalog_price_collection;attr_gr_14;0;"price_collection aspernatur sed";"price_collection molestiae repellendus";0;0;;;
attr_827;pim_catalog_date;attr_gr_9;0;"date et voluptatem";"date minima sed";0;0;;;
attr_828;pim_catalog_price_collection;attr_gr_15;0;"price_collection dicta quia";"price_collection cumque laudantium";0;0;;;
attr_829;pim_catalog_textarea;attr_gr_3;1;"textarea recusandae non";"textarea perferendis et";0;0;;;
attr_830;pim_catalog_image;attr_gr_15;0;"image unde adipisci";"image est aut";0;0;png,pdf;;
attr_831;pim_catalog_text;attr_gr_1;0;"text voluptatem repellat";"text doloribus laborum";0;0;;;
attr_832;pim_catalog_simpleselect;attr_gr_12;0;"simpleselect explicabo debitis";"simpleselect quis perferendis";0;1;;;
attr_833;pim_catalog_textarea;attr_gr_3;0;"textarea vel nemo";"textarea voluptates fugit";0;0;;;
attr_834;pim_catalog_multiselect;attr_gr_3;0;"multiselect deserunt ipsam";"multiselect in et";0;0;;;
attr_835;pim_catalog_file;attr_gr_11;0;"file a iure";"file dolores non";0;0;jpg,pdf;;
attr_836;pim_catalog_text;attr_gr_13;0;"text et consequatur";"text eos aut";0;0;;;
attr_837;pim_catalog_text;attr_gr_4;0;"text vero corporis";"text doloribus at";0;0;;;
attr_838;pim_catalog_image;attr_gr_13;0;"image maxime dolorem";"image autem esse";0;0;jpg,png;;
attr_839;pim_catalog_price_collection;attr_gr_7;0;"price_collection facilis omnis";"price_collection praesentium veritatis";0;0;;;
attr_840;pim_catalog_number;attr_gr_11;0;"number deserunt et";"number sequi ut";0;0;;;
attr_841;pim_catalog_textarea;attr_gr_19;0;"textarea saepe est";"textarea sed doloremque";0;0;;;
attr_842;pim_catalog_textarea;attr_gr_3;0;"textarea eos ut";"textarea minus nulla";0;0;;;
attr_843;pim_catalog_number;attr_gr_19;0;"number quibusdam velit";"number sequi voluptatem";0;0;;;
attr_844;pim_catalog_image;attr_gr_5;0;"image distinctio aperiam";"image animi pariatur";0;0;png,jpg;;
attr_845;pim_catalog_date;attr_gr_9;0;"date facilis expedita";"date culpa natus";0;0;;;
attr_846;pim_catalog_boolean;attr_gr_4;0;"boolean et excepturi";"boolean animi reiciendis";0;0;;;
attr_847;pim_catalog_text;attr_gr_12;0;"text nam est";"text dolorem velit";0;0;;;
attr_848;pim_catalog_file;attr_gr_10;1;"file voluptatum perferendis";"file inventore ratione";0;0;jpg,pdf;;
attr_849;pim_catalog_file;attr_gr_16;0;"file culpa voluptatem";"file accusantium totam";0;0;pdf,png;;
attr_850;pim_catalog_file;attr_gr_12;0;"file sed asperiores";"file accusamus impedit";0;0;png,pdf;;
attr_851;pim_catalog_text;attr_gr_13;0;"text commodi animi";"text ipsum veritatis";0;0;;;
attr_852;pim_catalog_multiselect;attr_gr_6;0;"multiselect harum dolore";"multiselect quaerat et";0;0;;;
attr_853;pim_catalog_number;attr_gr_19;1;"number dignissimos recusandae";"number tempora sunt";0;0;;;
attr_854;pim_catalog_number;attr_gr_14;0;"number odit autem";"number delectus pariatur";0;0;;;
attr_855;pim_catalog_image;attr_gr_5;0;"image voluptas labore";"image rerum repellendus";0;0;pdf,jpg;;
attr_856;pim_catalog_textarea;attr_gr_12;0;"textarea culpa et";"textarea sit itaque";1;0;;;
attr_857;pim_catalog_boolean;attr_gr_9;0;"boolean doloribus quasi";"boolean earum fuga";0;0;;;
attr_858;pim_catalog_number;attr_gr_17;0;"number assumenda et";"number reiciendis voluptates";0;0;;;
attr_859;pim_catalog_multiselect;attr_gr_12;0;"multiselect placeat architecto";"multiselect in exercitationem";0;0;;;
attr_860;pim_catalog_simpleselect;attr_gr_19;0;"simpleselect accusamus asperiores";"simpleselect voluptatibus placeat";0;0;;;
attr_861;pim_catalog_metric;attr_gr_13;0;"metric reiciendis delectus";"metric qui quae";0;0;;Length;METER
attr_862;pim_catalog_date;attr_gr_5;0;"date tenetur id";"date adipisci delectus";0;0;;;
attr_863;pim_catalog_textarea;attr_gr_11;0;"textarea quo id";"textarea dolores velit";0;0;;;
attr_864;pim_catalog_multiselect;attr_gr_11;0;"multiselect enim nam";"multiselect libero et";0;0;;;
attr_865;pim_catalog_text;attr_gr_18;1;"text velit non";"text sed quia";0;0;;;
attr_866;pim_catalog_boolean;attr_gr_13;0;"boolean debitis esse";"boolean reiciendis consequuntur";0;0;;;
attr_867;pim_catalog_multiselect;attr_gr_17;0;"multiselect sit enim";"multiselect aut inventore";0;0;;;
attr_868;pim_catalog_text;attr_gr_10;0;"text voluptatum non";"text ut voluptas";0;0;;;
attr_869;pim_catalog_number;attr_gr_6;0;"number vitae dolores";"number incidunt illo";0;0;;;
attr_870;pim_catalog_number;attr_gr_13;0;"number similique blanditiis";"number quia earum";0;0;;;
attr_871;pim_catalog_price_collection;attr_gr_9;0;"price_collection ipsa et";"price_collection ipsa veniam";0;0;;;
attr_872;pim_catalog_multiselect;attr_gr_13;0;"multiselect alias consequatur";"multiselect voluptas velit";0;0;;;
attr_873;pim_catalog_multiselect;attr_gr_0;0;"multiselect aliquid doloribus";"multiselect exercitationem distinctio";0;0;;;
attr_874;pim_catalog_file;attr_gr_12;0;"file expedita voluptatem";"file neque cumque";0;0;png,pdf;;
attr_875;pim_catalog_date;attr_gr_17;0;"date assumenda amet";"date ea nihil";0;0;;;
attr_876;pim_catalog_image;attr_gr_12;0;"image quis quidem";"image quam et";0;0;png,pdf;;
attr_877;pim_catalog_image;attr_gr_18;0;"image aliquid accusantium";"image vitae ut";0;0;jpg,pdf;;
attr_878;pim_catalog_metric;attr_gr_8;0;"metric in est";"metric qui at";0;0;;Length;METER
attr_879;pim_catalog_date;attr_gr_16;0;"date perferendis sit";"date illum est";0;0;;;
attr_880;pim_catalog_text;attr_gr_12;0;"text ex quia";"text dolores molestiae";0;0;;;
attr_881;pim_catalog_multiselect;attr_gr_1;1;"multiselect quidem voluptatum";"multiselect dignissimos architecto";0;0;;;
attr_882;pim_catalog_price_collection;attr_gr_0;0;"price_collection in corrupti";"price_collection perferendis iure";0;0;;;
attr_883;pim_catalog_textarea;attr_gr_10;0;"textarea veniam reiciendis";"textarea amet consectetur";0;0;;;
attr_884;pim_catalog_textarea;attr_gr_1;0;"textarea consequatur omnis";"textarea animi ut";0;0;;;
attr_885;pim_catalog_number;attr_gr_16;0;"number excepturi cumque";"number ut neque";0;0;;;
attr_886;pim_catalog_number;attr_gr_9;0;"number perferendis dolorum";"number ipsam aspernatur";0;0;;;
attr_887;pim_catalog_text;attr_gr_17;0;"text et et";"text eius id";0;0;;;
attr_888;pim_catalog_image;attr_gr_12;0;"image repellendus officia";"image autem doloremque";0;0;jpg,pdf;;
attr_889;pim_catalog_multiselect;attr_gr_3;1;"multiselect omnis inventore";"multiselect voluptatem ut";0;0;;;
attr_890;pim_catalog_number;attr_gr_14;0;"number nam accusantium";"number amet quidem";0;0;;;
attr_891;pim_catalog_price_collection;attr_gr_16;0;"price_collection et vitae";"price_collection omnis eveniet";1;0;;;
attr_892;pim_catalog_metric;attr_gr_4;0;"metric eum quod";"metric voluptatem architecto";0;0;;Length;METER
attr_893;pim_catalog_image;attr_gr_9;0;"image facere in";"image occaecati quidem";0;0;png,pdf;;
attr_894;pim_catalog_date;attr_gr_2;1;"date maxime quasi";"date ipsum et";0;0;;;
attr_895;pim_catalog_image;attr_gr_14;0;"image dolores omnis";"image qui aut";1;0;pdf,jpg;;
attr_896;pim_catalog_metric;attr_gr_6;0;"metric nisi perspiciatis";"metric enim ex";0;0;;Length;METER
attr_897;pim_catalog_multiselect;attr_gr_14;0;"multiselect expedita eos";"multiselect ut debitis";0;0;;;
attr_898;pim_catalog_textarea;attr_gr_11;0;"textarea laudantium voluptate";"textarea beatae iste";0;0;;;
attr_899;pim_catalog_price_collection;attr_gr_12;0;"price_collection provident facilis";"price_collection magni enim";0;0;;;
attr_900;pim_catalog_textarea;attr_gr_12;0;"textarea et eaque";"textarea aspernatur hic";0;0;;;
attr_901;pim_catalog_metric;attr_gr_16;0;"metric odit debitis";"metric molestiae ut";0;0;;Length;METER
attr_902;pim_catalog_image;attr_gr_19;0;"image quo magnam";"image quia omnis";0;0;pdf,jpg;;
attr_903;pim_catalog_multiselect;attr_gr_9;0;"multiselect doloremque asperiores";"multiselect voluptatem nulla";0;0;;;
attr_904;pim_catalog_file;attr_gr_14;1;"file rem est";"file nam necessitatibus";0;0;jpg,pdf;;
attr_905;pim_catalog_text;attr_gr_12;0;"text debitis magnam";"text et fuga";0;0;;;
attr_906;pim_catalog_number;attr_gr_6;0;"number dicta doloribus";"number eaque magni";0;1;;;
attr_907;pim_catalog_simpleselect;attr_gr_10;0;"simpleselect et corporis";"simpleselect aliquam temporibus";1;0;;;
attr_908;pim_catalog_metric;attr_gr_7;0;"metric tenetur quam";"metric laborum deserunt";0;0;;Length;METER
attr_909;pim_catalog_metric;attr_gr_6;0;"metric in iste";"metric et et";0;0;;Length;METER
attr_910;pim_catalog_number;attr_gr_9;0;"number eos illo";"number quam explicabo";0;0;;;
attr_911;pim_catalog_metric;attr_gr_17;1;"metric quia hic";"metric eum quaerat";0;0;;Length;METER
attr_912;pim_catalog_file;attr_gr_4;0;"file dicta quos";"file excepturi sint";0;0;png,pdf;;
attr_913;pim_catalog_price_collection;attr_gr_1;0;"price_collection ut quaerat";"price_collection labore vero";0;0;;;
attr_914;pim_catalog_image;attr_gr_12;0;"image aut quis";"image harum et";0;0;pdf,png;;
attr_915;pim_catalog_file;attr_gr_12;0;"file est aspernatur";"file dolorem consequatur";0;0;png,jpg;;
attr_916;pim_catalog_boolean;attr_gr_0;0;"boolean quo ad";"boolean distinctio at";0;0;;;
attr_917;pim_catalog_date;attr_gr_19;0;"date non et";"date debitis officiis";0;0;;;
attr_918;pim_catalog_textarea;attr_gr_0;1;"textarea est reiciendis";"textarea officiis pariatur";0;0;;;
attr_919;pim_catalog_price_collection;attr_gr_19;1;"price_collection amet et";"price_collection expedita eius";0;0;;;
attr_920;pim_catalog_metric;attr_gr_13;0;"metric quis quam";"metric nihil adipisci";0;0;;Length;METER
attr_921;pim_catalog_date;attr_gr_10;0;"date omnis inventore";"date vel esse";0;0;;;
attr_922;pim_catalog_multiselect;attr_gr_12;0;"multiselect totam occaecati";"multiselect aliquam facere";0;0;;;
attr_923;pim_catalog_price_collection;attr_gr_10;0;"price_collection dolore et";"price_collection minus voluptatem";0;0;;;
attr_924;pim_catalog_boolean;attr_gr_7;0;"boolean est recusandae";"boolean occaecati id";0;0;;;
attr_925;pim_catalog_text;attr_gr_11;0;"text tempora rem";"text qui sint";0;0;;;
attr_926;pim_catalog_metric;attr_gr_7;0;"metric quam praesentium";"metric quis quia";0;0;;Length;METER
attr_927;pim_catalog_boolean;attr_gr_5;0;"boolean esse et";"boolean officia non";0;0;;;
attr_928;pim_catalog_textarea;attr_gr_11;0;"textarea qui est";"textarea qui voluptates";0;0;;;
attr_929;pim_catalog_metric;attr_gr_14;0;"metric enim voluptatum";"metric ut officiis";0;0;;Length;METER
attr_930;pim_catalog_multiselect;attr_gr_9;1;"multiselect dolores est";"multiselect ducimus sed";0;0;;;
attr_931;pim_catalog_file;attr_gr_7;0;"file quis veritatis";"file velit consequatur";0;0;jpg,pdf;;
attr_932;pim_catalog_simpleselect;attr_gr_5;0;"simpleselect optio libero";"simpleselect sit rerum";0;0;;;
attr_933;pim_catalog_metric;attr_gr_7;0;"metric qui error";"metric rerum architecto";0;0;;Length;METER
attr_934;pim_catalog_price_collection;attr_gr_3;0;"price_collection explicabo ratione";"price_collection dolorem perspiciatis";1;0;;;
attr_935;pim_catalog_number;attr_gr_12;0;"number sunt doloremque";"number iste qui";0;0;;;
attr_936;pim_catalog_boolean;attr_gr_4;0;"boolean nihil sunt";"boolean sed odit";0;0;;;
attr_937;pim_catalog_boolean;attr_gr_16;0;"boolean eaque hic";"boolean eos non";0;0;;;
attr_938;pim_catalog_simpleselect;attr_gr_17;0;"simpleselect minus id";"simpleselect voluptates quia";0;0;;;
attr_939;pim_catalog_file;attr_gr_19;0;"file similique quod";"file et ducimus";1;1;jpg,pdf;;
attr_940;pim_catalog_number;attr_gr_16;1;"number a ea";"number dicta pariatur";0;0;;;
attr_941;pim_catalog_file;attr_gr_9;0;"file consequatur unde";"file facere accusantium";0;0;jpg,pdf;;
attr_942;pim_catalog_number;attr_gr_11;0;"number distinctio tempora";"number sint voluptatem";0;0;;;
attr_943;pim_catalog_text;attr_gr_8;1;"text officiis et";"text quaerat mollitia";0;0;;;
attr_944;pim_catalog_number;attr_gr_3;1;"number aut aut";"number laudantium sunt";1;0;;;
attr_945;pim_catalog_image;attr_gr_16;0;"image rerum dolores";"image exercitationem aspernatur";0;1;pdf,jpg;;
attr_946;pim_catalog_date;attr_gr_1;0;"date hic odit";"date delectus fugit";0;0;;;
attr_947;pim_catalog_date;attr_gr_4;0;"date enim quia";"date minus quod";0;0;;;
attr_948;pim_catalog_metric;attr_gr_16;0;"metric sapiente illum";"metric iure dolorum";0;0;;Length;METER
attr_949;pim_catalog_date;attr_gr_14;1;"date recusandae suscipit";"date placeat natus";0;0;;;
attr_950;pim_catalog_metric;attr_gr_15;0;"metric aut repudiandae";"metric pariatur assumenda";0;0;;Length;METER
attr_951;pim_catalog_price_collection;attr_gr_1;0;"price_collection odit quia";"price_collection ut et";0;0;;;
attr_952;pim_catalog_price_collection;attr_gr_8;0;"price_collection cupiditate consequatur";"price_collection aut voluptatem";0;0;;;
attr_953;pim_catalog_boolean;attr_gr_5;1;"boolean qui labore";"boolean non et";0;0;;;
attr_954;pim_catalog_image;attr_gr_19;0;"image ducimus hic";"image vero perspiciatis";0;0;png,pdf;;
attr_955;pim_catalog_image;attr_gr_10;0;"image dolores provident";"image sint dolore";0;0;pdf,jpg;;
attr_956;pim_catalog_textarea;attr_gr_6;0;"textarea doloremque cumque";"textarea vitae esse";0;0;;;
attr_957;pim_catalog_textarea;attr_gr_4;0;"textarea est soluta";"textarea nobis odio";0;0;;;
attr_958;pim_catalog_textarea;attr_gr_15;0;"textarea aliquid libero";"textarea suscipit error";0;0;;;
attr_959;pim_catalog_textarea;attr_gr_7;0;"textarea aut cupiditate";"textarea non sit";0;0;;;
attr_960;pim_catalog_image;attr_gr_19;0;"image eum fuga";"image amet iste";0;0;png,pdf;;
attr_961;pim_catalog_date;attr_gr_19;0;"date deleniti voluptas";"date qui sapiente";0;0;;;
attr_962;pim_catalog_boolean;attr_gr_4;0;"boolean cum qui";"boolean sequi in";0;0;;;
attr_963;pim_catalog_simpleselect;attr_gr_19;0;"simpleselect enim libero";"simpleselect quia debitis";0;0;;;
attr_964;pim_catalog_number;attr_gr_5;0;"number ipsam incidunt";"number ratione aut";0;0;;;
attr_965;pim_catalog_metric;attr_gr_6;0;"metric magnam architecto";"metric accusamus dolores";0;0;;Length;METER
attr_966;pim_catalog_text;attr_gr_18;0;"text sit quia";"text excepturi nesciunt";0;0;;;
attr_967;pim_catalog_price_collection;attr_gr_19;0;"price_collection eveniet quis";"price_collection voluptate blanditiis";0;0;;;
attr_968;pim_catalog_file;attr_gr_18;0;"file ipsum ipsa";"file aliquid voluptatem";1;0;jpg,png;;
attr_969;pim_catalog_price_collection;attr_gr_2;0;"price_collection blanditiis sunt";"price_collection hic laborum";0;0;;;
attr_970;pim_catalog_image;attr_gr_13;0;"image sapiente rerum";"image quisquam ut";0;0;png,pdf;;
attr_971;pim_catalog_simpleselect;attr_gr_7;0;"simpleselect earum doloremque";"simpleselect sint ut";0;0;;;
attr_972;pim_catalog_textarea;attr_gr_0;0;"textarea dolorum pariatur";"textarea asperiores eligendi";1;0;;;
attr_973;pim_catalog_file;attr_gr_2;0;"file voluptate distinctio";"file ex mollitia";0;0;pdf,png;;
attr_974;pim_catalog_file;attr_gr_14;0;"file veniam at";"file et saepe";0;0;pdf,png;;
attr_975;pim_catalog_price_collection;attr_gr_18;0;"price_collection et et";"price_collection ab iusto";0;0;;;
attr_976;pim_catalog_metric;attr_gr_14;0;"metric aspernatur molestias";"metric libero quasi";0;0;;Length;METER
attr_977;pim_catalog_price_collection;attr_gr_2;0;"price_collection doloremque odit";"price_collection tenetur quisquam";0;0;;;
attr_978;pim_catalog_textarea;attr_gr_13;1;"textarea dicta voluptas";"textarea facilis et";0;0;;;
attr_979;pim_catalog_boolean;attr_gr_19;0;"boolean porro ut";"boolean inventore nam";0;0;;;
attr_980;pim_catalog_textarea;attr_gr_14;0;"textarea quaerat nihil";"textarea eveniet repellendus";0;0;;;
attr_981;pim_catalog_simpleselect;attr_gr_19;0;"simpleselect voluptatem ratione";"simpleselect minima omnis";0;0;;;
attr_982;pim_catalog_multiselect;attr_gr_7;1;"multiselect ut aliquid";"multiselect non quia";0;0;;;
attr_983;pim_catalog_price_collection;attr_gr_7;1;"price_collection doloribus soluta";"price_collection nihil voluptatem";0;0;;;
attr_984;pim_catalog_metric;attr_gr_3;0;"metric qui distinctio";"metric qui qui";0;0;;Length;METER
attr_985;pim_catalog_textarea;attr_gr_9;0;"textarea consequuntur temporibus";"textarea necessitatibus dolore";0;0;;;
attr_986;pim_catalog_number;attr_gr_19;0;"number at vero";"number placeat exercitationem";0;0;;;
attr_987;pim_catalog_multiselect;attr_gr_0;1;"multiselect dignissimos molestiae";"multiselect delectus cum";0;0;;;
attr_988;pim_catalog_boolean;attr_gr_6;0;"boolean nulla sit";"boolean error voluptatibus";0;0;;;
attr_989;pim_catalog_price_collection;attr_gr_14;1;"price_collection corporis magni";"price_collection aut cupiditate";0;0;;;
attr_990;pim_catalog_multiselect;attr_gr_10;0;"multiselect ipsum quam";"multiselect cum sed";0;0;;;
attr_991;pim_catalog_date;attr_gr_4;0;"date commodi deserunt";"date blanditiis et";0;0;;;
attr_992;pim_catalog_simpleselect;attr_gr_8;0;"simpleselect provident voluptatum";"simpleselect et accusantium";0;0;;;
attr_993;pim_catalog_multiselect;attr_gr_11;0;"multiselect deserunt vel";"multiselect asperiores natus";0;0;;;
attr_994;pim_catalog_boolean;attr_gr_5;0;"boolean ut consequuntur";"boolean accusamus voluptatem";0;0;;;
attr_995;pim_catalog_multiselect;attr_gr_16;0;"multiselect expedita amet";"multiselect dolorem a";0;0;;;
attr_996;pim_catalog_text;attr_gr_17;0;"text eum quis";"text sapiente ut";0;0;;;
attr_997;pim_catalog_number;attr_gr_8;0;"number sit impedit";"number aliquam illo";0;0;;;
attr_998;pim_catalog_textarea;attr_gr_6;0;"textarea voluptatem iste";"textarea praesentium molestias";0;0;;;
attr_999;pim_catalog_multiselect;attr_gr_5;1;"multiselect sed harum";"multiselect enim voluptatem";0;0;;;
