attribute;code;sort_order;label-en_US
attr_4;attr_opt_attr_40;4;"Error voluptatem."
attr_4;attr_opt_attr_41;10;"Id est."
attr_4;attr_opt_attr_42;6;"Quia officia."
attr_4;attr_opt_attr_43;10;"Voluptates sit."
attr_4;attr_opt_attr_44;10;"Consectetur consequuntur eveniet."
attr_4;attr_opt_attr_45;3;"Tempore aut pariatur."
attr_4;attr_opt_attr_46;1;"Nesciunt magnam."
attr_4;attr_opt_attr_47;10;"Aliquam enim eum."
attr_4;attr_opt_attr_48;6;"Ad necessitatibus."
attr_4;attr_opt_attr_49;2;"Tenetur non modi."
attr_29;attr_opt_attr_290;10;"Impedit voluptates cum."
attr_29;attr_opt_attr_291;7;"Sit quasi."
attr_29;attr_opt_attr_292;10;"Hic perspiciatis."
attr_29;attr_opt_attr_293;5;"Explicabo harum."
attr_29;attr_opt_attr_294;4;"In voluptatum commodi."
attr_29;attr_opt_attr_295;5;"Modi sed."
attr_29;attr_opt_attr_296;1;"Voluptas corporis."
attr_29;attr_opt_attr_297;4;"Id et est."
attr_29;attr_opt_attr_298;6;"Nobis et."
attr_29;attr_opt_attr_299;7;"Ut molestiae voluptatem."
attr_32;attr_opt_attr_320;4;"Accusamus id."
attr_32;attr_opt_attr_321;1;"Quaerat dolorem."
attr_32;attr_opt_attr_322;5;"Aut incidunt."
attr_32;attr_opt_attr_323;2;"Dolor sed."
attr_32;attr_opt_attr_324;6;"Omnis molestiae."
attr_32;attr_opt_attr_325;4;"Sit consequatur."
attr_32;attr_opt_attr_326;7;"Consectetur quo voluptate."
attr_32;attr_opt_attr_327;6;"Magni eum."
attr_32;attr_opt_attr_328;10;"Necessitatibus nobis cum."
attr_32;attr_opt_attr_329;10;"Hic nisi."
attr_37;attr_opt_attr_370;9;"Rerum sit."
attr_37;attr_opt_attr_371;10;"Quibusdam iste aliquam."
attr_37;attr_opt_attr_372;3;"Qui maxime eveniet."
attr_37;attr_opt_attr_373;8;"Iusto non."
attr_37;attr_opt_attr_374;2;"Quidem tempore."
attr_37;attr_opt_attr_375;3;"Eos excepturi."
attr_37;attr_opt_attr_376;1;"Quos est."
attr_37;attr_opt_attr_377;6;"Vel harum ut."
attr_37;attr_opt_attr_378;9;"Et mollitia sunt."
attr_37;attr_opt_attr_379;9;"Amet libero corporis."
attr_39;attr_opt_attr_390;7;"Suscipit possimus."
attr_39;attr_opt_attr_391;8;"Dicta dicta qui."
attr_39;attr_opt_attr_392;7;"Quo veritatis."
attr_39;attr_opt_attr_393;6;"Et qui."
attr_39;attr_opt_attr_394;1;"Consequatur dolore."
attr_39;attr_opt_attr_395;2;"Dolores laudantium eos."
attr_39;attr_opt_attr_396;3;"Possimus sint consequatur."
attr_39;attr_opt_attr_397;5;"Animi voluptatem."
attr_39;attr_opt_attr_398;9;"Debitis vero atque."
attr_39;attr_opt_attr_399;8;"Molestias deserunt dolore."
attr_42;attr_opt_attr_420;1;"Enim aut atque."
attr_42;attr_opt_attr_421;1;"Est ut."
attr_42;attr_opt_attr_422;4;"Blanditiis dolores."
attr_42;attr_opt_attr_423;8;"Omnis aliquam dolores."
attr_42;attr_opt_attr_424;8;"Eveniet harum."
attr_42;attr_opt_attr_425;5;"Fuga eum ut."
attr_42;attr_opt_attr_426;1;"Qui placeat."
attr_42;attr_opt_attr_427;5;"Dolore tempora sit."
attr_42;attr_opt_attr_428;2;"Quis placeat suscipit."
attr_42;attr_opt_attr_429;1;"Ut earum deleniti."
attr_44;attr_opt_attr_440;2;"Doloribus ut."
attr_44;attr_opt_attr_441;3;"In repellendus doloribus."
attr_44;attr_opt_attr_442;2;"Cum aut voluptatem."
attr_44;attr_opt_attr_443;5;"Eligendi ducimus tempore."
attr_44;attr_opt_attr_444;5;"Illum reiciendis."
attr_44;attr_opt_attr_445;1;"Sapiente autem perferendis."
attr_44;attr_opt_attr_446;8;"Numquam voluptas sequi."
attr_44;attr_opt_attr_447;6;"Est blanditiis corporis."
attr_44;attr_opt_attr_448;2;"Vero velit."
attr_44;attr_opt_attr_449;10;"Et quia nulla."
attr_45;attr_opt_attr_450;3;"Id ea deleniti."
attr_45;attr_opt_attr_451;6;"Assumenda ea."
attr_45;attr_opt_attr_452;6;"Vel voluptas."
attr_45;attr_opt_attr_453;5;"Dolores et."
attr_45;attr_opt_attr_454;9;"Fuga maxime."
attr_45;attr_opt_attr_455;7;"Consequatur quas eveniet."
attr_45;attr_opt_attr_456;6;"Sint consequatur veritatis."
attr_45;attr_opt_attr_457;5;"Esse excepturi ut."
attr_45;attr_opt_attr_458;6;"Facilis iusto."
attr_45;attr_opt_attr_459;1;"Quisquam perferendis sed."
attr_46;attr_opt_attr_460;8;"Dolor porro."
attr_46;attr_opt_attr_461;4;"Consequatur provident aut."
attr_46;attr_opt_attr_462;10;"Sapiente quis."
attr_46;attr_opt_attr_463;2;"Consequatur accusamus."
attr_46;attr_opt_attr_464;4;"Omnis dolorum ut."
attr_46;attr_opt_attr_465;3;"Et nesciunt."
attr_46;attr_opt_attr_466;6;"Ut nulla."
attr_46;attr_opt_attr_467;4;"Officia rerum."
attr_46;attr_opt_attr_468;9;"Sed esse."
attr_46;attr_opt_attr_469;10;"Amet omnis."
attr_48;attr_opt_attr_480;5;"Quos natus."
attr_48;attr_opt_attr_481;7;"Amet amet."
attr_48;attr_opt_attr_482;10;"Praesentium commodi sed."
attr_48;attr_opt_attr_483;10;"Sed dolor."
attr_48;attr_opt_attr_484;7;"Enim aut."
attr_48;attr_opt_attr_485;7;"Voluptas reiciendis."
attr_48;attr_opt_attr_486;3;"Enim dolores voluptatem."
attr_48;attr_opt_attr_487;6;"Saepe ea."
attr_48;attr_opt_attr_488;4;"Pariatur eius."
attr_48;attr_opt_attr_489;9;"Quidem inventore blanditiis."
attr_54;attr_opt_attr_540;8;"Quae non nisi."
attr_54;attr_opt_attr_541;5;"Illum dolores rerum."
attr_54;attr_opt_attr_542;4;"Sed odit in."
attr_54;attr_opt_attr_543;9;"Optio voluptate est."
attr_54;attr_opt_attr_544;7;"Deserunt accusantium."
attr_54;attr_opt_attr_545;1;"Saepe qui distinctio."
attr_54;attr_opt_attr_546;5;"Qui eius quidem."
attr_54;attr_opt_attr_547;3;"Officiis ipsam ullam."
attr_54;attr_opt_attr_548;1;"Omnis facere voluptatum."
attr_54;attr_opt_attr_549;4;"Ea sit placeat."
attr_56;attr_opt_attr_560;3;"Ex accusamus ipsam."
attr_56;attr_opt_attr_561;9;"Consequatur eos."
attr_56;attr_opt_attr_562;7;"Ut perferendis."
attr_56;attr_opt_attr_563;7;"Quo praesentium."
attr_56;attr_opt_attr_564;8;"Laboriosam quia voluptatem."
attr_56;attr_opt_attr_565;4;"At eum."
attr_56;attr_opt_attr_566;5;"Voluptatibus provident."
attr_56;attr_opt_attr_567;4;"Voluptates porro."
attr_56;attr_opt_attr_568;6;"Et iusto voluptatem."
attr_56;attr_opt_attr_569;5;"Sunt et nam."
attr_60;attr_opt_attr_600;10;"Maxime at."
attr_60;attr_opt_attr_601;9;"Totam quas voluptas."
attr_60;attr_opt_attr_602;4;"Ullam voluptatibus omnis."
attr_60;attr_opt_attr_603;9;"Magni voluptates."
attr_60;attr_opt_attr_604;6;"Dicta voluptates."
attr_60;attr_opt_attr_605;6;"A quis libero."
attr_60;attr_opt_attr_606;4;"Omnis reprehenderit."
attr_60;attr_opt_attr_607;8;"Possimus ut."
attr_60;attr_opt_attr_608;2;"Consequatur nisi."
attr_60;attr_opt_attr_609;1;"Dolorem ut."
attr_64;attr_opt_attr_640;4;"Et id hic."
attr_64;attr_opt_attr_641;7;"Quaerat aut."
attr_64;attr_opt_attr_642;9;"Ipsam sapiente."
attr_64;attr_opt_attr_643;7;"Non numquam."
attr_64;attr_opt_attr_644;5;"Quam nihil dolorum."
attr_64;attr_opt_attr_645;7;"Hic delectus."
attr_64;attr_opt_attr_646;1;"In aut."
attr_64;attr_opt_attr_647;2;"Voluptatem ratione."
attr_64;attr_opt_attr_648;4;"Vel earum."
attr_64;attr_opt_attr_649;7;"Eveniet earum."
attr_66;attr_opt_attr_660;2;"Cumque quidem dolorem."
attr_66;attr_opt_attr_661;1;"Enim dolores."
attr_66;attr_opt_attr_662;8;"Voluptas quisquam rem."
attr_66;attr_opt_attr_663;1;"Repellendus ea."
attr_66;attr_opt_attr_664;5;"Minus culpa itaque."
attr_66;attr_opt_attr_665;7;"At nesciunt."
attr_66;attr_opt_attr_666;2;"Saepe deserunt."
attr_66;attr_opt_attr_667;10;"Repellendus veritatis commodi."
attr_66;attr_opt_attr_668;10;"Ad ut incidunt."
attr_66;attr_opt_attr_669;9;"Laudantium officia."
attr_67;attr_opt_attr_670;5;"Autem voluptatem."
attr_67;attr_opt_attr_671;10;"Dicta aperiam fugiat."
attr_67;attr_opt_attr_672;5;"Et voluptatem."
attr_67;attr_opt_attr_673;4;"Dignissimos omnis tempore."
attr_67;attr_opt_attr_674;1;"Ullam et."
attr_67;attr_opt_attr_675;4;"Aspernatur velit iure."
attr_67;attr_opt_attr_676;3;"Non illo."
attr_67;attr_opt_attr_677;7;"Sit voluptas minima."
attr_67;attr_opt_attr_678;3;"Deserunt voluptatum."
attr_67;attr_opt_attr_679;4;"Facere natus."
attr_77;attr_opt_attr_770;5;"Aperiam assumenda fugiat."
attr_77;attr_opt_attr_771;6;"Voluptas ut."
attr_77;attr_opt_attr_772;6;"Accusamus quis."
attr_77;attr_opt_attr_773;1;"Illo aut aut."
attr_77;attr_opt_attr_774;4;"Repudiandae inventore."
attr_77;attr_opt_attr_775;7;"Aperiam esse."
attr_77;attr_opt_attr_776;9;"Earum quia."
attr_77;attr_opt_attr_777;5;"Cupiditate nemo."
attr_77;attr_opt_attr_778;10;"Voluptate fugit."
attr_77;attr_opt_attr_779;10;"Enim quod eos."
attr_81;attr_opt_attr_810;2;"Nobis ex maxime."
attr_81;attr_opt_attr_811;9;"Ratione molestiae expedita."
attr_81;attr_opt_attr_812;3;"Explicabo enim inventore."
attr_81;attr_opt_attr_813;10;"Aut officiis sapiente."
attr_81;attr_opt_attr_814;2;"Sint vel."
attr_81;attr_opt_attr_815;7;"Nobis odit."
attr_81;attr_opt_attr_816;4;"Nesciunt atque."
attr_81;attr_opt_attr_817;8;"Consectetur laborum."
attr_81;attr_opt_attr_818;6;"Officia qui aut."
attr_81;attr_opt_attr_819;10;"Eum et."
attr_84;attr_opt_attr_840;2;"Rerum nihil."
attr_84;attr_opt_attr_841;3;"Natus corrupti."
attr_84;attr_opt_attr_842;7;"Ut odit est."
attr_84;attr_opt_attr_843;5;"Eius repellat."
attr_84;attr_opt_attr_844;4;"Hic autem."
attr_84;attr_opt_attr_845;10;"Delectus ut fugiat."
attr_84;attr_opt_attr_846;6;"Veniam natus."
attr_84;attr_opt_attr_847;7;"Qui et."
attr_84;attr_opt_attr_848;1;"Quisquam accusamus corporis."
attr_84;attr_opt_attr_849;8;"Ratione id."
attr_87;attr_opt_attr_870;5;"Debitis nam et."
attr_87;attr_opt_attr_871;2;"Voluptas in eum."
attr_87;attr_opt_attr_872;7;"Animi illum."
attr_87;attr_opt_attr_873;5;"Mollitia omnis et."
attr_87;attr_opt_attr_874;2;"Voluptatem eaque voluptatem."
attr_87;attr_opt_attr_875;6;"Delectus suscipit."
attr_87;attr_opt_attr_876;5;"Praesentium fugiat est."
attr_87;attr_opt_attr_877;9;"Eos aspernatur molestias."
attr_87;attr_opt_attr_878;9;"Nihil vitae."
attr_87;attr_opt_attr_879;6;"Rerum voluptatibus."
attr_88;attr_opt_attr_880;2;"Quia quos ut."
attr_88;attr_opt_attr_881;8;"Ad ipsum eos."
attr_88;attr_opt_attr_882;3;"Asperiores reiciendis."
attr_88;attr_opt_attr_883;8;"Laborum aliquid."
attr_88;attr_opt_attr_884;6;"Veniam exercitationem."
attr_88;attr_opt_attr_885;6;"Vero beatae."
attr_88;attr_opt_attr_886;3;"Aperiam deleniti."
attr_88;attr_opt_attr_887;1;"Eum cupiditate."
attr_88;attr_opt_attr_888;2;"Sapiente et."
attr_88;attr_opt_attr_889;2;"Et eligendi eos."
attr_92;attr_opt_attr_920;10;"Qui architecto et."
attr_92;attr_opt_attr_921;5;"Quisquam aliquid id."
attr_92;attr_opt_attr_922;4;"Eveniet ratione provident."
attr_92;attr_opt_attr_923;4;"Laudantium architecto."
attr_92;attr_opt_attr_924;5;"Praesentium vitae."
attr_92;attr_opt_attr_925;6;"Quis ex qui."
attr_92;attr_opt_attr_926;10;"Optio quo."
attr_92;attr_opt_attr_927;2;"Quibusdam voluptas aut."
attr_92;attr_opt_attr_928;10;"Delectus possimus nihil."
attr_92;attr_opt_attr_929;9;"Delectus ea."
attr_99;attr_opt_attr_990;10;"Ipsam id unde."
attr_99;attr_opt_attr_991;3;"Itaque ut qui."
attr_99;attr_opt_attr_992;8;"Non quaerat dolorem."
attr_99;attr_opt_attr_993;9;"Cumque aspernatur."
attr_99;attr_opt_attr_994;3;"Molestiae iusto beatae."
attr_99;attr_opt_attr_995;1;"Assumenda nostrum aut."
attr_99;attr_opt_attr_996;4;"Et in in."
attr_99;attr_opt_attr_997;10;"Voluptas tempore fugit."
attr_99;attr_opt_attr_998;4;"Doloribus enim unde."
attr_99;attr_opt_attr_999;3;"Aliquam officia eos."
