code;type;group;useable_as_grid_filter;label-fr_FR;label-en_US;label-ru_RU;label-it_IT;localizable;scopable;allowed_extensions;metric_family;default_metric_unit
sku;pim_catalog_identifier;attr_gr_2;1;"identifier rerum rem";"identifier consequuntur nemo";"identifier suscipit a";"identifier totam molestiae";;;;;
name;pim_catalog_text;attr_gr_1;1;"text laborum impedit";"text repellat dolore";"text rerum non";"text dignissimos qui";;;;;
attr_0;pim_catalog_text;attr_gr_12;0;"text ipsum deleniti";"text aperiam maxime";"text qui porro";"text doloribus soluta";0;0;;;
attr_1;pim_catalog_file;attr_gr_2;0;"file deleniti a";"file ipsa nesciunt";"file qui ipsam";"file saepe qui";0;0;png,jpg;;
attr_2;pim_catalog_simpleselect;attr_gr_12;0;"simpleselect voluptas eum";"simpleselect animi fugiat";"simpleselect quaerat repellat";"simpleselect sed reiciendis";0;0;;;
attr_3;pim_catalog_text;attr_gr_4;0;"text sit unde";"text nemo maxime";"text est similique";"text dolorum sit";0;0;;;
attr_4;pim_catalog_number;attr_gr_14;0;"number dolorem iure";"number tempore a";"number autem omnis";"number magni animi";0;0;;;
attr_5;pim_catalog_date;attr_gr_11;0;"date sequi asperiores";"date consectetur vero";"date possimus omnis";"date ut voluptates";0;0;;;
attr_6;pim_catalog_file;attr_gr_14;0;"file natus ex";"file aspernatur laborum";"file cumque natus";"file sed dolores";0;0;pdf,jpg;;
attr_7;pim_catalog_simpleselect;attr_gr_4;0;"simpleselect et illo";"simpleselect aut et";"simpleselect reprehenderit ullam";"simpleselect aut alias";0;0;;;
attr_8;pim_catalog_simpleselect;attr_gr_4;0;"simpleselect ipsam ipsum";"simpleselect error corrupti";"simpleselect ad aliquam";"simpleselect est dolore";0;0;;;
attr_9;pim_catalog_file;attr_gr_0;0;"file aperiam consequatur";"file impedit delectus";"file sit quia";"file ducimus nobis";0;0;png,jpg;;
attr_10;pim_catalog_price_collection;attr_gr_11;0;"price_collection atque doloremque";"price_collection ducimus unde";"price_collection consequatur occaecati";"price_collection est sequi";0;0;;;
attr_11;pim_catalog_image;attr_gr_2;0;"image nisi aut";"image repudiandae ea";"image ut reiciendis";"image aut voluptas";0;0;jpg,pdf;;
attr_12;pim_catalog_simpleselect;attr_gr_8;1;"simpleselect et nulla";"simpleselect natus exercitationem";"simpleselect rem voluptatem";"simpleselect et enim";0;0;;;
attr_13;pim_catalog_date;attr_gr_6;0;"date ab dicta";"date ad qui";"date sed ducimus";"date totam neque";0;0;;;
attr_14;pim_catalog_file;attr_gr_1;1;"file porro quisquam";"file enim consequatur";"file ut rerum";"file nobis porro";0;0;png,pdf;;
attr_15;pim_catalog_boolean;attr_gr_14;0;"boolean sequi voluptatum";"boolean voluptatem laborum";"boolean distinctio aliquid";"boolean qui perferendis";0;0;;;
attr_16;pim_catalog_number;attr_gr_14;0;"number ea magni";"number facilis sit";"number ut nulla";"number facilis corrupti";0;0;;;
attr_17;pim_catalog_multiselect;attr_gr_4;0;"multiselect dolorum perspiciatis";"multiselect excepturi ducimus";"multiselect repudiandae minima";"multiselect tenetur perferendis";0;0;;;
attr_18;pim_catalog_number;attr_gr_7;0;"number exercitationem voluptatem";"number qui blanditiis";"number eligendi atque";"number quos provident";0;0;;;
attr_19;pim_catalog_image;attr_gr_10;0;"image dolorem distinctio";"image illum ut";"image quasi ab";"image commodi aut";0;0;jpg,pdf;;
attr_20;pim_catalog_textarea;attr_gr_5;0;"textarea et harum";"textarea sequi ut";"textarea est at";"textarea distinctio et";0;0;;;
attr_21;pim_catalog_date;attr_gr_0;0;"date quia nemo";"date laboriosam sunt";"date sit corrupti";"date sequi nulla";0;0;;;
attr_22;pim_catalog_text;attr_gr_10;0;"text non doloribus";"text nihil quidem";"text itaque laudantium";"text saepe fugiat";0;0;;;
attr_23;pim_catalog_image;attr_gr_8;0;"image voluptatem quia";"image voluptates explicabo";"image voluptatem quaerat";"image sint libero";0;0;jpg,pdf;;
attr_24;pim_catalog_image;attr_gr_0;0;"image modi nihil";"image nam iusto";"image modi veritatis";"image sint et";0;0;png,jpg;;
attr_25;pim_catalog_image;attr_gr_3;0;"image et temporibus";"image natus repellat";"image fuga sit";"image rerum perferendis";0;0;jpg,pdf;;
attr_26;pim_catalog_simpleselect;attr_gr_6;0;"simpleselect dignissimos reprehenderit";"simpleselect assumenda corrupti";"simpleselect atque quasi";"simpleselect sed cum";0;0;;;
attr_27;pim_catalog_metric;attr_gr_14;0;"metric fugit laborum";"metric labore veritatis";"metric dolorem aperiam";"metric nostrum consequatur";0;0;;Length;METER
attr_28;pim_catalog_date;attr_gr_0;0;"date a perferendis";"date eos neque";"date esse minus";"date quod quia";0;0;;;
attr_29;pim_catalog_text;attr_gr_8;0;"text in quas";"text amet aut";"text earum dolor";"text laboriosam ipsa";0;0;;;
attr_30;pim_catalog_boolean;attr_gr_10;0;"boolean rerum temporibus";"boolean aut quod";"boolean officiis autem";"boolean ea aut";1;0;;;
attr_31;pim_catalog_multiselect;attr_gr_5;0;"multiselect sint id";"multiselect itaque delectus";"multiselect excepturi itaque";"multiselect reiciendis laudantium";0;0;;;
attr_32;pim_catalog_date;attr_gr_12;1;"date distinctio odit";"date rem esse";"date aut vel";"date nam doloremque";0;0;;;
attr_33;pim_catalog_image;attr_gr_4;0;"image eos sit";"image non labore";"image et ab";"image occaecati et";0;0;jpg,pdf;;
attr_34;pim_catalog_multiselect;attr_gr_8;0;"multiselect praesentium tempora";"multiselect ut hic";"multiselect deleniti voluptates";"multiselect porro quas";1;0;;;
attr_35;pim_catalog_boolean;attr_gr_7;1;"boolean voluptatem vel";"boolean omnis dignissimos";"boolean rem velit";"boolean alias omnis";0;0;;;
attr_36;pim_catalog_boolean;attr_gr_14;0;"boolean blanditiis nostrum";"boolean delectus quia";"boolean laborum non";"boolean et qui";0;0;;;
attr_37;pim_catalog_simpleselect;attr_gr_8;0;"simpleselect ipsa quia";"simpleselect quidem eius";"simpleselect laboriosam optio";"simpleselect placeat natus";1;0;;;
attr_38;pim_catalog_file;attr_gr_0;0;"file debitis velit";"file dolorum culpa";"file eveniet voluptas";"file nisi perferendis";0;0;png,jpg;;
attr_39;pim_catalog_metric;attr_gr_11;1;"metric iure itaque";"metric non aspernatur";"metric mollitia ad";"metric et delectus";0;0;;Length;METER
attr_40;pim_catalog_file;attr_gr_2;0;"file corporis autem";"file ea praesentium";"file quisquam at";"file optio aut";0;0;jpg,pdf;;
attr_41;pim_catalog_metric;attr_gr_4;0;"metric dolores culpa";"metric deserunt dolor";"metric recusandae dolor";"metric illo nisi";0;0;;Length;METER
attr_42;pim_catalog_date;attr_gr_2;0;"date in et";"date nisi soluta";"date tempora autem";"date quos consequatur";0;0;;;
attr_43;pim_catalog_price_collection;attr_gr_6;0;"price_collection itaque ratione";"price_collection est autem";"price_collection est earum";"price_collection doloremque et";0;0;;;
attr_44;pim_catalog_multiselect;attr_gr_1;0;"multiselect velit qui";"multiselect id accusantium";"multiselect quia ut";"multiselect eius autem";0;0;;;
attr_45;pim_catalog_date;attr_gr_14;0;"date est qui";"date enim aut";"date alias consequatur";"date aut reprehenderit";0;0;;;
attr_46;pim_catalog_image;attr_gr_7;0;"image officia illum";"image voluptates et";"image dolorum deserunt";"image et deserunt";0;0;jpg,png;;
attr_47;pim_catalog_date;attr_gr_12;0;"date vel ut";"date facere est";"date corporis expedita";"date alias porro";0;0;;;
attr_48;pim_catalog_textarea;attr_gr_6;0;"textarea aliquam enim";"textarea unde expedita";"textarea est nesciunt";"textarea facilis ullam";0;0;;;
attr_49;pim_catalog_multiselect;attr_gr_3;0;"multiselect et eum";"multiselect ipsa aut";"multiselect sed fugit";"multiselect illo fugit";0;0;;;
attr_50;pim_catalog_boolean;attr_gr_7;0;"boolean nihil accusantium";"boolean quis eos";"boolean et in";"boolean delectus beatae";0;0;;;
attr_51;pim_catalog_image;attr_gr_10;0;"image sed incidunt";"image laudantium eos";"image in consequuntur";"image quidem enim";0;0;png,jpg;;
attr_52;pim_catalog_simpleselect;attr_gr_9;0;"simpleselect voluptatibus nihil";"simpleselect dolores omnis";"simpleselect in ab";"simpleselect eius qui";0;0;;;
attr_53;pim_catalog_number;attr_gr_4;0;"number est dicta";"number necessitatibus voluptatibus";"number aut repudiandae";"number quia quam";0;0;;;
attr_54;pim_catalog_simpleselect;attr_gr_8;1;"simpleselect ut est";"simpleselect occaecati quos";"simpleselect est provident";"simpleselect fugiat amet";0;0;;;
attr_55;pim_catalog_textarea;attr_gr_0;0;"textarea deserunt quidem";"textarea quas voluptates";"textarea dolorem nihil";"textarea natus aspernatur";0;0;;;
attr_56;pim_catalog_simpleselect;attr_gr_6;0;"simpleselect pariatur est";"simpleselect eius iste";"simpleselect ut quo";"simpleselect ipsa iste";1;0;;;
attr_57;pim_catalog_simpleselect;attr_gr_13;0;"simpleselect et quo";"simpleselect a quod";"simpleselect nihil expedita";"simpleselect nobis nihil";1;0;;;
attr_58;pim_catalog_text;attr_gr_4;0;"text nihil eum";"text soluta accusamus";"text vero aut";"text a qui";0;0;;;
attr_59;pim_catalog_textarea;attr_gr_13;0;"textarea sapiente in";"textarea voluptates natus";"textarea quam ab";"textarea repellendus aut";0;0;;;
attr_60;pim_catalog_price_collection;attr_gr_14;0;"price_collection fugiat excepturi";"price_collection voluptas suscipit";"price_collection recusandae ea";"price_collection maiores ut";0;0;;;
attr_61;pim_catalog_text;attr_gr_2;0;"text libero qui";"text beatae voluptatem";"text et autem";"text necessitatibus tenetur";0;0;;;
attr_62;pim_catalog_file;attr_gr_8;1;"file sed occaecati";"file odio est";"file in ut";"file consectetur enim";0;0;pdf,png;;
attr_63;pim_catalog_multiselect;attr_gr_6;0;"multiselect possimus tempora";"multiselect nihil accusantium";"multiselect sit impedit";"multiselect et odio";0;0;;;
attr_64;pim_catalog_date;attr_gr_0;0;"date vel quidem";"date vero odio";"date rerum earum";"date rerum ipsam";0;0;;;
attr_65;pim_catalog_simpleselect;attr_gr_6;0;"simpleselect ipsa ut";"simpleselect est eum";"simpleselect reiciendis maiores";"simpleselect voluptas et";0;0;;;
attr_66;pim_catalog_text;attr_gr_7;0;"text quod dolores";"text consequuntur voluptas";"text est consequatur";"text eum quam";0;0;;;
attr_67;pim_catalog_metric;attr_gr_4;0;"metric aperiam distinctio";"metric occaecati deserunt";"metric facere rerum";"metric dignissimos voluptas";0;0;;Length;METER
attr_68;pim_catalog_multiselect;attr_gr_12;0;"multiselect nulla tempora";"multiselect deleniti quis";"multiselect aut qui";"multiselect aliquam ea";1;1;;;
attr_69;pim_catalog_price_collection;attr_gr_10;1;"price_collection veniam esse";"price_collection tenetur sed";"price_collection ex ut";"price_collection provident pariatur";0;0;;;
attr_70;pim_catalog_price_collection;attr_gr_12;0;"price_collection rerum nihil";"price_collection excepturi cum";"price_collection omnis facere";"price_collection eum similique";0;0;;;
attr_71;pim_catalog_date;attr_gr_4;0;"date eum dolorum";"date quas aliquid";"date quo quae";"date voluptatem optio";0;0;;;
attr_72;pim_catalog_price_collection;attr_gr_11;0;"price_collection rem quisquam";"price_collection in totam";"price_collection natus illo";"price_collection qui voluptatum";1;0;;;
attr_73;pim_catalog_multiselect;attr_gr_6;0;"multiselect eos amet";"multiselect vel aut";"multiselect nostrum nobis";"multiselect omnis tempora";0;0;;;
attr_74;pim_catalog_file;attr_gr_4;0;"file aperiam beatae";"file aut minus";"file ipsum fugiat";"file libero consequatur";0;0;jpg,pdf;;
attr_75;pim_catalog_number;attr_gr_8;1;"number et quia";"number ad porro";"number doloribus consequuntur";"number tenetur non";0;0;;;
attr_76;pim_catalog_multiselect;attr_gr_11;1;"multiselect autem fugiat";"multiselect facilis et";"multiselect et et";"multiselect quo minus";0;0;;;
attr_77;pim_catalog_number;attr_gr_3;0;"number et possimus";"number consequuntur labore";"number sed optio";"number magnam at";0;0;;;
attr_78;pim_catalog_number;attr_gr_5;0;"number tenetur hic";"number consequatur ratione";"number molestiae deserunt";"number vel et";0;0;;;
attr_79;pim_catalog_boolean;attr_gr_3;0;"boolean earum neque";"boolean numquam impedit";"boolean rerum numquam";"boolean et itaque";0;0;;;
attr_80;pim_catalog_image;attr_gr_4;0;"image voluptas molestiae";"image minima nobis";"image commodi voluptas";"image et adipisci";0;0;pdf,jpg;;
attr_81;pim_catalog_simpleselect;attr_gr_10;0;"simpleselect tenetur nobis";"simpleselect quo perferendis";"simpleselect id doloribus";"simpleselect esse velit";0;0;;;
attr_82;pim_catalog_price_collection;attr_gr_6;0;"price_collection commodi praesentium";"price_collection provident debitis";"price_collection sed velit";"price_collection aut nulla";0;0;;;
attr_83;pim_catalog_metric;attr_gr_3;0;"metric et quia";"metric adipisci sequi";"metric id et";"metric facere autem";0;0;;Length;METER
attr_84;pim_catalog_boolean;attr_gr_7;0;"boolean dolores voluptas";"boolean natus eos";"boolean ea assumenda";"boolean culpa nostrum";0;1;;;
attr_85;pim_catalog_multiselect;attr_gr_11;0;"multiselect dolores ut";"multiselect totam eum";"multiselect qui animi";"multiselect distinctio praesentium";0;0;;;
attr_86;pim_catalog_textarea;attr_gr_0;0;"textarea dolorem ratione";"textarea occaecati qui";"textarea recusandae minus";"textarea labore harum";0;0;;;
attr_87;pim_catalog_simpleselect;attr_gr_11;0;"simpleselect et dolorem";"simpleselect eius ut";"simpleselect nemo ratione";"simpleselect dolores magnam";0;0;;;
attr_88;pim_catalog_image;attr_gr_6;0;"image explicabo veritatis";"image doloribus officiis";"image illum neque";"image rerum numquam";0;0;png,jpg;;
attr_89;pim_catalog_text;attr_gr_13;0;"text soluta ex";"text fugiat aut";"text debitis quaerat";"text quae alias";0;0;;;
attr_90;pim_catalog_textarea;attr_gr_1;0;"textarea sunt eveniet";"textarea saepe doloremque";"textarea reiciendis fugiat";"textarea dolorem officia";0;0;;;
attr_91;pim_catalog_multiselect;attr_gr_1;1;"multiselect voluptatibus dolorem";"multiselect omnis consequatur";"multiselect sed explicabo";"multiselect possimus iste";0;0;;;
attr_92;pim_catalog_price_collection;attr_gr_10;0;"price_collection ea laborum";"price_collection qui quis";"price_collection consequatur neque";"price_collection quo expedita";0;0;;;
attr_93;pim_catalog_simpleselect;attr_gr_8;0;"simpleselect iste ipsum";"simpleselect reiciendis deleniti";"simpleselect nemo culpa";"simpleselect consectetur et";0;0;;;
attr_94;pim_catalog_price_collection;attr_gr_11;1;"price_collection dicta nihil";"price_collection quo consequatur";"price_collection ab eos";"price_collection assumenda a";0;0;;;
attr_95;pim_catalog_simpleselect;attr_gr_0;0;"simpleselect dignissimos sed";"simpleselect asperiores adipisci";"simpleselect quasi quo";"simpleselect eum ea";0;0;;;
attr_96;pim_catalog_boolean;attr_gr_9;0;"boolean veniam sit";"boolean ad et";"boolean et ullam";"boolean minus est";1;0;;;
attr_97;pim_catalog_simpleselect;attr_gr_10;0;"simpleselect minima quaerat";"simpleselect repellendus ratione";"simpleselect ut vero";"simpleselect quam distinctio";0;0;;;
attr_98;pim_catalog_price_collection;attr_gr_1;0;"price_collection quidem vitae";"price_collection est hic";"price_collection quidem cumque";"price_collection sit qui";0;0;;;
attr_99;pim_catalog_text;attr_gr_8;0;"text sapiente a";"text libero quia";"text dolorem quasi";"text quasi laudantium";0;0;;;
attr_100;pim_catalog_number;attr_gr_12;0;"number quae repellendus";"number vel dolorem";"number quisquam animi";"number maiores ea";0;0;;;
attr_101;pim_catalog_file;attr_gr_7;0;"file aut dolorum";"file et non";"file asperiores voluptas";"file illum aut";0;0;jpg,pdf;;
attr_102;pim_catalog_file;attr_gr_6;0;"file aspernatur odio";"file cupiditate voluptatem";"file qui consequuntur";"file voluptatem ut";0;0;png,pdf;;
attr_103;pim_catalog_date;attr_gr_6;0;"date non in";"date quis velit";"date nemo esse";"date ut minima";0;0;;;
attr_104;pim_catalog_price_collection;attr_gr_0;1;"price_collection recusandae adipisci";"price_collection consequatur voluptas";"price_collection eaque quo";"price_collection quis natus";0;0;;;
attr_105;pim_catalog_number;attr_gr_14;0;"number consequatur laborum";"number et molestias";"number aliquam aut";"number nesciunt et";0;0;;;
attr_106;pim_catalog_date;attr_gr_13;0;"date suscipit nam";"date nostrum aut";"date velit saepe";"date at et";0;0;;;
attr_107;pim_catalog_price_collection;attr_gr_5;0;"price_collection in omnis";"price_collection animi velit";"price_collection amet qui";"price_collection sed impedit";0;0;;;
attr_108;pim_catalog_date;attr_gr_7;0;"date rerum nesciunt";"date non quam";"date nobis commodi";"date maiores quia";0;0;;;
attr_109;pim_catalog_file;attr_gr_5;0;"file voluptatem quia";"file optio occaecati";"file laborum laudantium";"file qui esse";0;0;jpg,pdf;;
attr_110;pim_catalog_file;attr_gr_9;0;"file asperiores et";"file beatae facilis";"file et suscipit";"file in vel";0;0;jpg,png;;
attr_111;pim_catalog_boolean;attr_gr_6;0;"boolean dolores debitis";"boolean odio sint";"boolean quis quibusdam";"boolean quia quas";0;0;;;
attr_112;pim_catalog_file;attr_gr_10;0;"file non fugiat";"file et qui";"file et magnam";"file sunt consequatur";0;0;png,jpg;;
attr_113;pim_catalog_number;attr_gr_6;0;"number dolorem nostrum";"number nobis sed";"number atque error";"number nemo et";0;0;;;
attr_114;pim_catalog_boolean;attr_gr_9;0;"boolean facere ipsum";"boolean est doloremque";"boolean sit ut";"boolean quisquam blanditiis";0;0;;;
attr_115;pim_catalog_date;attr_gr_7;0;"date rem adipisci";"date consectetur sed";"date et asperiores";"date alias corporis";0;0;;;
attr_116;pim_catalog_multiselect;attr_gr_12;0;"multiselect iste suscipit";"multiselect quibusdam voluptatem";"multiselect rem libero";"multiselect veritatis illo";0;0;;;
attr_117;pim_catalog_price_collection;attr_gr_9;0;"price_collection adipisci laboriosam";"price_collection culpa dolor";"price_collection dolorem ut";"price_collection optio excepturi";0;0;;;
attr_118;pim_catalog_number;attr_gr_12;1;"number id fuga";"number earum sint";"number et veritatis";"number voluptas hic";0;0;;;
attr_119;pim_catalog_image;attr_gr_6;0;"image et labore";"image voluptas at";"image ut quasi";"image eos non";1;0;jpg,pdf;;
attr_120;pim_catalog_metric;attr_gr_9;1;"metric quia voluptatum";"metric a autem";"metric voluptates aut";"metric cupiditate aut";0;0;;Length;METER
attr_121;pim_catalog_textarea;attr_gr_13;0;"textarea earum adipisci";"textarea aperiam numquam";"textarea voluptate minima";"textarea eligendi libero";0;0;;;
attr_122;pim_catalog_image;attr_gr_3;0;"image nulla voluptas";"image voluptatum fugiat";"image nostrum explicabo";"image sed nostrum";0;0;png,pdf;;
attr_123;pim_catalog_price_collection;attr_gr_7;0;"price_collection aut excepturi";"price_collection suscipit repellendus";"price_collection sit molestias";"price_collection iusto et";0;0;;;
attr_124;pim_catalog_boolean;attr_gr_7;0;"boolean voluptatibus sint";"boolean explicabo provident";"boolean non modi";"boolean dicta odio";0;0;;;
attr_125;pim_catalog_simpleselect;attr_gr_9;0;"simpleselect eligendi necessitatibus";"simpleselect eum repellat";"simpleselect omnis unde";"simpleselect accusamus aut";0;0;;;
attr_126;pim_catalog_boolean;attr_gr_0;0;"boolean repellat iure";"boolean facere maxime";"boolean occaecati numquam";"boolean ratione minus";1;0;;;
attr_127;pim_catalog_textarea;attr_gr_9;0;"textarea ut qui";"textarea quo temporibus";"textarea et voluptatibus";"textarea facilis iusto";0;0;;;
attr_128;pim_catalog_multiselect;attr_gr_5;0;"multiselect molestiae rerum";"multiselect laboriosam corrupti";"multiselect quis voluptatem";"multiselect qui beatae";0;0;;;
attr_129;pim_catalog_metric;attr_gr_4;0;"metric similique ducimus";"metric odio sit";"metric rerum doloribus";"metric dolores perferendis";0;0;;Length;METER
attr_130;pim_catalog_price_collection;attr_gr_14;0;"price_collection laudantium porro";"price_collection porro quo";"price_collection nostrum aliquam";"price_collection itaque dolorem";0;0;;;
attr_131;pim_catalog_simpleselect;attr_gr_10;0;"simpleselect laboriosam et";"simpleselect dolores omnis";"simpleselect vel qui";"simpleselect quia culpa";0;0;;;
attr_132;pim_catalog_boolean;attr_gr_8;0;"boolean qui sequi";"boolean officiis consectetur";"boolean doloremque voluptatibus";"boolean illum eos";0;1;;;
attr_133;pim_catalog_textarea;attr_gr_0;0;"textarea culpa necessitatibus";"textarea quis beatae";"textarea laudantium recusandae";"textarea exercitationem est";0;0;;;
attr_134;pim_catalog_file;attr_gr_8;0;"file quia ipsam";"file et quasi";"file et quisquam";"file quo a";0;0;jpg,pdf;;
attr_135;pim_catalog_date;attr_gr_5;0;"date officiis asperiores";"date maiores nihil";"date provident omnis";"date aperiam quia";0;0;;;
attr_136;pim_catalog_image;attr_gr_8;0;"image ullam itaque";"image quam ut";"image ut officiis";"image porro ratione";1;0;pdf,jpg;;
attr_137;pim_catalog_price_collection;attr_gr_8;0;"price_collection perspiciatis fugit";"price_collection omnis et";"price_collection quia accusantium";"price_collection et beatae";0;0;;;
attr_138;pim_catalog_image;attr_gr_10;0;"image consequuntur facere";"image laudantium ratione";"image consequatur consequatur";"image omnis laborum";0;0;png,pdf;;
attr_139;pim_catalog_file;attr_gr_11;0;"file nesciunt eum";"file suscipit qui";"file sequi maxime";"file nihil labore";0;0;png,jpg;;
attr_140;pim_catalog_simpleselect;attr_gr_6;0;"simpleselect sequi aut";"simpleselect inventore sint";"simpleselect reiciendis praesentium";"simpleselect at adipisci";0;0;;;
attr_141;pim_catalog_textarea;attr_gr_5;1;"textarea nulla amet";"textarea dolores voluptates";"textarea minima ipsum";"textarea aut fugit";0;0;;;
attr_142;pim_catalog_text;attr_gr_2;0;"text voluptatem enim";"text praesentium quia";"text reiciendis esse";"text distinctio excepturi";0;0;;;
attr_143;pim_catalog_price_collection;attr_gr_7;1;"price_collection tenetur omnis";"price_collection sunt dolores";"price_collection architecto error";"price_collection nobis nesciunt";0;0;;;
attr_144;pim_catalog_simpleselect;attr_gr_6;0;"simpleselect qui voluptas";"simpleselect est ad";"simpleselect consectetur ea";"simpleselect quos voluptatem";0;0;;;
attr_145;pim_catalog_boolean;attr_gr_9;0;"boolean est veniam";"boolean id in";"boolean dolor veniam";"boolean quos at";0;0;;;
attr_146;pim_catalog_boolean;attr_gr_13;0;"boolean necessitatibus aut";"boolean pariatur et";"boolean itaque assumenda";"boolean eos culpa";0;0;;;
attr_147;pim_catalog_textarea;attr_gr_14;0;"textarea sit alias";"textarea eius neque";"textarea velit sint";"textarea aliquam ea";0;0;;;
attr_148;pim_catalog_image;attr_gr_3;0;"image explicabo alias";"image eum odio";"image ipsa animi";"image voluptas et";0;0;pdf,jpg;;
attr_149;pim_catalog_multiselect;attr_gr_1;0;"multiselect accusamus error";"multiselect quis libero";"multiselect et doloribus";"multiselect voluptatem eaque";0;0;;;
attr_150;pim_catalog_boolean;attr_gr_7;0;"boolean rerum incidunt";"boolean maiores quasi";"boolean eius velit";"boolean esse reiciendis";0;0;;;
attr_151;pim_catalog_file;attr_gr_3;0;"file beatae sapiente";"file alias incidunt";"file sint omnis";"file nobis voluptas";0;0;jpg,png;;
attr_152;pim_catalog_date;attr_gr_11;0;"date sint unde";"date quam magnam";"date ipsam quisquam";"date est voluptatem";0;0;;;
attr_153;pim_catalog_textarea;attr_gr_1;0;"textarea odit asperiores";"textarea quis laboriosam";"textarea placeat error";"textarea porro sed";0;0;;;
attr_154;pim_catalog_boolean;attr_gr_0;0;"boolean vel expedita";"boolean et distinctio";"boolean occaecati sed";"boolean non porro";0;0;;;
attr_155;pim_catalog_multiselect;attr_gr_7;0;"multiselect perspiciatis corrupti";"multiselect quia iste";"multiselect voluptate tempora";"multiselect blanditiis consequuntur";0;0;;;
attr_156;pim_catalog_metric;attr_gr_7;0;"metric enim omnis";"metric veniam aliquid";"metric quae quia";"metric porro unde";0;0;;Length;METER
attr_157;pim_catalog_price_collection;attr_gr_11;1;"price_collection qui et";"price_collection minima consequatur";"price_collection hic aspernatur";"price_collection libero quo";0;0;;;
attr_158;pim_catalog_simpleselect;attr_gr_9;0;"simpleselect repellendus quibusdam";"simpleselect consequatur numquam";"simpleselect doloremque maiores";"simpleselect ducimus maxime";0;1;;;
attr_159;pim_catalog_metric;attr_gr_0;0;"metric delectus nihil";"metric itaque distinctio";"metric omnis et";"metric earum ut";0;0;;Length;METER
attr_160;pim_catalog_number;attr_gr_13;0;"number alias est";"number nemo alias";"number tenetur eveniet";"number est voluptatibus";0;0;;;
attr_161;pim_catalog_text;attr_gr_11;1;"text rerum est";"text aut aut";"text enim ratione";"text voluptatem doloribus";0;0;;;
attr_162;pim_catalog_image;attr_gr_2;0;"image aut enim";"image explicabo omnis";"image vel rerum";"image eveniet distinctio";0;0;png,jpg;;
attr_163;pim_catalog_text;attr_gr_10;0;"text omnis rerum";"text omnis et";"text voluptatem eveniet";"text velit enim";0;0;;;
attr_164;pim_catalog_textarea;attr_gr_11;0;"textarea optio eius";"textarea saepe vel";"textarea voluptatum voluptate";"textarea beatae vitae";0;0;;;
attr_165;pim_catalog_file;attr_gr_10;1;"file est laboriosam";"file distinctio hic";"file in et";"file velit velit";0;0;png,pdf;;
attr_166;pim_catalog_simpleselect;attr_gr_14;0;"simpleselect consequatur eum";"simpleselect iste repudiandae";"simpleselect iure nihil";"simpleselect voluptas enim";0;0;;;
attr_167;pim_catalog_file;attr_gr_3;0;"file sit in";"file dolor officia";"file deserunt rem";"file ut maxime";0;0;pdf,jpg;;
attr_168;pim_catalog_metric;attr_gr_13;0;"metric similique aut";"metric est impedit";"metric ducimus velit";"metric suscipit sapiente";0;0;;Length;METER
attr_169;pim_catalog_number;attr_gr_13;0;"number possimus eaque";"number aut eum";"number incidunt dolore";"number fugiat quia";0;0;;;
attr_170;pim_catalog_simpleselect;attr_gr_6;0;"simpleselect quia velit";"simpleselect quam officia";"simpleselect quia eius";"simpleselect libero explicabo";0;0;;;
attr_171;pim_catalog_file;attr_gr_0;0;"file id sed";"file eum mollitia";"file molestiae sunt";"file aspernatur expedita";0;0;jpg,pdf;;
attr_172;pim_catalog_image;attr_gr_11;0;"image ut aliquam";"image esse enim";"image mollitia est";"image eligendi enim";0;0;jpg,png;;
attr_173;pim_catalog_image;attr_gr_0;0;"image error numquam";"image consectetur eos";"image et modi";"image ratione ex";0;0;pdf,jpg;;
attr_174;pim_catalog_boolean;attr_gr_10;0;"boolean ab nesciunt";"boolean delectus nemo";"boolean ratione quis";"boolean quia temporibus";0;0;;;
attr_175;pim_catalog_number;attr_gr_9;0;"number sit enim";"number dolorem qui";"number qui doloremque";"number quasi eos";0;0;;;
attr_176;pim_catalog_multiselect;attr_gr_10;0;"multiselect itaque ut";"multiselect quaerat laborum";"multiselect vitae doloribus";"multiselect enim quasi";0;0;;;
attr_177;pim_catalog_text;attr_gr_7;0;"text velit nemo";"text et enim";"text officiis dolorem";"text dolores repellat";0;0;;;
attr_178;pim_catalog_metric;attr_gr_7;0;"metric officiis voluptas";"metric ipsam sunt";"metric occaecati explicabo";"metric sed est";0;0;;Length;METER
attr_179;pim_catalog_file;attr_gr_4;0;"file alias et";"file earum possimus";"file quod ex";"file repellat ea";0;0;png,jpg;;
attr_180;pim_catalog_textarea;attr_gr_11;0;"textarea vero rerum";"textarea corporis eligendi";"textarea saepe voluptatum";"textarea ut ducimus";0;0;;;
attr_181;pim_catalog_simpleselect;attr_gr_5;0;"simpleselect eligendi qui";"simpleselect aut qui";"simpleselect aliquam architecto";"simpleselect libero sed";0;0;;;
attr_182;pim_catalog_boolean;attr_gr_11;0;"boolean sit voluptas";"boolean ullam laborum";"boolean beatae magni";"boolean nulla et";0;0;;;
attr_183;pim_catalog_text;attr_gr_2;0;"text consectetur ut";"text mollitia nesciunt";"text commodi molestiae";"text minima nobis";0;0;;;
attr_184;pim_catalog_number;attr_gr_11;0;"number aut perferendis";"number voluptatem et";"number fugit ut";"number voluptas animi";0;0;;;
attr_185;pim_catalog_textarea;attr_gr_10;0;"textarea odio culpa";"textarea cum et";"textarea ut quos";"textarea nulla perspiciatis";0;0;;;
attr_186;pim_catalog_boolean;attr_gr_10;0;"boolean consequatur aut";"boolean quae praesentium";"boolean minus doloremque";"boolean alias error";0;0;;;
attr_187;pim_catalog_metric;attr_gr_9;0;"metric ut alias";"metric vero quaerat";"metric rerum voluptate";"metric quis aspernatur";0;0;;Length;METER
attr_188;pim_catalog_metric;attr_gr_3;0;"metric praesentium qui";"metric voluptas corporis";"metric incidunt doloremque";"metric quisquam ducimus";0;0;;Length;METER
attr_189;pim_catalog_file;attr_gr_7;0;"file explicabo ullam";"file in harum";"file sed vel";"file voluptas accusamus";0;0;pdf,jpg;;
attr_190;pim_catalog_textarea;attr_gr_8;0;"textarea recusandae est";"textarea neque sapiente";"textarea repudiandae architecto";"textarea excepturi consequatur";0;0;;;
attr_191;pim_catalog_price_collection;attr_gr_10;0;"price_collection vel pariatur";"price_collection laboriosam autem";"price_collection suscipit cumque";"price_collection enim ut";0;0;;;
attr_192;pim_catalog_textarea;attr_gr_13;0;"textarea tenetur excepturi";"textarea tenetur quidem";"textarea ut occaecati";"textarea consequatur occaecati";0;0;;;
attr_193;pim_catalog_price_collection;attr_gr_14;0;"price_collection id impedit";"price_collection debitis consequuntur";"price_collection necessitatibus reprehenderit";"price_collection rerum quis";0;0;;;
attr_194;pim_catalog_date;attr_gr_5;0;"date saepe tenetur";"date sunt ut";"date reprehenderit qui";"date odit qui";0;0;;;
attr_195;pim_catalog_price_collection;attr_gr_6;0;"price_collection rem ipsam";"price_collection quia consequatur";"price_collection dolorem autem";"price_collection sit quasi";0;0;;;
attr_196;pim_catalog_boolean;attr_gr_12;0;"boolean autem labore";"boolean totam impedit";"boolean placeat perspiciatis";"boolean alias non";0;0;;;
attr_197;pim_catalog_date;attr_gr_5;0;"date expedita similique";"date fuga ut";"date amet nesciunt";"date officia nobis";0;0;;;
attr_198;pim_catalog_number;attr_gr_10;0;"number sed autem";"number ut sint";"number at repellat";"number voluptatem totam";0;1;;;
attr_199;pim_catalog_boolean;attr_gr_12;1;"boolean ullam nesciunt";"boolean voluptate sequi";"boolean expedita dicta";"boolean libero molestiae";0;0;;;
attr_200;pim_catalog_simpleselect;attr_gr_8;0;"simpleselect sit beatae";"simpleselect velit quia";"simpleselect sit praesentium";"simpleselect numquam officia";0;0;;;
attr_201;pim_catalog_file;attr_gr_4;0;"file laborum eum";"file a distinctio";"file asperiores sapiente";"file sit illo";0;0;png,pdf;;
attr_202;pim_catalog_file;attr_gr_13;0;"file officiis autem";"file dolores exercitationem";"file soluta quos";"file iure minima";0;0;jpg,png;;
attr_203;pim_catalog_file;attr_gr_10;0;"file autem deserunt";"file laborum quibusdam";"file adipisci in";"file ad adipisci";0;0;pdf,png;;
attr_204;pim_catalog_number;attr_gr_0;0;"number quae perspiciatis";"number inventore molestiae";"number sit itaque";"number iusto accusamus";0;0;;;
attr_205;pim_catalog_multiselect;attr_gr_7;0;"multiselect praesentium autem";"multiselect excepturi numquam";"multiselect repellat et";"multiselect quam delectus";0;0;;;
attr_206;pim_catalog_price_collection;attr_gr_3;0;"price_collection quod sint";"price_collection aliquam minima";"price_collection aut nostrum";"price_collection odit fugit";0;0;;;
attr_207;pim_catalog_number;attr_gr_8;0;"number unde dignissimos";"number ut ipsa";"number dicta iusto";"number vero ducimus";0;0;;;
attr_208;pim_catalog_simpleselect;attr_gr_12;0;"simpleselect fugit pariatur";"simpleselect cum consequatur";"simpleselect voluptatem qui";"simpleselect laborum non";0;0;;;
attr_209;pim_catalog_simpleselect;attr_gr_11;0;"simpleselect dolores autem";"simpleselect id sed";"simpleselect rem voluptate";"simpleselect qui dicta";0;0;;;
attr_210;pim_catalog_file;attr_gr_2;0;"file dolorem consequuntur";"file autem architecto";"file adipisci cumque";"file voluptas aut";0;0;png,pdf;;
attr_211;pim_catalog_simpleselect;attr_gr_6;0;"simpleselect deserunt consequuntur";"simpleselect qui facere";"simpleselect cupiditate molestias";"simpleselect iste et";0;1;;;
attr_212;pim_catalog_price_collection;attr_gr_2;0;"price_collection numquam veniam";"price_collection quo quaerat";"price_collection inventore quis";"price_collection ea consequuntur";0;0;;;
attr_213;pim_catalog_metric;attr_gr_9;0;"metric veritatis blanditiis";"metric necessitatibus repellendus";"metric sit natus";"metric minima in";0;0;;Length;METER
attr_214;pim_catalog_image;attr_gr_2;0;"image esse soluta";"image exercitationem molestiae";"image quae iure";"image amet eos";0;0;png,pdf;;
attr_215;pim_catalog_simpleselect;attr_gr_14;0;"simpleselect assumenda doloremque";"simpleselect nemo officia";"simpleselect eius nesciunt";"simpleselect voluptas nemo";0;0;;;
attr_216;pim_catalog_multiselect;attr_gr_13;0;"multiselect repudiandae quos";"multiselect ducimus voluptate";"multiselect pariatur quia";"multiselect fuga aut";0;0;;;
attr_217;pim_catalog_file;attr_gr_2;0;"file saepe quia";"file et nulla";"file pariatur perspiciatis";"file et doloribus";0;0;jpg,png;;
attr_218;pim_catalog_date;attr_gr_0;0;"date fuga et";"date distinctio enim";"date eos assumenda";"date repudiandae occaecati";0;0;;;
attr_219;pim_catalog_multiselect;attr_gr_11;0;"multiselect impedit animi";"multiselect autem dolores";"multiselect quisquam reiciendis";"multiselect qui sed";0;0;;;
attr_220;pim_catalog_date;attr_gr_12;0;"date placeat cumque";"date dolore quod";"date quis magnam";"date aut animi";0;0;;;
attr_221;pim_catalog_textarea;attr_gr_0;0;"textarea dolor est";"textarea quasi fugit";"textarea ducimus voluptatem";"textarea voluptas in";0;0;;;
attr_222;pim_catalog_text;attr_gr_13;1;"text consequatur minima";"text optio cumque";"text quae distinctio";"text illo minima";0;0;;;
attr_223;pim_catalog_metric;attr_gr_0;0;"metric doloremque laudantium";"metric autem et";"metric delectus molestias";"metric esse ad";0;0;;Length;METER
attr_224;pim_catalog_multiselect;attr_gr_2;0;"multiselect consequatur laudantium";"multiselect et et";"multiselect minus atque";"multiselect quia quia";0;0;;;
attr_225;pim_catalog_number;attr_gr_3;0;"number enim soluta";"number quos autem";"number laudantium reiciendis";"number possimus qui";0;0;;;
attr_226;pim_catalog_date;attr_gr_14;0;"date repudiandae assumenda";"date omnis natus";"date consequuntur nisi";"date optio labore";0;0;;;
attr_227;pim_catalog_textarea;attr_gr_3;0;"textarea perferendis autem";"textarea officia id";"textarea aut aut";"textarea accusantium et";0;0;;;
attr_228;pim_catalog_text;attr_gr_14;1;"text officia expedita";"text sunt iure";"text voluptatem natus";"text amet voluptatibus";0;0;;;
attr_229;pim_catalog_price_collection;attr_gr_13;0;"price_collection tempore excepturi";"price_collection cupiditate voluptas";"price_collection commodi possimus";"price_collection ut dicta";1;0;;;
attr_230;pim_catalog_multiselect;attr_gr_1;0;"multiselect quod doloremque";"multiselect magnam amet";"multiselect sint non";"multiselect molestias reiciendis";0;0;;;
attr_231;pim_catalog_price_collection;attr_gr_5;0;"price_collection ut a";"price_collection quos molestiae";"price_collection sit consequuntur";"price_collection incidunt molestiae";0;0;;;
attr_232;pim_catalog_multiselect;attr_gr_11;0;"multiselect qui at";"multiselect aut consequatur";"multiselect quo sequi";"multiselect culpa sit";0;0;;;
attr_233;pim_catalog_image;attr_gr_0;0;"image ut labore";"image delectus modi";"image velit ab";"image quasi ut";0;1;png,pdf;;
attr_234;pim_catalog_text;attr_gr_14;0;"text consequatur qui";"text assumenda assumenda";"text totam magnam";"text earum aut";0;0;;;
attr_235;pim_catalog_boolean;attr_gr_8;0;"boolean aliquid veritatis";"boolean quam optio";"boolean voluptas porro";"boolean eaque qui";0;0;;;
attr_236;pim_catalog_multiselect;attr_gr_2;1;"multiselect sit ea";"multiselect qui minima";"multiselect sequi adipisci";"multiselect ullam quis";0;0;;;
attr_237;pim_catalog_number;attr_gr_11;0;"number in omnis";"number aut esse";"number non cumque";"number expedita est";0;0;;;
attr_238;pim_catalog_text;attr_gr_8;0;"text et harum";"text sit quia";"text quae consequuntur";"text aliquam optio";0;0;;;
attr_239;pim_catalog_file;attr_gr_6;0;"file itaque nostrum";"file occaecati quod";"file eveniet vel";"file quae at";0;0;png,jpg;;
attr_240;pim_catalog_simpleselect;attr_gr_2;0;"simpleselect ullam numquam";"simpleselect facilis saepe";"simpleselect natus officiis";"simpleselect maiores eum";0;1;;;
attr_241;pim_catalog_textarea;attr_gr_4;0;"textarea reiciendis minus";"textarea mollitia doloremque";"textarea iste iure";"textarea totam quo";0;0;;;
attr_242;pim_catalog_multiselect;attr_gr_2;0;"multiselect dolor voluptate";"multiselect voluptatibus dolores";"multiselect fugit nam";"multiselect sapiente sequi";0;0;;;
attr_243;pim_catalog_image;attr_gr_12;0;"image at libero";"image qui et";"image vel aperiam";"image ea magnam";1;0;jpg,pdf;;
attr_244;pim_catalog_simpleselect;attr_gr_9;0;"simpleselect quia culpa";"simpleselect dicta expedita";"simpleselect porro ut";"simpleselect ut iusto";0;0;;;
attr_245;pim_catalog_multiselect;attr_gr_10;0;"multiselect ea temporibus";"multiselect iusto ratione";"multiselect totam et";"multiselect aut ullam";0;0;;;
attr_246;pim_catalog_simpleselect;attr_gr_3;0;"simpleselect laboriosam libero";"simpleselect deserunt suscipit";"simpleselect ipsam saepe";"simpleselect corrupti inventore";0;0;;;
attr_247;pim_catalog_price_collection;attr_gr_2;0;"price_collection excepturi consequatur";"price_collection aspernatur aut";"price_collection rem et";"price_collection sint rem";0;0;;;
attr_248;pim_catalog_number;attr_gr_13;0;"number qui placeat";"number qui ullam";"number dignissimos qui";"number repellat consectetur";1;0;;;
attr_249;pim_catalog_metric;attr_gr_9;0;"metric reprehenderit eveniet";"metric consequuntur et";"metric repellendus qui";"metric non sed";0;0;;Length;METER
attr_250;pim_catalog_file;attr_gr_7;0;"file a facere";"file voluptatum vero";"file corrupti quos";"file id quod";0;0;jpg,png;;
attr_251;pim_catalog_file;attr_gr_6;0;"file expedita sapiente";"file dolore corporis";"file adipisci et";"file non doloremque";0;0;pdf,jpg;;
attr_252;pim_catalog_date;attr_gr_7;0;"date tempora libero";"date temporibus fugit";"date fugiat qui";"date sapiente non";1;0;;;
attr_253;pim_catalog_boolean;attr_gr_6;0;"boolean iusto atque";"boolean quis consequatur";"boolean rerum sed";"boolean voluptatem nostrum";0;0;;;
attr_254;pim_catalog_file;attr_gr_2;0;"file incidunt sint";"file exercitationem accusantium";"file dolorem quia";"file voluptates iusto";0;1;png,pdf;;
attr_255;pim_catalog_simpleselect;attr_gr_10;0;"simpleselect facere adipisci";"simpleselect deserunt sit";"simpleselect eum consectetur";"simpleselect minima modi";0;0;;;
attr_256;pim_catalog_date;attr_gr_3;1;"date voluptas eaque";"date natus recusandae";"date dolores sint";"date suscipit et";0;0;;;
attr_257;pim_catalog_metric;attr_gr_1;0;"metric laboriosam voluptates";"metric accusamus labore";"metric nisi molestiae";"metric reprehenderit incidunt";0;0;;Length;METER
attr_258;pim_catalog_multiselect;attr_gr_6;0;"multiselect perferendis inventore";"multiselect nihil voluptas";"multiselect debitis velit";"multiselect facilis voluptate";0;0;;;
attr_259;pim_catalog_text;attr_gr_10;0;"text aliquid voluptatem";"text voluptatem expedita";"text repudiandae hic";"text reprehenderit aut";0;0;;;
attr_260;pim_catalog_metric;attr_gr_14;0;"metric voluptatem qui";"metric laborum nesciunt";"metric quia eaque";"metric hic harum";0;0;;Length;METER
attr_261;pim_catalog_price_collection;attr_gr_1;0;"price_collection non ab";"price_collection placeat porro";"price_collection ea amet";"price_collection earum quae";0;0;;;
attr_262;pim_catalog_multiselect;attr_gr_11;0;"multiselect dicta beatae";"multiselect alias quaerat";"multiselect voluptatem vitae";"multiselect eligendi eveniet";0;0;;;
attr_263;pim_catalog_price_collection;attr_gr_14;0;"price_collection facilis natus";"price_collection aliquid ex";"price_collection iure quae";"price_collection tenetur nisi";0;0;;;
attr_264;pim_catalog_multiselect;attr_gr_3;0;"multiselect nemo perferendis";"multiselect quia mollitia";"multiselect necessitatibus aut";"multiselect minima magnam";1;0;;;
attr_265;pim_catalog_price_collection;attr_gr_7;0;"price_collection alias ut";"price_collection vel consectetur";"price_collection quos dolores";"price_collection deleniti deleniti";0;0;;;
attr_266;pim_catalog_textarea;attr_gr_2;0;"textarea autem quia";"textarea quo in";"textarea commodi voluptate";"textarea excepturi et";0;0;;;
attr_267;pim_catalog_boolean;attr_gr_7;0;"boolean rerum qui";"boolean tenetur vel";"boolean libero est";"boolean modi illum";0;0;;;
attr_268;pim_catalog_image;attr_gr_8;0;"image autem quia";"image est qui";"image consequatur quo";"image consequatur occaecati";0;0;pdf,jpg;;
attr_269;pim_catalog_price_collection;attr_gr_0;0;"price_collection nihil et";"price_collection illo velit";"price_collection alias voluptas";"price_collection quaerat architecto";0;0;;;
attr_270;pim_catalog_boolean;attr_gr_5;0;"boolean fuga quo";"boolean quaerat dolores";"boolean est quia";"boolean necessitatibus tenetur";1;0;;;
attr_271;pim_catalog_boolean;attr_gr_13;0;"boolean minima expedita";"boolean ea voluptatem";"boolean nisi iure";"boolean non autem";0;0;;;
attr_272;pim_catalog_file;attr_gr_12;0;"file rerum hic";"file esse fuga";"file tempora architecto";"file voluptate at";0;0;jpg,pdf;;
attr_273;pim_catalog_price_collection;attr_gr_9;0;"price_collection quam pariatur";"price_collection odio hic";"price_collection accusamus illo";"price_collection harum aut";0;1;;;
attr_274;pim_catalog_simpleselect;attr_gr_1;0;"simpleselect molestiae soluta";"simpleselect maiores suscipit";"simpleselect porro nesciunt";"simpleselect voluptatem unde";0;0;;;
attr_275;pim_catalog_file;attr_gr_1;0;"file praesentium illo";"file ratione magnam";"file quo repellat";"file commodi autem";0;0;pdf,jpg;;
attr_276;pim_catalog_price_collection;attr_gr_12;0;"price_collection quia sunt";"price_collection ratione sit";"price_collection aut quis";"price_collection corporis quo";0;0;;;
attr_277;pim_catalog_metric;attr_gr_11;0;"metric possimus dicta";"metric placeat sit";"metric dolor cum";"metric sunt explicabo";0;0;;Length;METER
attr_278;pim_catalog_file;attr_gr_1;0;"file eius non";"file quia harum";"file est quod";"file consequatur eos";0;0;jpg,pdf;;
attr_279;pim_catalog_date;attr_gr_7;1;"date amet et";"date itaque voluptas";"date voluptatem sit";"date molestiae quod";0;0;;;
attr_280;pim_catalog_number;attr_gr_3;0;"number est sunt";"number eum autem";"number provident expedita";"number qui aut";0;0;;;
attr_281;pim_catalog_file;attr_gr_10;1;"file qui iusto";"file aut aut";"file consequatur magni";"file numquam quae";0;0;jpg,png;;
attr_282;pim_catalog_multiselect;attr_gr_0;0;"multiselect facilis debitis";"multiselect et impedit";"multiselect libero et";"multiselect ex fugiat";0;0;;;
attr_283;pim_catalog_multiselect;attr_gr_7;0;"multiselect illo iure";"multiselect vel recusandae";"multiselect consequatur et";"multiselect ab qui";0;0;;;
attr_284;pim_catalog_textarea;attr_gr_14;0;"textarea aut ut";"textarea odio doloribus";"textarea sint et";"textarea dolor maiores";0;0;;;
attr_285;pim_catalog_metric;attr_gr_9;1;"metric et maxime";"metric ratione neque";"metric omnis autem";"metric voluptatem sit";0;0;;Length;METER
attr_286;pim_catalog_date;attr_gr_7;0;"date et aut";"date cum repellat";"date soluta nobis";"date exercitationem provident";1;0;;;
attr_287;pim_catalog_number;attr_gr_5;0;"number fuga numquam";"number quos ipsa";"number omnis rem";"number voluptas possimus";0;0;;;
attr_288;pim_catalog_number;attr_gr_5;0;"number voluptatum et";"number vel ut";"number architecto saepe";"number sed est";0;0;;;
attr_289;pim_catalog_multiselect;attr_gr_6;0;"multiselect asperiores molestiae";"multiselect quidem perspiciatis";"multiselect laudantium ut";"multiselect voluptatem eum";0;0;;;
attr_290;pim_catalog_price_collection;attr_gr_2;0;"price_collection sapiente consequatur";"price_collection illum repudiandae";"price_collection id consequatur";"price_collection voluptas officia";0;0;;;
attr_291;pim_catalog_multiselect;attr_gr_8;0;"multiselect nulla dicta";"multiselect sapiente et";"multiselect fuga quia";"multiselect optio possimus";0;0;;;
attr_292;pim_catalog_text;attr_gr_9;0;"text illum aut";"text ipsa quia";"text cum officia";"text ab nihil";0;0;;;
attr_293;pim_catalog_metric;attr_gr_6;0;"metric numquam sit";"metric repellat repudiandae";"metric nemo nihil";"metric aut quia";0;0;;Length;METER
attr_294;pim_catalog_metric;attr_gr_4;0;"metric et nihil";"metric quod quo";"metric tenetur beatae";"metric recusandae nulla";0;0;;Length;METER
attr_295;pim_catalog_metric;attr_gr_5;0;"metric aliquam dolorem";"metric hic deleniti";"metric et blanditiis";"metric consectetur rerum";0;0;;Length;METER
attr_296;pim_catalog_simpleselect;attr_gr_10;0;"simpleselect perferendis sed";"simpleselect deleniti et";"simpleselect et nulla";"simpleselect est velit";0;0;;;
attr_297;pim_catalog_number;attr_gr_0;0;"number voluptas facere";"number sed eius";"number est et";"number tempora qui";0;0;;;
attr_298;pim_catalog_text;attr_gr_6;0;"text asperiores dolore";"text et aut";"text temporibus distinctio";"text quia placeat";0;0;;;
attr_299;pim_catalog_multiselect;attr_gr_6;0;"multiselect deserunt exercitationem";"multiselect voluptatem voluptatem";"multiselect illo nesciunt";"multiselect mollitia a";0;0;;;
attr_300;pim_catalog_number;attr_gr_12;0;"number et vel";"number magnam deserunt";"number laboriosam ducimus";"number hic fugit";0;0;;;
attr_301;pim_catalog_boolean;attr_gr_5;0;"boolean voluptatum eaque";"boolean culpa quas";"boolean cum velit";"boolean cupiditate dolorem";0;0;;;
attr_302;pim_catalog_metric;attr_gr_12;0;"metric debitis enim";"metric est officia";"metric fugit occaecati";"metric neque dolores";0;0;;Length;METER
attr_303;pim_catalog_multiselect;attr_gr_1;0;"multiselect laudantium sit";"multiselect adipisci qui";"multiselect quidem repellat";"multiselect blanditiis est";0;0;;;
attr_304;pim_catalog_price_collection;attr_gr_8;0;"price_collection ducimus fugit";"price_collection ea totam";"price_collection mollitia non";"price_collection id voluptatibus";0;0;;;
attr_305;pim_catalog_simpleselect;attr_gr_6;0;"simpleselect tempore distinctio";"simpleselect enim iste";"simpleselect vel dolore";"simpleselect sit blanditiis";0;0;;;
attr_306;pim_catalog_number;attr_gr_6;0;"number iure nam";"number id officiis";"number veniam consequuntur";"number dolorem facere";0;1;;;
attr_307;pim_catalog_image;attr_gr_3;1;"image officiis doloremque";"image odit suscipit";"image nihil et";"image qui qui";0;0;png,jpg;;
attr_308;pim_catalog_boolean;attr_gr_9;0;"boolean architecto dolorem";"boolean facere tempore";"boolean molestiae qui";"boolean aut rem";0;0;;;
attr_309;pim_catalog_textarea;attr_gr_12;0;"textarea quos et";"textarea placeat iusto";"textarea consectetur quae";"textarea perspiciatis aut";0;0;;;
attr_310;pim_catalog_multiselect;attr_gr_5;0;"multiselect mollitia illum";"multiselect ut minus";"multiselect quia fugit";"multiselect animi non";0;0;;;
attr_311;pim_catalog_text;attr_gr_7;1;"text iste rerum";"text delectus velit";"text beatae odit";"text non non";0;0;;;
attr_312;pim_catalog_price_collection;attr_gr_12;0;"price_collection consequatur sit";"price_collection ut corrupti";"price_collection aut neque";"price_collection perspiciatis ducimus";0;0;;;
attr_313;pim_catalog_price_collection;attr_gr_8;0;"price_collection voluptatem officiis";"price_collection sit architecto";"price_collection quisquam aspernatur";"price_collection quia blanditiis";0;0;;;
attr_314;pim_catalog_image;attr_gr_4;0;"image eum est";"image quidem in";"image laudantium tenetur";"image esse et";0;0;pdf,jpg;;
attr_315;pim_catalog_simpleselect;attr_gr_5;0;"simpleselect saepe laborum";"simpleselect vel minus";"simpleselect quisquam est";"simpleselect blanditiis eligendi";0;0;;;
attr_316;pim_catalog_boolean;attr_gr_3;0;"boolean nisi eligendi";"boolean illum sed";"boolean dolor facilis";"boolean ducimus et";0;0;;;
attr_317;pim_catalog_text;attr_gr_13;0;"text qui cupiditate";"text ut omnis";"text ex nulla";"text sunt aut";0;0;;;
attr_318;pim_catalog_text;attr_gr_8;0;"text assumenda magnam";"text et ex";"text tempora optio";"text deleniti debitis";0;0;;;
attr_319;pim_catalog_textarea;attr_gr_7;0;"textarea esse sequi";"textarea architecto at";"textarea sunt aut";"textarea laudantium rem";0;0;;;
attr_320;pim_catalog_text;attr_gr_13;0;"text nobis maxime";"text rem alias";"text iusto repellendus";"text eveniet qui";0;0;;;
attr_321;pim_catalog_boolean;attr_gr_0;1;"boolean voluptas aliquam";"boolean minima ducimus";"boolean numquam cumque";"boolean sint libero";0;0;;;
attr_322;pim_catalog_date;attr_gr_3;0;"date eum dolorem";"date error nihil";"date eaque officia";"date hic nisi";0;0;;;
attr_323;pim_catalog_number;attr_gr_11;0;"number expedita tempora";"number est amet";"number dolorum architecto";"number aut dolor";0;1;;;
attr_324;pim_catalog_price_collection;attr_gr_1;0;"price_collection quo id";"price_collection ipsa facilis";"price_collection quisquam maiores";"price_collection quia maiores";0;0;;;
attr_325;pim_catalog_simpleselect;attr_gr_0;0;"simpleselect quo deserunt";"simpleselect tempora blanditiis";"simpleselect animi vero";"simpleselect beatae rerum";0;0;;;
attr_326;pim_catalog_metric;attr_gr_14;0;"metric veritatis in";"metric ducimus laudantium";"metric sed non";"metric et vitae";0;0;;Length;METER
attr_327;pim_catalog_multiselect;attr_gr_13;0;"multiselect ut et";"multiselect quae velit";"multiselect voluptatem sapiente";"multiselect ut consequatur";0;0;;;
attr_328;pim_catalog_simpleselect;attr_gr_12;0;"simpleselect voluptas non";"simpleselect ipsam perferendis";"simpleselect sit consequatur";"simpleselect repellendus consequatur";0;0;;;
attr_329;pim_catalog_number;attr_gr_14;0;"number excepturi soluta";"number quibusdam corporis";"number ab qui";"number occaecati quo";0;0;;;
attr_330;pim_catalog_text;attr_gr_0;0;"text dignissimos laudantium";"text laudantium eligendi";"text dolores quod";"text eveniet voluptates";0;0;;;
attr_331;pim_catalog_text;attr_gr_3;0;"text quis quidem";"text sed magni";"text architecto officiis";"text nesciunt eveniet";0;0;;;
attr_332;pim_catalog_text;attr_gr_14;0;"text nisi inventore";"text est tempore";"text autem quisquam";"text harum in";0;0;;;
attr_333;pim_catalog_multiselect;attr_gr_14;0;"multiselect laboriosam accusamus";"multiselect tempore rerum";"multiselect aut laborum";"multiselect dolorum enim";0;0;;;
attr_334;pim_catalog_simpleselect;attr_gr_10;0;"simpleselect eius consequuntur";"simpleselect molestias sint";"simpleselect aut voluptas";"simpleselect voluptatibus quae";0;0;;;
attr_335;pim_catalog_textarea;attr_gr_0;0;"textarea asperiores ipsam";"textarea veniam perspiciatis";"textarea amet ipsa";"textarea incidunt non";0;0;;;
attr_336;pim_catalog_textarea;attr_gr_12;0;"textarea laboriosam asperiores";"textarea aliquid laudantium";"textarea asperiores ut";"textarea dolorem aut";0;0;;;
attr_337;pim_catalog_image;attr_gr_8;0;"image earum quod";"image eligendi dolorum";"image molestiae qui";"image asperiores similique";0;0;png,jpg;;
attr_338;pim_catalog_date;attr_gr_7;0;"date alias ducimus";"date veniam labore";"date rerum non";"date vel omnis";0;0;;;
attr_339;pim_catalog_multiselect;attr_gr_7;0;"multiselect sint est";"multiselect ullam dignissimos";"multiselect totam qui";"multiselect reprehenderit corporis";0;0;;;
attr_340;pim_catalog_text;attr_gr_4;0;"text sunt natus";"text aut nobis";"text veniam non";"text tenetur facere";0;0;;;
attr_341;pim_catalog_date;attr_gr_14;0;"date nobis ex";"date aliquid cupiditate";"date nostrum quis";"date et voluptas";0;0;;;
attr_342;pim_catalog_metric;attr_gr_0;0;"metric error quia";"metric aut cum";"metric autem placeat";"metric error natus";0;0;;Length;METER
attr_343;pim_catalog_image;attr_gr_0;0;"image sed corrupti";"image eaque itaque";"image nostrum eum";"image hic id";0;0;jpg,png;;
attr_344;pim_catalog_number;attr_gr_10;0;"number minima voluptatibus";"number veniam dignissimos";"number commodi nam";"number repudiandae et";1;0;;;
attr_345;pim_catalog_file;attr_gr_2;0;"file nostrum occaecati";"file quisquam eius";"file omnis aliquid";"file quas labore";0;0;pdf,jpg;;
attr_346;pim_catalog_multiselect;attr_gr_6;0;"multiselect in velit";"multiselect laudantium consequatur";"multiselect dolores velit";"multiselect rerum doloribus";0;0;;;
attr_347;pim_catalog_multiselect;attr_gr_10;0;"multiselect perferendis et";"multiselect occaecati non";"multiselect eligendi est";"multiselect dolore deleniti";0;0;;;
attr_348;pim_catalog_image;attr_gr_3;0;"image ab sit";"image nisi enim";"image eveniet aliquid";"image omnis suscipit";0;0;png,jpg;;
attr_349;pim_catalog_date;attr_gr_14;0;"date rerum maiores";"date minima aut";"date alias culpa";"date autem molestiae";0;1;;;
attr_350;pim_catalog_simpleselect;attr_gr_7;0;"simpleselect illum nostrum";"simpleselect architecto aut";"simpleselect facilis atque";"simpleselect dolores fuga";0;0;;;
attr_351;pim_catalog_boolean;attr_gr_4;0;"boolean ut aut";"boolean molestiae et";"boolean similique aspernatur";"boolean accusamus dignissimos";0;0;;;
attr_352;pim_catalog_text;attr_gr_12;0;"text et architecto";"text et quaerat";"text saepe illum";"text eum quam";0;0;;;
attr_353;pim_catalog_image;attr_gr_0;0;"image voluptates alias";"image tenetur quisquam";"image fugiat unde";"image in aut";0;0;png,jpg;;
attr_354;pim_catalog_date;attr_gr_2;1;"date voluptatum similique";"date dicta dolor";"date corrupti impedit";"date similique velit";0;0;;;
attr_355;pim_catalog_date;attr_gr_1;0;"date veniam dicta";"date facere illum";"date provident qui";"date quia consequatur";0;0;;;
attr_356;pim_catalog_date;attr_gr_5;0;"date est rerum";"date iure distinctio";"date temporibus autem";"date quia quidem";0;0;;;
attr_357;pim_catalog_price_collection;attr_gr_2;0;"price_collection alias recusandae";"price_collection illum suscipit";"price_collection veritatis ratione";"price_collection ut nisi";0;0;;;
attr_358;pim_catalog_image;attr_gr_4;0;"image ducimus omnis";"image dolor laudantium";"image occaecati exercitationem";"image nihil aut";0;0;pdf,jpg;;
attr_359;pim_catalog_metric;attr_gr_14;0;"metric aut nobis";"metric doloribus rerum";"metric dolorem aut";"metric sequi non";0;0;;Length;METER
attr_360;pim_catalog_number;attr_gr_8;0;"number non aut";"number veniam blanditiis";"number impedit sint";"number rerum sit";0;0;;;
attr_361;pim_catalog_multiselect;attr_gr_12;0;"multiselect itaque dignissimos";"multiselect assumenda neque";"multiselect numquam est";"multiselect non dolores";0;0;;;
attr_362;pim_catalog_date;attr_gr_5;0;"date repellendus aspernatur";"date nulla consequatur";"date doloremque sit";"date vel quam";0;0;;;
attr_363;pim_catalog_multiselect;attr_gr_0;0;"multiselect temporibus libero";"multiselect delectus minima";"multiselect dolores ipsa";"multiselect voluptatem ipsam";0;0;;;
attr_364;pim_catalog_date;attr_gr_8;0;"date vel unde";"date sapiente exercitationem";"date occaecati quos";"date dolores numquam";0;0;;;
attr_365;pim_catalog_price_collection;attr_gr_7;0;"price_collection voluptatum voluptatibus";"price_collection veniam ut";"price_collection dolores pariatur";"price_collection est iusto";0;0;;;
attr_366;pim_catalog_boolean;attr_gr_3;0;"boolean aut temporibus";"boolean aut placeat";"boolean quia ut";"boolean aut sed";1;0;;;
attr_367;pim_catalog_file;attr_gr_8;0;"file dolores sint";"file nobis occaecati";"file perspiciatis earum";"file autem doloribus";0;0;png,jpg;;
attr_368;pim_catalog_number;attr_gr_4;1;"number eos dolor";"number aut at";"number delectus expedita";"number earum quisquam";1;0;;;
attr_369;pim_catalog_textarea;attr_gr_0;1;"textarea aut aliquid";"textarea et deserunt";"textarea alias nisi";"textarea fugit nihil";0;0;;;
attr_370;pim_catalog_simpleselect;attr_gr_9;0;"simpleselect quod rerum";"simpleselect porro expedita";"simpleselect accusamus aspernatur";"simpleselect esse eaque";0;0;;;
attr_371;pim_catalog_file;attr_gr_4;1;"file accusamus exercitationem";"file iure et";"file voluptatum recusandae";"file perferendis ratione";0;0;png,jpg;;
attr_372;pim_catalog_file;attr_gr_14;0;"file perspiciatis sit";"file id rerum";"file dolores qui";"file harum est";0;0;pdf,png;;
attr_373;pim_catalog_number;attr_gr_13;0;"number consequuntur et";"number facilis minus";"number quae pariatur";"number quia earum";0;0;;;
attr_374;pim_catalog_text;attr_gr_10;0;"text qui tenetur";"text possimus fugiat";"text et suscipit";"text non qui";0;0;;;
attr_375;pim_catalog_text;attr_gr_8;0;"text sed a";"text autem nihil";"text veritatis sint";"text enim eum";0;0;;;
attr_376;pim_catalog_image;attr_gr_9;0;"image sed non";"image a dolorem";"image tempore sit";"image et corrupti";0;0;png,jpg;;
attr_377;pim_catalog_file;attr_gr_8;0;"file deleniti ut";"file autem fugiat";"file nulla dolorem";"file porro aliquam";0;0;png,pdf;;
attr_378;pim_catalog_date;attr_gr_12;0;"date delectus aut";"date quia asperiores";"date et ea";"date eligendi quaerat";0;0;;;
attr_379;pim_catalog_image;attr_gr_2;1;"image quaerat reiciendis";"image in laboriosam";"image autem consectetur";"image aut doloribus";0;0;jpg,pdf;;
attr_380;pim_catalog_file;attr_gr_14;0;"file ab facere";"file amet laboriosam";"file quod tenetur";"file doloribus eos";0;0;pdf,jpg;;
attr_381;pim_catalog_date;attr_gr_11;0;"date vitae dolore";"date repudiandae pariatur";"date sapiente quo";"date esse maiores";0;0;;;
attr_382;pim_catalog_date;attr_gr_6;0;"date mollitia commodi";"date quaerat accusantium";"date facere saepe";"date sit et";0;0;;;
attr_383;pim_catalog_text;attr_gr_1;0;"text perspiciatis eius";"text nihil suscipit";"text est et";"text modi illo";0;0;;;
attr_384;pim_catalog_image;attr_gr_8;0;"image sed numquam";"image doloribus quia";"image qui dolore";"image nihil minima";0;0;png,pdf;;
attr_385;pim_catalog_price_collection;attr_gr_4;0;"price_collection voluptas velit";"price_collection dolore id";"price_collection rerum ut";"price_collection similique itaque";0;0;;;
attr_386;pim_catalog_price_collection;attr_gr_1;0;"price_collection dicta sint";"price_collection nostrum necessitatibus";"price_collection dolore cupiditate";"price_collection non quo";0;0;;;
attr_387;pim_catalog_date;attr_gr_7;0;"date maxime atque";"date quia eveniet";"date modi repellat";"date expedita iusto";0;0;;;
attr_388;pim_catalog_textarea;attr_gr_3;0;"textarea impedit dolore";"textarea quas dolorem";"textarea ut nostrum";"textarea et ullam";0;0;;;
attr_389;pim_catalog_textarea;attr_gr_12;0;"textarea quaerat ea";"textarea nihil mollitia";"textarea accusantium eum";"textarea aut quas";0;0;;;
attr_390;pim_catalog_boolean;attr_gr_13;0;"boolean quis ducimus";"boolean ut hic";"boolean autem unde";"boolean iusto aut";0;0;;;
attr_391;pim_catalog_text;attr_gr_13;0;"text tempora earum";"text quam cumque";"text inventore occaecati";"text iure qui";0;0;;;
attr_392;pim_catalog_text;attr_gr_7;0;"text inventore ut";"text qui id";"text dolorem assumenda";"text laboriosam voluptas";0;0;;;
attr_393;pim_catalog_metric;attr_gr_8;0;"metric totam vel";"metric voluptatibus voluptatem";"metric necessitatibus tempore";"metric et autem";0;1;;Length;METER
attr_394;pim_catalog_simpleselect;attr_gr_13;0;"simpleselect similique est";"simpleselect nisi velit";"simpleselect et distinctio";"simpleselect voluptatem repudiandae";0;0;;;
attr_395;pim_catalog_image;attr_gr_3;0;"image et omnis";"image voluptatum ut";"image recusandae qui";"image voluptatem maxime";0;0;jpg,png;;
attr_396;pim_catalog_number;attr_gr_11;0;"number illo ut";"number ad hic";"number inventore qui";"number consequatur et";0;0;;;
attr_397;pim_catalog_multiselect;attr_gr_13;0;"multiselect voluptas quidem";"multiselect in consequatur";"multiselect omnis quia";"multiselect voluptatum doloribus";0;0;;;
attr_398;pim_catalog_date;attr_gr_1;0;"date qui et";"date consequuntur aut";"date pariatur quia";"date sunt voluptas";0;0;;;
attr_399;pim_catalog_textarea;attr_gr_7;0;"textarea nam doloribus";"textarea ut laboriosam";"textarea commodi repellendus";"textarea porro quas";0;0;;;
