attribute;code;sort_order;label-fr_FR;label-en_US;label-ru_RU;label-it_IT
attr_2;attr_opt_attr_20;2;"Perferendis dicta.";"Recusandae saepe rerum.";"Est dicta.";"Voluptatem enim sint."
attr_2;attr_opt_attr_21;3;"Beatae enim blanditiis.";"Quas iste ipsum.";"Possimus quia ea.";"Nam asperiores."
attr_2;attr_opt_attr_22;9;"Recusandae dolor.";"Sit quis voluptatem.";"Facilis aperiam.";"Ipsam reiciendis sit."
attr_2;attr_opt_attr_23;1;"Qui placeat.";"Sit sunt libero.";"Qui repudiandae.";"Non est exercitationem."
attr_2;attr_opt_attr_24;6;"Mollitia eligendi.";"Blanditiis id aut.";"Quae rerum.";"Earum numquam."
attr_2;attr_opt_attr_25;8;"Aliquam est.";"Earum illum.";"Et eaque voluptate.";"Eligendi inventore ipsum."
attr_2;attr_opt_attr_26;3;"Et eveniet.";"Qui voluptatum.";"Consequatur necessitatibus quo.";"Dolores rerum incidunt."
attr_2;attr_opt_attr_27;7;"Impedit qui.";"Sapiente libero.";"Rerum similique eaque.";"Qui quo."
attr_2;attr_opt_attr_28;10;"Dicta quisquam est.";"Libero voluptas ut.";"Voluptatibus rerum.";"Perferendis mollitia autem."
attr_2;attr_opt_attr_29;9;"Voluptatem ex.";"Modi tenetur delectus.";"Facilis tempore.";"Iusto est."
attr_7;attr_opt_attr_70;10;"Sapiente omnis.";"Earum voluptatem rerum.";"Quae vero beatae.";"Beatae omnis."
attr_7;attr_opt_attr_71;6;"Molestias voluptatem quia.";"Qui reprehenderit.";"Incidunt in.";"Saepe rem neque."
attr_7;attr_opt_attr_72;8;"Voluptatem assumenda.";"Voluptatum impedit.";"Officia similique.";"Qui non."
attr_7;attr_opt_attr_73;5;"Labore qui.";"Delectus aut eum.";"Quia deserunt quibusdam.";"Sapiente repudiandae."
attr_7;attr_opt_attr_74;10;"Doloremque in ut.";"Aut rerum.";"Placeat ut harum.";"Est qui ut."
attr_7;attr_opt_attr_75;9;"Est esse est.";"Maxime ad id.";"In similique nesciunt.";"Ex aut."
attr_7;attr_opt_attr_76;4;"Veniam ea.";"Numquam fugit.";"Id dignissimos.";"Recusandae error non."
attr_7;attr_opt_attr_77;3;"Excepturi illum aut.";"Esse perspiciatis sit.";"Et est earum.";"Velit dignissimos dolor."
attr_7;attr_opt_attr_78;7;"Recusandae ut voluptatem.";"Facere magni aut.";"Atque illum eveniet.";"Soluta est numquam."
attr_7;attr_opt_attr_79;3;"Consequatur iure ad.";"Assumenda et quibusdam.";"Voluptatem repellat.";"Ea nemo."
attr_8;attr_opt_attr_80;6;"Atque tempore adipisci.";"Et neque.";"Nostrum blanditiis.";"Ipsa soluta veniam."
attr_8;attr_opt_attr_81;9;"Aperiam praesentium.";"Voluptatem doloremque.";"Officiis similique.";"Modi in."
attr_8;attr_opt_attr_82;10;"Saepe id rerum.";"Quia error.";"Quidem distinctio.";"Facilis repellat qui."
attr_8;attr_opt_attr_83;10;"Alias dolore.";"Autem quidem.";"Eaque culpa.";"Tempore cumque."
attr_8;attr_opt_attr_84;2;"Et occaecati.";"Accusamus explicabo atque.";"Eum officiis.";"Ut inventore quod."
attr_8;attr_opt_attr_85;10;"Quo aut.";"Qui nobis necessitatibus.";"Ut quis.";"Laborum voluptate error."
attr_8;attr_opt_attr_86;6;"Consectetur adipisci.";"Aut reprehenderit maxime.";"Ab sint.";"Non molestiae."
attr_8;attr_opt_attr_87;4;"Quod aperiam.";"Ullam aliquid quos.";"Et voluptatum.";"Tempore nihil."
attr_8;attr_opt_attr_88;6;"Ut perspiciatis.";"Quod neque.";"Magnam et eius.";"Modi recusandae."
attr_8;attr_opt_attr_89;5;"Soluta reiciendis.";"Dolores sed.";"Distinctio esse nobis.";"Deserunt eos."
attr_12;attr_opt_attr_120;3;"Excepturi voluptatem est.";"Et et.";"Blanditiis pariatur.";"Ratione eum."
attr_12;attr_opt_attr_121;8;"Quasi eum.";"Quas deleniti enim.";"Aut et.";"Quia et quis."
attr_12;attr_opt_attr_122;2;"Nisi reiciendis.";"Voluptas minus.";"Dolorem fugit eligendi.";"Quidem at."
attr_12;attr_opt_attr_123;4;"Deleniti aut.";"Mollitia animi veniam.";"Sunt voluptas.";"Qui doloribus eius."
attr_12;attr_opt_attr_124;2;"Nesciunt nihil dolorem.";"Optio pariatur.";"Totam enim error.";"Est non voluptatem."
attr_12;attr_opt_attr_125;4;"Laborum voluptatem aut.";"Inventore culpa.";"Ea rem.";"Nemo quae debitis."
attr_12;attr_opt_attr_126;4;"Sapiente ea architecto.";"Aut reprehenderit.";"Tenetur quasi.";"Accusantium corporis explicabo."
attr_12;attr_opt_attr_127;5;"Nobis vitae aut.";"Voluptatum et illum.";"Ut ut.";"Maiores nam velit."
attr_12;attr_opt_attr_128;4;"Quia modi impedit.";"Perspiciatis ducimus et.";"Voluptatum eum.";"Sit nobis."
attr_12;attr_opt_attr_129;8;"Hic amet.";"Odit iste.";"Non at modi.";"Ut est."
attr_17;attr_opt_attr_170;2;"Qui quas velit.";"Cupiditate aut.";"Quis occaecati veniam.";"Nisi reprehenderit."
attr_17;attr_opt_attr_171;4;"Distinctio fuga autem.";"Autem harum.";"Laborum sed corrupti.";"Tenetur rerum."
attr_17;attr_opt_attr_172;5;"Quisquam non dignissimos.";"Ipsa blanditiis.";"Ea aut.";"Voluptas illum."
attr_17;attr_opt_attr_173;10;"Et in suscipit.";"Sed sint nihil.";"Consequatur non eum.";"Et voluptatem."
attr_17;attr_opt_attr_174;4;"Sequi dolorum assumenda.";"Laudantium consequatur et.";"Sunt optio voluptate.";"Alias ad iste."
attr_17;attr_opt_attr_175;9;"Assumenda est quisquam.";"Beatae ipsum et.";"Enim est est.";"Ut perspiciatis."
attr_17;attr_opt_attr_176;2;"Quibusdam consequatur.";"Occaecati cumque.";"Impedit sint non.";"Ab ipsum exercitationem."
attr_17;attr_opt_attr_177;7;"Iusto est vero.";"Eaque totam.";"Libero dolores.";"Enim vel voluptatum."
attr_17;attr_opt_attr_178;3;"Explicabo exercitationem.";"Autem voluptas.";"Voluptatem ut vel.";"Ipsa mollitia ipsam."
attr_17;attr_opt_attr_179;3;"Est quam ut.";"Sed aut.";"Consequatur neque.";"Eveniet ut."
attr_26;attr_opt_attr_260;9;"Officia nesciunt omnis.";"Unde quis est.";"Laboriosam tempore sed.";"Est sunt."
attr_26;attr_opt_attr_261;9;"Architecto et.";"Vel deserunt quia.";"Ut quisquam qui.";"Magnam libero."
attr_26;attr_opt_attr_262;1;"Et fuga.";"Recusandae est facere.";"Alias atque.";"Quam dolorem."
attr_26;attr_opt_attr_263;4;"Eos ut dolor.";"Enim dicta consectetur.";"Molestiae sequi vel.";"Cum soluta."
attr_26;attr_opt_attr_264;5;"Ea ab.";"Optio totam.";"Dolorem amet eos.";"Rem rerum reiciendis."
attr_26;attr_opt_attr_265;8;"Ipsum delectus ut.";"Vitae est.";"Nobis corporis.";"Omnis officia aliquam."
attr_26;attr_opt_attr_266;1;"Id ipsa quas.";"Ut explicabo quae.";"Velit et iste.";"Similique est."
attr_26;attr_opt_attr_267;3;"Iste maxime qui.";"Itaque velit.";"Distinctio rerum.";"Corrupti doloremque incidunt."
attr_26;attr_opt_attr_268;6;"Modi sint.";"Suscipit quod.";"Temporibus deleniti.";"Aut ut."
attr_26;attr_opt_attr_269;9;"Nisi placeat.";"Dolore fugiat.";"Distinctio magnam.";"Alias possimus."
attr_31;attr_opt_attr_310;1;"Neque velit.";"Sint rerum.";"Quibusdam architecto temporibus.";"A laudantium est."
attr_31;attr_opt_attr_311;2;"Voluptas praesentium doloremque.";"Magni quo rerum.";"Rerum sit.";"Assumenda ut aut."
attr_31;attr_opt_attr_312;7;"Molestiae fugiat nisi.";"Ipsa asperiores.";"Asperiores qui.";"Molestias veritatis."
attr_31;attr_opt_attr_313;10;"Fuga tempora sed.";"Quisquam assumenda.";"Velit est aut.";"Minima et odio."
attr_31;attr_opt_attr_314;9;"Excepturi distinctio doloremque.";"Ea fugiat.";"Facere ut at.";"Ipsa veritatis qui."
attr_31;attr_opt_attr_315;8;"Aut nobis.";"Quos doloribus voluptatem.";"Odit eveniet impedit.";"Nobis culpa."
attr_31;attr_opt_attr_316;10;"Dignissimos dolores tempore.";"Beatae hic voluptate.";"Veniam numquam fuga.";"Eligendi rerum."
attr_31;attr_opt_attr_317;5;"Fugit molestias dolorum.";"Rem placeat.";"Officiis sed.";"Id exercitationem."
attr_31;attr_opt_attr_318;9;"Consectetur dolore.";"Alias hic.";"Dolor quod quae.";"Dolorum ut."
attr_31;attr_opt_attr_319;4;"Suscipit quod.";"Possimus eveniet.";"Soluta aut.";"Iusto ullam."
attr_34;attr_opt_attr_340;10;"Et earum ducimus.";"Quaerat provident corrupti.";"Porro autem.";"Architecto molestias impedit."
attr_34;attr_opt_attr_341;10;"Numquam quod et.";"Et maiores.";"Incidunt occaecati ut.";"Facilis cupiditate."
attr_34;attr_opt_attr_342;2;"Voluptatem doloribus voluptate.";"Voluptatem omnis.";"Hic beatae.";"Quo iusto."
attr_34;attr_opt_attr_343;8;"Sit necessitatibus.";"Quis quam.";"Aut laboriosam.";"Similique in."
attr_34;attr_opt_attr_344;4;"Ex delectus commodi.";"Cupiditate quo.";"Voluptates excepturi.";"A et reiciendis."
attr_34;attr_opt_attr_345;6;"Magnam dolor.";"Ea libero molestiae.";"Perferendis molestias illum.";"Quia quia quis."
attr_34;attr_opt_attr_346;6;"Eos perspiciatis quidem.";"Quae voluptates.";"Consequatur pariatur nam.";"Voluptatem ipsam quae."
attr_34;attr_opt_attr_347;5;"Expedita est.";"Ipsum aut nulla.";"Quia molestiae velit.";"Voluptas assumenda."
attr_34;attr_opt_attr_348;6;"Et et.";"Dignissimos ea.";"Harum dolorum.";"Praesentium mollitia."
attr_34;attr_opt_attr_349;4;"Non quia.";"Incidunt fugiat excepturi.";"Autem necessitatibus.";"Architecto ut dolorum."
attr_37;attr_opt_attr_370;2;"Necessitatibus praesentium sit.";"Quia iusto eos.";"Consequatur suscipit.";"At omnis."
attr_37;attr_opt_attr_371;2;"Dolorum iste sapiente.";"Libero neque dolorem.";"Modi voluptatem.";"Ullam repellat quisquam."
attr_37;attr_opt_attr_372;3;"Dolore voluptates.";"Nisi accusamus.";"Sit rerum adipisci.";"Non eveniet."
attr_37;attr_opt_attr_373;4;"Natus aut.";"Sapiente sed velit.";"Voluptas non asperiores.";"Eos voluptatibus dignissimos."
attr_37;attr_opt_attr_374;9;"Consequatur amet.";"Quia accusantium.";"Officiis non.";"Quaerat recusandae."
attr_37;attr_opt_attr_375;8;"Eveniet est.";"Non dolore.";"Est eum.";"Odio aliquam."
attr_37;attr_opt_attr_376;3;"Dicta accusantium omnis.";"Soluta officia molestiae.";"Incidunt officiis.";"Dolor beatae aut."
attr_37;attr_opt_attr_377;9;"Molestias doloremque aperiam.";"Accusamus nisi.";"Dolores quia.";"Omnis voluptatem."
attr_37;attr_opt_attr_378;10;"Laboriosam possimus.";"Assumenda maiores et.";"Dolores dolor a.";"Et quo minima."
attr_37;attr_opt_attr_379;1;"Veritatis consectetur.";"Fugit itaque quas.";"Odio molestias.";"Earum placeat sed."
attr_44;attr_opt_attr_440;10;"Voluptatem velit veniam.";"Inventore ea id.";"Nisi odit beatae.";"Vero nisi repudiandae."
attr_44;attr_opt_attr_441;7;"Voluptatem ex.";"Magnam atque.";"Ullam neque eius.";"Sit dolores."
attr_44;attr_opt_attr_442;4;"Rem eius.";"Sequi et.";"Qui quo.";"Occaecati sit et."
attr_44;attr_opt_attr_443;5;"Dolorem repellat recusandae.";"Animi ut.";"Fugit dolore minus.";"Velit consequuntur."
attr_44;attr_opt_attr_444;4;"Sed laboriosam.";"Aut suscipit eos.";"Beatae qui.";"Et officiis."
attr_44;attr_opt_attr_445;1;"Earum repellendus et.";"Omnis et quidem.";"Autem quidem.";"Qui sed."
attr_44;attr_opt_attr_446;7;"Inventore laboriosam.";"Autem facilis.";"Doloribus molestiae nulla.";"Dolores ratione voluptatem."
attr_44;attr_opt_attr_447;9;"Velit reiciendis.";"Voluptates aut.";"Quia harum ullam.";"Sed nobis."
attr_44;attr_opt_attr_448;4;"Repellat explicabo veritatis.";"Numquam soluta iure.";"Facere vitae.";"Sit qui sed."
attr_44;attr_opt_attr_449;5;"Omnis ipsum.";"Soluta ut.";"Sint quo.";"Itaque necessitatibus non."
attr_49;attr_opt_attr_490;5;"Quia rerum.";"Harum labore.";"Nostrum at omnis.";"Ex itaque ut."
attr_49;attr_opt_attr_491;10;"Dolore aliquam.";"Accusantium cumque.";"Provident omnis.";"Sed eos."
attr_49;attr_opt_attr_492;2;"Consequuntur nemo aut.";"Atque rem id.";"Eaque soluta unde.";"Aut veritatis."
attr_49;attr_opt_attr_493;9;"Sit ut.";"Esse ipsam.";"Non quis.";"Quae doloribus eaque."
attr_49;attr_opt_attr_494;6;"Quaerat voluptas totam.";"Vero sit ipsum.";"Cupiditate autem.";"Sint et."
attr_49;attr_opt_attr_495;4;"Voluptates aut alias.";"Vitae tempora.";"Ullam fuga.";"Accusantium nisi."
attr_49;attr_opt_attr_496;7;"Corrupti ut eum.";"Et minus.";"Voluptas similique assumenda.";"Rerum aut corporis."
attr_49;attr_opt_attr_497;5;"Mollitia molestiae autem.";"Provident et sit.";"Veritatis et numquam.";"Amet ipsa."
attr_49;attr_opt_attr_498;7;"Sunt quia unde.";"In tempora delectus.";"Dolore aut quam.";"Voluptatum tempora excepturi."
attr_49;attr_opt_attr_499;8;"Provident ipsum voluptatibus.";"Sequi provident.";"Expedita sit iste.";"Qui provident non."
attr_52;attr_opt_attr_520;1;"In suscipit esse.";"Dolorem accusantium.";"Ducimus laboriosam explicabo.";"Vel voluptatem et."
attr_52;attr_opt_attr_521;4;"Qui laboriosam velit.";"Voluptas facilis.";"Culpa delectus.";"Nobis odit facilis."
attr_52;attr_opt_attr_522;2;"Voluptas quod.";"Nam perspiciatis.";"Autem ipsam.";"Et distinctio id."
attr_52;attr_opt_attr_523;4;"Sit harum quia.";"Est sunt ipsa.";"Ipsa eum.";"Et aut."
attr_52;attr_opt_attr_524;5;"Earum deserunt.";"Et suscipit.";"Cum odio dolorem.";"Illo velit voluptatum."
attr_52;attr_opt_attr_525;4;"Reprehenderit placeat dolor.";"Dolor occaecati nisi.";"Magni quod.";"Commodi rerum."
attr_52;attr_opt_attr_526;4;"Dolor est dolorem.";"Illum fugiat.";"Blanditiis tempore.";"Veniam molestiae velit."
attr_52;attr_opt_attr_527;1;"Perferendis porro.";"Voluptas quasi.";"Quia dolore adipisci.";"Minima omnis."
attr_52;attr_opt_attr_528;6;"Omnis corrupti deserunt.";"Illum aspernatur.";"Ut quaerat.";"Et rerum."
attr_52;attr_opt_attr_529;5;"Corrupti molestiae.";"Maxime ea voluptas.";"Ad similique ut.";"Sed optio dolores."
attr_54;attr_opt_attr_540;10;"Minima praesentium et.";"Ut voluptatibus.";"Minima consequatur nostrum.";"Quo voluptatum."
attr_54;attr_opt_attr_541;3;"Tempora sed.";"Et mollitia.";"Quo quasi.";"Quia est ut."
attr_54;attr_opt_attr_542;2;"Facilis dolorem excepturi.";"Molestiae est.";"Quo et.";"Occaecati sit."
attr_54;attr_opt_attr_543;1;"Quia qui.";"Enim qui.";"Saepe officiis molestiae.";"Est esse aut."
attr_54;attr_opt_attr_544;4;"Voluptas et.";"Quia eaque.";"Ducimus perspiciatis maxime.";"Eos consequuntur atque."
attr_54;attr_opt_attr_545;3;"Fugit neque et.";"Qui sequi.";"Et praesentium.";"Cupiditate corporis id."
attr_54;attr_opt_attr_546;1;"Rerum iusto.";"Quasi labore id.";"Quod beatae.";"Voluptatem quas vel."
attr_54;attr_opt_attr_547;3;"Velit at officia.";"Porro aut.";"Ea sequi voluptatem.";"Quidem non eos."
attr_54;attr_opt_attr_548;9;"Cum modi vel.";"Animi et at.";"Qui odit eum.";"Voluptatum ea occaecati."
attr_54;attr_opt_attr_549;10;"Quas ut.";"Eum sint.";"Magni ullam voluptatem.";"Nisi tenetur."
attr_56;attr_opt_attr_560;6;"Omnis aut recusandae.";"Eaque beatae consequatur.";"Porro aperiam est.";"Laudantium quis officia."
attr_56;attr_opt_attr_561;4;"Et impedit.";"Quae suscipit.";"Sequi rerum laudantium.";"Debitis ex modi."
attr_56;attr_opt_attr_562;5;"Sint qui officiis.";"Et doloribus et.";"Et nemo est.";"Tempore labore ea."
attr_56;attr_opt_attr_563;2;"Ut occaecati.";"A aperiam quia.";"Quia quas.";"Architecto et."
attr_56;attr_opt_attr_564;1;"Voluptatem consequuntur id.";"Vitae vel porro.";"Voluptatibus porro.";"Non quis."
attr_56;attr_opt_attr_565;4;"Suscipit deserunt.";"Non porro.";"Omnis aspernatur.";"Et aliquam debitis."
attr_56;attr_opt_attr_566;9;"Vel quae sunt.";"Reprehenderit neque.";"Sint pariatur nobis.";"Quis veritatis."
attr_56;attr_opt_attr_567;8;"Mollitia repudiandae minus.";"Quis qui fugit.";"Deserunt enim.";"Ut non fugiat."
attr_56;attr_opt_attr_568;5;"Voluptatem sit.";"Et ut vel.";"Natus aliquid expedita.";"Minus voluptates."
attr_56;attr_opt_attr_569;3;"Voluptatem consequatur.";"Culpa qui.";"Enim rerum iure.";"Ut sapiente et."
attr_57;attr_opt_attr_570;6;"Quisquam aperiam.";"Pariatur est.";"Consequuntur voluptas architecto.";"Fugit non."
attr_57;attr_opt_attr_571;6;"Minima sit.";"Aut consectetur.";"Sit reiciendis.";"Voluptas harum voluptates."
attr_57;attr_opt_attr_572;8;"Id nostrum.";"A inventore nostrum.";"Laudantium expedita.";"Qui molestiae quidem."
attr_57;attr_opt_attr_573;8;"Est accusantium iusto.";"Magnam possimus consequatur.";"Consequuntur eligendi est.";"Suscipit illum sunt."
attr_57;attr_opt_attr_574;6;"Assumenda ab optio.";"Mollitia quis dolor.";"Voluptate et.";"Sit eum enim."
attr_57;attr_opt_attr_575;3;"Nesciunt voluptatem.";"Qui quo ex.";"Accusamus porro.";"Modi fuga."
attr_57;attr_opt_attr_576;7;"Temporibus expedita asperiores.";"Est sapiente.";"Laborum sed dolor.";"Veritatis commodi."
attr_57;attr_opt_attr_577;6;"Officiis officiis.";"Nulla aut dicta.";"Rerum ex.";"Iste sed non."
attr_57;attr_opt_attr_578;8;"Quaerat molestiae.";"Laboriosam corporis.";"Mollitia reiciendis quis.";"Pariatur sit."
attr_57;attr_opt_attr_579;6;"Non odit aut.";"Maiores quo.";"Incidunt similique.";"Aut et neque."
attr_63;attr_opt_attr_630;9;"Est non.";"Aut dolorum sint.";"Dicta recusandae assumenda.";"Maxime fugit et."
attr_63;attr_opt_attr_631;6;"Optio id.";"Aut in aut.";"Recusandae optio.";"Asperiores cumque."
attr_63;attr_opt_attr_632;3;"Natus omnis blanditiis.";"Dolore voluptate.";"Expedita ut adipisci.";"Ut deleniti."
attr_63;attr_opt_attr_633;2;"Officia sed harum.";"Praesentium aut.";"Non nesciunt.";"Consequatur rerum."
attr_63;attr_opt_attr_634;5;"Nemo suscipit.";"Totam molestiae laborum.";"Repellat dolore rerum.";"Dignissimos qui."
attr_63;attr_opt_attr_635;1;"Deleniti aperiam.";"Qui porro doloribus.";"Sit deleniti a.";"Nesciunt qui."
attr_63;attr_opt_attr_636;4;"Qui non voluptas.";"Animi fugiat quaerat.";"Sed reiciendis voluptatibus.";"Unde nemo."
attr_63;attr_opt_attr_637;8;"Similique dolorum sit.";"Dolorem iure.";"A autem omnis.";"Animi sed."
attr_63;attr_opt_attr_638;2;"Consectetur vero possimus.";"Ut voluptates qui.";"Ex aspernatur laborum.";"Natus sed dolores."
attr_63;attr_opt_attr_639;3;"Illo aut.";"Reprehenderit ullam.";"Alias in ipsam.";"Error corrupti."
attr_65;attr_opt_attr_650;3;"Est dolore.";"Aperiam consequatur impedit.";"Sit quia ducimus.";"Eum atque doloremque."
attr_65;attr_opt_attr_651;5;"Consequatur occaecati est.";"Illum nisi.";"Repudiandae ea ut.";"Aut voluptas officia."
attr_65;attr_opt_attr_652;3;"Natus exercitationem rem.";"Et enim.";"Ab dicta.";"Qui sed."
attr_65;attr_opt_attr_653;5;"Neque rerum.";"Quisquam enim consequatur.";"Rerum nobis.";"Aut sequi voluptatum."
attr_65;attr_opt_attr_654;1;"Distinctio aliquid qui.";"Et ea.";"Facilis sit.";"Nulla facilis."
attr_65;attr_opt_attr_655;5;"Dolorum perspiciatis excepturi.";"Repudiandae minima.";"Perferendis autem exercitationem.";"Qui blanditiis."
attr_65;attr_opt_attr_656;7;"Quos provident.";"Dolorem distinctio.";"Ut quasi ab.";"Aut velit."
attr_65;attr_opt_attr_657;5;"Sequi ut est.";"Distinctio et quo.";"Nemo laboriosam.";"Sit corrupti sequi."
attr_65;attr_opt_attr_658;9;"Non doloribus nihil.";"Itaque laudantium saepe.";"Qui voluptatem quia.";"Explicabo voluptatem quaerat."
attr_65;attr_opt_attr_659;10;"Tempore modi nihil.";"Iusto modi veritatis.";"Et impedit et.";"Natus repellat fuga."
attr_68;attr_opt_attr_680;4;"Perferendis animi dignissimos.";"Assumenda corrupti.";"Quasi sed.";"Ut fugit laborum."
attr_68;attr_opt_attr_681;3;"Dolorem aperiam.";"Consequatur temporibus.";"Perferendis eos neque.";"Minus quod."
attr_68;attr_opt_attr_682;3;"In quas.";"Aut earum.";"Laboriosam ipsa ut.";"Temporibus aut quod."
attr_68;attr_opt_attr_683;9;"Ea aut vel.";"Id itaque delectus.";"Itaque reiciendis laudantium.";"Distinctio odit."
attr_68;attr_opt_attr_684;5;"Aut vel.";"Doloremque eaque eos.";"Non labore.";"Ab occaecati et."
attr_68;attr_opt_attr_685;4;"Tempora ut.";"Deleniti voluptates porro.";"Modi voluptatem vel.";"Dignissimos rem velit."
attr_68;attr_opt_attr_686;1;"Voluptatem blanditiis nostrum.";"Quia laborum non.";"Qui aut ipsa.";"Quidem eius."
attr_68;attr_opt_attr_687;4;"Placeat natus unde.";"Velit dolorum culpa.";"Voluptas nisi perferendis.";"Iure itaque non."
attr_68;attr_opt_attr_688;2;"Ad et delectus.";"Corporis autem.";"Praesentium quisquam.";"Optio aut voluptatum."
attr_68;attr_opt_attr_689;5;"Deserunt dolor recusandae.";"Illo nisi.";"In et nisi.";"Tempora autem quos."
attr_73;attr_opt_attr_730;1;"Itaque ratione.";"Autem est earum.";"Et nostrum.";"Qui id."
attr_73;attr_opt_attr_731;1;"Ut eius.";"Maxime est qui.";"Aut alias.";"Aut reprehenderit."
attr_73;attr_opt_attr_732;7;"Illum voluptates et.";"Deserunt et deserunt.";"Vel ut facere.";"Corporis expedita alias."
attr_73;attr_opt_attr_733;8;"Aliquam enim.";"Expedita est nesciunt.";"Ullam sunt et.";"Ipsa aut."
attr_73;attr_opt_attr_734;6;"Illo fugit.";"Nihil accusantium quis.";"Et in.";"Beatae soluta sed."
attr_73;attr_opt_attr_735;3;"Eos in.";"Quidem enim.";"Voluptatibus nihil.";"Omnis in."
attr_73;attr_opt_attr_736;1;"Qui dolor.";"Dicta necessitatibus voluptatibus.";"Repudiandae quia quam.";"Ut est."
attr_73;attr_opt_attr_737;6;"Est provident.";"Amet veritatis deserunt.";"Quas voluptates dolorem.";"Natus aspernatur maxime."
attr_73;attr_opt_attr_738;9;"Eius iste ut.";"Ipsa iste ut.";"Quo a.";"Nihil expedita nobis."
attr_73;attr_opt_attr_739;5;"Nihil eum soluta.";"Vero aut a.";"At sapiente.";"Voluptates natus."
attr_76;attr_opt_attr_760;5;"Repellendus aut.";"Fugiat excepturi voluptas.";"Recusandae ea.";"Ut eius libero."
attr_76;attr_opt_attr_761;5;"Voluptatem et.";"Necessitatibus tenetur.";"Sed occaecati odio.";"In ut consectetur."
attr_76;attr_opt_attr_762;3;"Possimus tempora.";"Accusantium sit impedit.";"Odio hic vel.";"Vero odio rerum."
attr_76;attr_opt_attr_763;10;"Ipsam culpa ipsa.";"Est eum.";"Maiores voluptas et.";"Quod dolores consequuntur."
attr_76;attr_opt_attr_764;4;"Consequatur eum quam.";"Aperiam distinctio.";"Deserunt facere rerum.";"Voluptas voluptas."
attr_76;attr_opt_attr_765;9;"Deleniti quis.";"Qui aliquam.";"Est veniam.";"Tenetur sed."
attr_76;attr_opt_attr_766;4;"Provident pariatur.";"Rerum nihil.";"Cum omnis facere.";"Similique iure eum."
attr_76;attr_opt_attr_767;7;"Aliquid quo quae.";"Optio quia.";"Quisquam in.";"Natus illo."
attr_76;attr_opt_attr_768;4;"Sint eos.";"Vel aut.";"Nobis omnis.";"Ducimus aperiam."
attr_76;attr_opt_attr_769;1;"Minus ipsum fugiat.";"Consequatur impedit et.";"Ad porro.";"Consequuntur tenetur non."
attr_81;attr_opt_attr_810;1;"Fugiat facilis.";"Et et.";"Minus eaque et.";"Consequuntur labore sed."
attr_81;attr_opt_attr_811;7;"At rem.";"Hic consequatur ratione.";"Deserunt vel.";"Blanditiis earum neque."
attr_81;attr_opt_attr_812;3;"Rerum numquam et.";"Voluptate voluptas molestiae.";"Nobis commodi.";"Et adipisci nemo."
attr_81;attr_opt_attr_813;10;"Quo perferendis id.";"Esse velit incidunt.";"Praesentium provident.";"Sed velit aut."
attr_81;attr_opt_attr_814;9;"Et quia adipisci.";"Id et.";"Autem voluptatibus dolores.";"Natus eos ea."
attr_81;attr_opt_attr_815;8;"Nostrum neque dolores.";"Totam eum qui.";"Distinctio praesentium delectus.";"Ratione occaecati qui."
attr_81;attr_opt_attr_816;10;"Labore harum nihil.";"Dolorem eius ut.";"Ratione dolores.";"Quia explicabo."
attr_81;attr_opt_attr_817;1;"Officiis illum neque.";"Numquam ducimus soluta.";"Fugiat aut.";"Quaerat quae alias."
attr_81;attr_opt_attr_818;3;"Eveniet saepe doloremque.";"Fugiat dolorem officia.";"Voluptatibus dolorem omnis.";"Sed explicabo."
attr_81;attr_opt_attr_819;8;"Ab ea laborum.";"Quis consequatur neque.";"Expedita natus iste.";"Reiciendis deleniti."
attr_85;attr_opt_attr_850;4;"Consectetur et et.";"Nihil quo.";"Ab eos.";"A alias dignissimos."
attr_85;attr_opt_attr_851;2;"Adipisci quasi quo.";"Ea quibusdam veniam.";"Ad et.";"Ullam minus."
attr_85;attr_opt_attr_852;8;"Minima quaerat repellendus.";"Ut vero.";"Distinctio corporis.";"Vitae est hic."
attr_85;attr_opt_attr_853;7;"Sit qui tempora.";"A libero quia.";"Quasi quasi.";"Necessitatibus quae."
attr_85;attr_opt_attr_854;8;"Dolorem quisquam.";"Maiores ea nihil.";"Dolorum et non.";"Voluptas illum aut."
attr_85;attr_opt_attr_855;3;"Odio cupiditate.";"Qui consequuntur.";"Ut consequatur.";"In quis velit."
attr_85;attr_opt_attr_856;4;"Ut minima.";"Recusandae adipisci.";"Voluptas eaque.";"Quis natus voluptatem."
attr_85;attr_opt_attr_857;9;"Et molestias aliquam.";"Nesciunt et.";"Suscipit nam.";"Aut velit."
attr_85;attr_opt_attr_858;9;"Et in in.";"Animi velit amet.";"Sed impedit.";"Rerum nesciunt non."
attr_85;attr_opt_attr_859;5;"Commodi maiores quia.";"Voluptatem quia optio.";"Laborum laudantium qui.";"Ut asperiores."
attr_87;attr_opt_attr_870;3;"Facilis et.";"In vel.";"Dolores debitis odio.";"Quis quibusdam quia."
attr_87;attr_opt_attr_871;6;"Non fugiat et.";"Et magnam sunt.";"Non dolorem.";"Nobis sed."
attr_87;attr_opt_attr_872;5;"Nemo et delectus.";"Ipsum est doloremque.";"Ut quisquam.";"Dolore rem."
attr_87;attr_opt_attr_873;2;"Sed et.";"Alias corporis veniam.";"Suscipit quibusdam voluptatem.";"Libero veritatis."
attr_87;attr_opt_attr_874;1;"Adipisci laboriosam.";"Dolor dolorem ut.";"Excepturi fuga id.";"Earum sint et."
attr_87;attr_opt_attr_875;1;"Hic aperiam et.";"Voluptas at.";"Quasi eos non.";"Quia voluptatum a."
attr_87;attr_opt_attr_876;4;"Aut cupiditate aut.";"Earum adipisci.";"Numquam voluptate.";"Eligendi libero."
attr_87;attr_opt_attr_877;3;"Voluptas voluptatum fugiat.";"Explicabo sed.";"Cumque aut.";"Suscipit repellendus sit."
attr_87;attr_opt_attr_878;6;"Et sed.";"Sint explicabo provident.";"Modi dicta.";"Sed eligendi."
attr_87;attr_opt_attr_879;9;"Repellat omnis.";"Accusamus aut totam.";"Iure facere maxime.";"Numquam ratione minus."
attr_91;attr_opt_attr_910;10;"Qui quo.";"Et voluptatibus facilis.";"Voluptas molestiae.";"Laboriosam corrupti quis."
attr_91;attr_opt_attr_911;2;"Beatae et similique.";"Odio sit.";"Doloribus dolores perferendis.";"Laudantium porro porro."
attr_91;attr_opt_attr_912;8;"Aliquam itaque.";"Aut laboriosam et.";"Omnis vel.";"Quia culpa."
attr_91;attr_opt_attr_913;7;"Sequi officiis.";"Doloremque voluptatibus.";"Eos eligendi culpa.";"Quis beatae laudantium."
attr_91;attr_opt_attr_914;10;"Est aut.";"Ipsam et.";"Et quisquam.";"A autem officiis."
attr_91;attr_opt_attr_915;10;"Nihil provident omnis.";"Quia ut.";"Itaque quam.";"Ut officiis porro."
attr_91;attr_opt_attr_916;2;"Perspiciatis fugit omnis.";"Quia accusantium et.";"Fugit consequuntur.";"Laudantium ratione consequatur."
attr_91;attr_opt_attr_917;9;"Laborum dolor nesciunt.";"Suscipit qui.";"Maxime nihil.";"Soluta sequi."
attr_91;attr_opt_attr_918;2;"Sint reiciendis.";"At adipisci.";"Nulla amet.";"Voluptates minima ipsum."
attr_91;attr_opt_attr_919;1;"Beatae voluptatem.";"Praesentium quia.";"Esse distinctio excepturi.";"Tenetur omnis sunt."
attr_93;attr_opt_attr_930;2;"Error nobis.";"Inventore qui.";"Est ad.";"Ea quos."
attr_93;attr_opt_attr_931;4;"Est veniam id.";"Dolor veniam quos.";"Labore necessitatibus aut.";"Et itaque assumenda."
attr_93;attr_opt_attr_932;9;"Quibusdam sit alias.";"Neque velit.";"Aliquam ea dolorem.";"Alias eum."
attr_93;attr_opt_attr_933;5;"Animi voluptas.";"Voluptas accusamus.";"Quis libero et.";"Voluptatem eaque sapiente."
attr_93;attr_opt_attr_934;7;"Maiores quasi.";"Velit esse.";"Quo beatae sapiente.";"Incidunt sint."
attr_93;attr_opt_attr_935;8;"Voluptas omnis sint.";"Quam magnam ipsam.";"Est voluptatem aliquam.";"Asperiores quis."
attr_93;attr_opt_attr_936;4;"Error porro sed.";"Vel expedita et.";"Occaecati sed non.";"Neque perspiciatis corrupti."
attr_93;attr_opt_attr_937;4;"Voluptate tempora blanditiis.";"Quidem enim.";"Veniam aliquid quae.";"Porro unde."
attr_93;attr_opt_attr_938;6;"Et minima consequatur.";"Aspernatur libero quo.";"Repellendus quibusdam.";"Numquam doloremque."
attr_93;attr_opt_attr_939;10;"Maxime dolores.";"Nihil itaque distinctio.";"Et earum ut.";"Alias est nemo."
attr_95;attr_opt_attr_950;1;"Eveniet est voluptatibus.";"Rerum est.";"Aut enim ratione.";"Doloribus inventore."
attr_95;attr_opt_attr_951;10;"Explicabo omnis.";"Rerum eveniet distinctio.";"Omnis rerum omnis.";"Voluptatem eveniet velit."
attr_95;attr_opt_attr_952;4;"Optio eius saepe.";"Voluptatum voluptate beatae.";"Aut est.";"Distinctio hic."
attr_95;attr_opt_attr_953;6;"Velit velit.";"Consequatur eum.";"Repudiandae iure nihil.";"Enim maiores sit."
attr_95;attr_opt_attr_954;4;"Officia deserunt rem.";"Maxime omnis similique.";"Est impedit ducimus.";"Suscipit sapiente."
attr_95;attr_opt_attr_955;2;"Eaque aut eum.";"Dolore fugiat.";"Quo quia.";"Quam officia."
attr_95;attr_opt_attr_956;2;"Libero explicabo.";"Id sed eum.";"Molestiae sunt aspernatur.";"Ea ut aliquam."
attr_95;attr_opt_attr_957;5;"Mollitia est.";"Enim placeat error.";"Consectetur eos.";"Modi ratione."
attr_95;attr_opt_attr_958;4;"Ab nesciunt delectus.";"Ratione quis.";"Temporibus corporis.";"Enim dolorem."
attr_95;attr_opt_attr_959;9;"Doloremque quasi.";"Qui itaque ut.";"Laborum vitae.";"Enim quasi recusandae."
attr_97;attr_opt_attr_970;5;"Et enim.";"Dolorem dolores repellat.";"Officiis voluptas ipsam.";"Occaecati explicabo sed."
attr_97;attr_opt_attr_971;7;"Alias et earum.";"Quod ex repellat.";"Voluptate vero.";"Corporis eligendi saepe."
attr_97;attr_opt_attr_972;5;"Ducimus ut.";"Qui aut qui.";"Architecto libero.";"Et sit."
attr_97;attr_opt_attr_973;8;"Laborum beatae.";"Nulla et.";"Consectetur ut.";"Nesciunt commodi molestiae."
attr_97;attr_opt_attr_974;3;"Aliquid aut perferendis.";"Et fugit.";"Voluptas animi labore.";"Culpa cum."
attr_97;attr_opt_attr_975;5;"Quos nulla.";"Autem consequatur aut.";"Praesentium minus.";"Alias error."
attr_97;attr_opt_attr_976;10;"Alias vero.";"Rerum voluptate.";"Aspernatur mollitia.";"Qui voluptas."
attr_97;attr_opt_attr_977;4;"Doloremque quisquam.";"Voluptas explicabo.";"In harum.";"Vel voluptas."
attr_97;attr_opt_attr_978;9;"Recusandae est.";"Sapiente repudiandae.";"Excepturi consequatur.";"Vel pariatur laboriosam."
attr_97;attr_opt_attr_979;8;"Cumque enim.";"Necessitatibus tenetur.";"Tenetur quidem ut.";"Consequatur occaecati at."
attr_116;attr_opt_attr_1160;8;"Debitis consequuntur necessitatibus.";"Rerum quis.";"Saepe tenetur sunt.";"Reprehenderit qui."
attr_116;attr_opt_attr_1161;2;"Dolores rem ipsam.";"Consequatur dolorem.";"Sit quasi sequi.";"Labore totam."
attr_116;attr_opt_attr_1162;8;"Perspiciatis alias non.";"Expedita similique fuga.";"Amet nesciunt.";"Nobis id sed."
attr_116;attr_opt_attr_1163;8;"Sint at repellat.";"Totam unde.";"Nesciunt voluptate.";"Expedita dicta."
attr_116;attr_opt_attr_1164;7;"Perferendis sit beatae.";"Quia sit.";"Numquam officia.";"Laborum eum a."
attr_116;attr_opt_attr_1165;7;"Sapiente sit illo.";"Officiis autem.";"Exercitationem soluta quos.";"Minima placeat."
attr_116;attr_opt_attr_1166;4;"Laborum quibusdam adipisci.";"Ad adipisci dolores.";"Perspiciatis inventore.";"Sit itaque iusto."
attr_116;attr_opt_attr_1167;9;"Praesentium autem.";"Numquam repellat et.";"Delectus possimus.";"Sint aliquam minima."
attr_116;attr_opt_attr_1168;2;"Odit fugit.";"Unde dignissimos.";"Ipsa dicta.";"Vero ducimus."
attr_116;attr_opt_attr_1169;10;"Pariatur cum.";"Voluptatem qui.";"Non voluptatibus dolores.";"Id sed."
attr_125;attr_opt_attr_1250;5;"Qui dicta.";"Dolorem consequuntur.";"Architecto adipisci cumque.";"Aut aut deserunt."
attr_125;attr_opt_attr_1251;2;"Facere cupiditate molestias.";"Et ut numquam.";"Quo quaerat.";"Quis ea."
attr_125;attr_opt_attr_1252;2;"Veritatis blanditiis.";"Repellendus sit natus.";"In atque.";"Soluta exercitationem."
attr_125;attr_opt_attr_1253;10;"Iure amet.";"Et assumenda.";"Nemo officia.";"Nesciunt voluptas."
attr_125;attr_opt_attr_1254;4;"Repudiandae quos ducimus.";"Pariatur quia.";"Aut natus saepe.";"Et nulla."
attr_125;attr_opt_attr_1255;9;"Et doloribus eligendi.";"Et distinctio enim.";"Assumenda repudiandae.";"Commodi impedit animi."
attr_125;attr_opt_attr_1256;4;"Quisquam reiciendis qui.";"Earum placeat cumque.";"Quod quis.";"Aut animi."
attr_125;attr_opt_attr_1257;7;"Est quasi fugit.";"Voluptatem voluptas.";"Iure consequatur minima.";"Cumque quae distinctio."
attr_125;attr_opt_attr_1258;1;"Aperiam doloremque.";"Autem et.";"Molestias esse ad.";"Consequatur laudantium et."
attr_125;attr_opt_attr_1259;10;"Atque quia quia.";"Enim soluta.";"Autem laudantium.";"Possimus qui ad."
attr_128;attr_opt_attr_1280;10;"Omnis natus consequuntur.";"Optio labore.";"Perferendis autem officia.";"Aut aut accusantium."
attr_128;attr_opt_attr_1281;5;"Officia expedita.";"Iure voluptatem.";"Amet voluptatibus veritatis.";"Excepturi cupiditate voluptas."
attr_128;attr_opt_attr_1282;4;"Ut dicta pariatur.";"Doloremque magnam amet.";"Non molestias reiciendis.";"Ut a quos."
attr_128;attr_opt_attr_1283;5;"Consequuntur incidunt.";"Sed qui at.";"Consequatur quo sequi.";"Sit ducimus ut."
attr_128;attr_opt_attr_1284;3;"Modi velit ab.";"Ut nobis.";"Qui assumenda.";"Totam magnam earum."
attr_128;attr_opt_attr_1285;2;"Aliquid veritatis.";"Optio voluptas.";"Eaque qui quis.";"Ea qui."
attr_128;attr_opt_attr_1286;3;"Adipisci ullam.";"Architecto in.";"Aut esse non.";"Expedita est possimus."
attr_128;attr_opt_attr_1287;7;"Sit quia quae.";"Aliquam optio.";"Itaque nostrum occaecati.";"Eveniet vel quae."
attr_128;attr_opt_attr_1288;9;"Ullam numquam facilis.";"Natus officiis maiores.";"Aut reiciendis.";"Mollitia doloremque iste."
attr_128;attr_opt_attr_1289;4;"Quo ad.";"Voluptate voluptatibus dolores.";"Nam sapiente.";"Enim at."
attr_131;attr_opt_attr_1310;7;"Et vel aperiam.";"Magnam nobis.";"Culpa dicta.";"Porro ut ut."
attr_131;attr_opt_attr_1311;5;"Ea temporibus iusto.";"Totam et.";"Ullam nihil.";"Libero deserunt."
attr_131;attr_opt_attr_1312;4;"Saepe corrupti.";"Qui excepturi.";"Aspernatur aut.";"Et sint."
attr_131;attr_opt_attr_1313;5;"Qui placeat qui.";"Dignissimos qui.";"Consectetur et reprehenderit.";"Consequuntur et repellendus."
attr_131;attr_opt_attr_1314;2;"Sed possimus a.";"Voluptatum vero corrupti.";"Id quod.";"Expedita sapiente dolore."
attr_131;attr_opt_attr_1315;4;"Et non.";"Animi tempora.";"Temporibus fugit fugiat.";"Sapiente non aut."
attr_131;attr_opt_attr_1316;5;"Quis consequatur.";"Sed voluptatem nostrum.";"Incidunt sint exercitationem.";"Dolorem quia."
attr_131;attr_opt_attr_1317;10;"Aut facere.";"Deserunt sit.";"Consectetur minima modi.";"Voluptas eaque natus."
attr_131;attr_opt_attr_1318;10;"Sint suscipit.";"Quasi laboriosam voluptates.";"Labore nisi molestiae.";"Incidunt at."
attr_131;attr_opt_attr_1319;1;"Nihil voluptas.";"Velit facilis voluptate.";"Aliquid voluptatem voluptatem.";"Repudiandae hic reprehenderit."
attr_140;attr_opt_attr_1400;9;"Voluptatem qui laborum.";"Quia eaque.";"Harum repellendus non.";"Placeat porro."
attr_140;attr_opt_attr_1401;4;"Earum quae.";"Dicta beatae.";"Quaerat voluptatem.";"Eligendi eveniet."
attr_140;attr_opt_attr_1402;4;"Natus aliquid ex.";"Quae tenetur.";"Labore nemo.";"Quia mollitia."
attr_140;attr_opt_attr_1403;9;"Minima magnam amet.";"Ut vel.";"Quos dolores.";"Deleniti nihil."
attr_140;attr_opt_attr_1404;4;"Quo in.";"Voluptate excepturi.";"Magnam rerum qui.";"Vel libero est."
attr_140;attr_opt_attr_1405;3;"Fuga autem quia.";"Qui consequatur quo.";"Occaecati doloribus nihil.";"Illo velit alias."
attr_140;attr_opt_attr_1406;4;"Architecto dolores.";"Quo quaerat dolores.";"Quia necessitatibus tenetur.";"Minima expedita."
attr_140;attr_opt_attr_1407;4;"Nisi iure.";"Autem eos rerum.";"Esse fuga tempora.";"Voluptate at."
attr_140;attr_opt_attr_1408;7;"Pariatur odio.";"Accusamus illo harum.";"Est molestiae.";"Maiores suscipit porro."
attr_140;attr_opt_attr_1409;2;"Unde culpa.";"Illo ratione.";"Quo repellat.";"Autem cum."
attr_144;attr_opt_attr_1440;4;"Ratione sit.";"Quis corporis.";"Et possimus dicta.";"Sit dolor cum."
attr_144;attr_opt_attr_1441;1;"Amet eius.";"Quia harum est.";"Consequatur eos quia.";"Et itaque."
attr_144;attr_opt_attr_1442;9;"Sit molestiae.";"Aperiam est sunt.";"Autem provident expedita.";"Aut expedita qui."
attr_144;attr_opt_attr_1443;5;"Aut consequatur magni.";"Quae veritatis.";"Debitis et impedit.";"Et ex fugiat."
attr_144;attr_opt_attr_1444;4;"Iure vel.";"Consequatur et ab.";"Qui aut.";"Odio doloribus sint."
attr_144;attr_opt_attr_1445;10;"Maiores quod.";"Maxime ratione neque.";"Autem voluptatem sit.";"Et aut."
attr_144;attr_opt_attr_1446;7;"Soluta nobis exercitationem.";"Necessitatibus fuga numquam.";"Ipsa omnis.";"Voluptas possimus."
attr_144;attr_opt_attr_1447;2;"Et vel.";"Architecto saepe sed.";"Delectus asperiores molestiae.";"Perspiciatis laudantium ut."
attr_144;attr_opt_attr_1448;1;"Odio sapiente.";"Illum repudiandae.";"Consequatur voluptas officia.";"Nulla dicta."
attr_144;attr_opt_attr_1449;10;"Fuga quia optio.";"Voluptatem illum aut.";"Quia cum.";"Ab nihil ut."
attr_149;attr_opt_attr_1490;3;"Repellat repudiandae.";"Nihil aut.";"Odit et.";"Quod quo."
attr_149;attr_opt_attr_1491;10;"Recusandae nulla.";"Aliquam dolorem hic.";"Et blanditiis.";"Rerum eos."
attr_149;attr_opt_attr_1492;1;"Deleniti et et.";"Est velit necessitatibus.";"Facere sed.";"Est et."
attr_149;attr_opt_attr_1493;3;"Ad asperiores.";"Et aut.";"Distinctio quia placeat.";"Deserunt exercitationem."
attr_149;attr_opt_attr_1494;4;"Illo nesciunt.";"A dolore et.";"Magnam deserunt laboriosam.";"Hic fugit."
attr_149;attr_opt_attr_1495;10;"Eaque culpa.";"Cum velit cupiditate.";"Incidunt debitis.";"Est officia."
attr_149;attr_opt_attr_1496;2;"Neque dolores in.";"Sit adipisci.";"Quidem repellat.";"Est et."
attr_149;attr_opt_attr_1497;5;"Ea totam.";"Non id voluptatibus.";"Tempore distinctio.";"Iste vel."
attr_149;attr_opt_attr_1498;3;"Blanditiis sequi.";"Nam id.";"Veniam consequuntur dolorem.";"Animi officiis doloremque."
attr_149;attr_opt_attr_1499;2;"Nihil et.";"Qui eaque.";"Dolorem facere.";"Molestiae qui aut."
attr_155;attr_opt_attr_1550;5;"Quos et.";"Iusto consectetur quae.";"Aut quo mollitia.";"Ut minus quia."
attr_155;attr_opt_attr_1551;2;"Non delectus iste.";"Delectus velit beatae.";"Non non.";"Consequatur sit."
attr_155;attr_opt_attr_1552;10;"Aut neque.";"Ducimus quibusdam voluptatem.";"Sit architecto quisquam.";"Quia blanditiis."
attr_155;attr_opt_attr_1553;9;"Est quidem in.";"Tenetur esse.";"Magni saepe laborum.";"Minus quisquam."
attr_155;attr_opt_attr_1554;7;"Eligendi odit.";"Eligendi illum.";"Dolor facilis.";"Et ducimus."
attr_155;attr_opt_attr_1555;8;"Ut omnis ex.";"Sunt aut nemo.";"Magnam et ex.";"Optio deleniti."
attr_155;attr_opt_attr_1556;9;"Esse sequi architecto.";"Sunt aut laudantium.";"Omnis nobis.";"Rem alias iusto."
attr_155;attr_opt_attr_1557;8;"Qui minus voluptas.";"Minima ducimus.";"Cumque sint.";"Aspernatur eum dolorem."
attr_155;attr_opt_attr_1558;6;"Eaque officia hic.";"Quidem expedita.";"Est amet.";"Architecto aut dolor."
attr_155;attr_opt_attr_1559;8;"Id ipsa facilis.";"Maiores quia maiores.";"Quo deserunt tempora.";"Animi vero."
attr_158;attr_opt_attr_1580;1;"Quo veritatis in.";"Laudantium sed.";"Et vitae est.";"Et quae."
attr_158;attr_opt_attr_1581;5;"Sapiente ut.";"Repellat voluptas.";"Ipsam perferendis sit.";"Repellendus consequatur sed."
attr_158;attr_opt_attr_1582;6;"Quibusdam corporis ab.";"Occaecati quo.";"Dignissimos laudantium laudantium.";"Dolores quod eveniet."
attr_158;attr_opt_attr_1583;10;"Quis quidem.";"Magni architecto.";"Nesciunt eveniet earum.";"Inventore est."
attr_158;attr_opt_attr_1584;7;"Quisquam harum in.";"Laboriosam accusamus.";"Rerum aut laborum.";"Enim accusamus eius."
attr_158;attr_opt_attr_1585;2;"Sint aut voluptas.";"Quae in asperiores.";"Veniam perspiciatis.";"Ipsa incidunt."
attr_158;attr_opt_attr_1586;3;"Laboriosam asperiores aliquid.";"Asperiores ut.";"Aut vero earum.";"Eligendi dolorum molestiae."
attr_158;attr_opt_attr_1587;8;"Similique ut alias.";"Veniam labore.";"Non vel omnis.";"Sint est."
attr_158;attr_opt_attr_1588;4;"Totam qui.";"Corporis velit.";"Natus aut.";"Veniam non tenetur."
attr_158;attr_opt_attr_1589;8;"Nobis ex.";"Cupiditate nostrum.";"Et voluptas.";"Error quia."
attr_166;attr_opt_attr_1660;10;"Autem placeat error.";"Iure sed corrupti.";"Itaque nostrum.";"Hic id quis."
attr_166;attr_opt_attr_1661;3;"Veniam dignissimos commodi.";"Repudiandae et voluptas.";"Occaecati quisquam.";"Omnis aliquid."
attr_166;attr_opt_attr_1662;6;"Quis in.";"Laudantium consequatur.";"Velit rerum doloribus.";"Perferendis et occaecati."
attr_166;attr_opt_attr_1663;3;"Est dolore deleniti.";"Ab sit nisi.";"Eveniet aliquid.";"Suscipit sapiente rerum."
attr_166;attr_opt_attr_1664;10;"Aut alias.";"Autem molestiae praesentium.";"Nostrum architecto aut.";"Atque dolores fuga."
attr_166;attr_opt_attr_1665;6;"Aut molestiae.";"Similique aspernatur.";"Dignissimos molestiae et.";"Et quaerat."
attr_166;attr_opt_attr_1666;9;"Eum quam amet.";"Alias tenetur quisquam.";"Unde in aut.";"Voluptatum similique dicta."
attr_166;attr_opt_attr_1667;2;"Impedit similique.";"Aut veniam.";"Facere illum.";"Qui quia consequatur."
attr_166;attr_opt_attr_1668;6;"Rerum iure distinctio.";"Autem quia quidem.";"Alias recusandae.";"Suscipit veritatis ratione."
attr_166;attr_opt_attr_1669;4;"Commodi ducimus.";"Dolor laudantium occaecati.";"Nihil aut.";"Aut nobis."
attr_170;attr_opt_attr_1700;10;"Dolorem aut sequi.";"Porro non aut.";"Blanditiis impedit.";"Rerum sit enim."
attr_170;attr_opt_attr_1701;10;"Assumenda neque.";"Est non.";"Dolorem repellendus aspernatur.";"Consequatur doloremque sit."
attr_170;attr_opt_attr_1702;4;"Delectus temporibus.";"Delectus minima dolores.";"Voluptatem ipsam.";"Vel unde sapiente."
attr_170;attr_opt_attr_1703;3;"Quos dolores numquam.";"Voluptatum voluptatibus veniam.";"Dolores pariatur est.";"Voluptatem aut."
attr_170;attr_opt_attr_1704;8;"Placeat quia ut.";"Sed fugiat dolores.";"Nobis occaecati perspiciatis.";"Autem doloribus ut."
attr_170;attr_opt_attr_1705;9;"Aut at.";"Expedita earum quisquam.";"Aut aliquid.";"Deserunt alias nisi."
attr_170;attr_opt_attr_1706;2;"Inventore quod.";"Porro expedita accusamus.";"Esse eaque.";"Accusamus exercitationem."
attr_170;attr_opt_attr_1707;4;"Voluptatum recusandae.";"Ratione eaque.";"Sit id rerum.";"Qui harum."
attr_170;attr_opt_attr_1708;8;"Consequuntur et facilis.";"Quae pariatur quia.";"Impedit qui tenetur.";"Fugiat et suscipit."
attr_170;attr_opt_attr_1709;10;"Ipsam sed.";"Autem nihil veritatis.";"Enim eum eos.";"Non a."
attr_176;attr_opt_attr_1760;2;"Sit et corrupti.";"Deleniti ut autem.";"Nulla dolorem porro.";"Accusamus delectus."
attr_176;attr_opt_attr_1761;9;"Asperiores et.";"Eligendi quaerat.";"Quaerat reiciendis.";"Laboriosam autem consectetur."
attr_176;attr_opt_attr_1762;2;"Eaque ab facere.";"Laboriosam quod.";"Doloribus eos et.";"Dolore repudiandae."
attr_176;attr_opt_attr_1763;9;"Quo esse maiores.";"Mollitia commodi.";"Accusantium facere.";"Sit et sit."
attr_176;attr_opt_attr_1764;6;"Nihil suscipit.";"Et modi illo.";"Sed numquam.";"Quia qui dolore."
attr_176;attr_opt_attr_1765;8;"Asperiores voluptas.";"Dolore id.";"Ut similique itaque.";"Dicta sint."
attr_176;attr_opt_attr_1766;3;"Dolore cupiditate non.";"Nihil maxime atque.";"Eveniet modi.";"Expedita iusto molestiae."
attr_176;attr_opt_attr_1767;8;"Quas dolorem.";"Nostrum et.";"Incidunt quaerat.";"Nihil mollitia."
attr_176;attr_opt_attr_1768;1;"Aut quas consectetur.";"Ducimus ut.";"Autem unde iusto.";"Eum tempora earum."
attr_176;attr_opt_attr_1769;5;"Inventore occaecati iure.";"Facilis inventore.";"Qui id dolorem.";"Laboriosam voluptas facere."
attr_181;attr_opt_attr_1810;5;"Voluptatibus voluptatem necessitatibus.";"Et autem consequuntur.";"Est nisi velit.";"Distinctio voluptatem."
attr_181;attr_opt_attr_1811;10;"Et omnis voluptatum.";"Recusandae qui.";"Maxime voluptatem.";"Ut ad."
attr_181;attr_opt_attr_1812;10;"Qui consequatur.";"Animi voluptas.";"In consequatur omnis.";"Voluptatum doloribus."
attr_181;attr_opt_attr_1813;8;"Et consequuntur.";"Pariatur quia.";"Voluptas adipisci nam.";"Ut laboriosam commodi."
attr_181;attr_opt_attr_1814;8;"Quas deleniti rerum.";"Animi suscipit aspernatur.";"Deleniti repudiandae.";"Facilis quibusdam."
attr_181;attr_opt_attr_1815;2;"Autem eius adipisci.";"Iusto hic.";"Quia enim.";"Ut iusto sint."
attr_181;attr_opt_attr_1816;7;"Ut blanditiis.";"Est tempora.";"Vitae consequatur.";"Sunt minima ut."
attr_181;attr_opt_attr_1817;4;"Quos nostrum.";"Ut aliquam.";"Quibusdam molestiae.";"Id ex."
attr_181;attr_opt_attr_1818;1;"Adipisci aut ad.";"Autem dolore.";"Sit culpa.";"Est nihil."
attr_181;attr_opt_attr_1819;9;"Consequuntur officia.";"Ipsa dolor.";"Omnis at doloribus.";"Et consequuntur tempora."
attr_200;attr_opt_attr_2000;8;"Assumenda non.";"Voluptate perspiciatis id.";"Impedit eveniet maxime.";"Nam ut officia."
attr_200;attr_opt_attr_2001;6;"Quia repellendus.";"Nostrum et incidunt.";"Neque non repellendus.";"Rem maiores."
attr_200;attr_opt_attr_2002;9;"Cum voluptatem.";"Voluptatibus voluptatum facere.";"Officiis sint beatae.";"Magni voluptatem."
attr_200;attr_opt_attr_2003;4;"Delectus aut commodi.";"Rerum eum excepturi.";"Eos accusamus.";"Sequi aut laudantium."
attr_200;attr_opt_attr_2004;1;"Et aliquid pariatur.";"Molestiae deleniti.";"Exercitationem sint facilis.";"Et aut facere."
attr_200;attr_opt_attr_2005;3;"Odio quasi.";"Ratione ut necessitatibus.";"Dolore incidunt nesciunt.";"Et dolorem qui."
attr_200;attr_opt_attr_2006;10;"Dolor distinctio at.";"Alias sed in.";"Alias et.";"Perferendis voluptas qui."
attr_200;attr_opt_attr_2007;7;"Eveniet qui.";"Non et.";"Tenetur et.";"Ut deleniti."
attr_200;attr_opt_attr_2008;3;"Quae officiis.";"Numquam consequatur.";"Dolor et.";"Quod est."
attr_200;attr_opt_attr_2009;7;"Laudantium et.";"Dolores delectus illo.";"Officiis amet.";"Quod iure praesentium."
attr_205;attr_opt_attr_2050;1;"Occaecati et.";"Sed ratione sunt.";"Ipsum doloremque.";"Et molestias cum."
attr_205;attr_opt_attr_2051;9;"Sunt molestiae.";"At eos cum.";"Accusantium et architecto.";"Quod corporis."
attr_205;attr_opt_attr_2052;6;"Dolores aperiam libero.";"Dolor natus.";"Occaecati mollitia.";"Ab ea aut."
attr_205;attr_opt_attr_2053;8;"Omnis voluptatem est.";"Consequatur ut.";"Corrupti veritatis dignissimos.";"Est veritatis."
attr_205;attr_opt_attr_2054;10;"Quae et.";"Vel quas.";"Explicabo hic ab.";"Voluptate aut."
attr_205;attr_opt_attr_2055;6;"Omnis aliquid.";"Magnam praesentium.";"Veniam qui.";"Et adipisci."
attr_205;attr_opt_attr_2056;1;"Sapiente assumenda.";"Quis cupiditate aut.";"Est culpa.";"Aspernatur unde."
attr_205;attr_opt_attr_2057;8;"Et inventore non.";"Doloribus nobis itaque.";"Magnam praesentium.";"Qui est et."
attr_205;attr_opt_attr_2058;3;"Earum ut fugiat.";"Et perferendis rem.";"Quia asperiores aut.";"Laudantium veniam cumque."
attr_205;attr_opt_attr_2059;4;"Laboriosam aut accusantium.";"Beatae possimus impedit.";"Perferendis quo adipisci.";"Recusandae aut optio."
attr_208;attr_opt_attr_2080;4;"Occaecati laborum.";"Corporis sequi.";"Aliquid dolores.";"Quia expedita sit."
attr_208;attr_opt_attr_2081;3;"Et dolores.";"Eveniet voluptas dolorem.";"Iusto sint.";"Optio nisi."
attr_208;attr_opt_attr_2082;9;"Et sed.";"Mollitia mollitia.";"Doloribus qui minima.";"Reiciendis architecto."
attr_208;attr_opt_attr_2083;9;"Ea quis et.";"Ut temporibus.";"Fuga ea aspernatur.";"Quos nisi."
attr_208;attr_opt_attr_2084;7;"Dolor ut.";"Eum laudantium.";"Quos recusandae labore.";"Reprehenderit voluptatum excepturi."
attr_208;attr_opt_attr_2085;6;"Adipisci dolorem.";"Veritatis possimus consequatur.";"Deserunt sed suscipit.";"Nam sit architecto."
attr_208;attr_opt_attr_2086;9;"Minima sequi provident.";"Consequatur qui.";"Sapiente doloremque omnis.";"Dolor nihil esse."
attr_208;attr_opt_attr_2087;2;"Natus eius officiis.";"Consectetur ipsa.";"Aut quia ad.";"Quia accusantium itaque."
attr_208;attr_opt_attr_2088;8;"Modi deserunt.";"Id et ut.";"Ut fugiat ipsa.";"Illum natus."
attr_208;attr_opt_attr_2089;7;"Dicta dolorem adipisci.";"Omnis et doloremque.";"Dolores doloremque nihil.";"Quaerat distinctio."
attr_209;attr_opt_attr_2090;5;"Autem molestiae sunt.";"Recusandae nesciunt.";"Et voluptas.";"Molestias vitae asperiores."
attr_209;attr_opt_attr_2091;7;"Ratione ea et.";"Non voluptas.";"Sit dolores optio.";"Quas amet rerum."
attr_209;attr_opt_attr_2092;10;"Assumenda cupiditate.";"Error architecto quod.";"Eum omnis laudantium.";"Suscipit facere et."
attr_209;attr_opt_attr_2093;8;"Voluptate labore iure.";"Id modi.";"Labore aut ratione.";"Dolorum totam."
attr_209;attr_opt_attr_2094;8;"Eos voluptatem.";"Quia molestiae aut.";"Ullam qui.";"Ullam qui aut."
attr_209;attr_opt_attr_2095;10;"Consequatur eos quo.";"Consequuntur quia.";"Provident beatae non.";"Consequatur iure."
attr_209;attr_opt_attr_2096;8;"Quas aut.";"Et eveniet sapiente.";"Occaecati sint iste.";"Possimus alias necessitatibus."
attr_209;attr_opt_attr_2097;1;"Neque laboriosam et.";"Ipsum consectetur sapiente.";"Cum molestias.";"Fugiat repellat."
attr_209;attr_opt_attr_2098;9;"Nisi occaecati.";"Eos cumque.";"Pariatur esse quae.";"Aliquam odio eligendi."
attr_209;attr_opt_attr_2099;9;"Eum totam.";"Exercitationem vero.";"Excepturi deleniti.";"Eligendi odit provident."
attr_211;attr_opt_attr_2110;7;"Tempore vel.";"Ut magnam quas.";"Qui voluptatem.";"Explicabo dolor illum."
attr_211;attr_opt_attr_2111;9;"Voluptatem quibusdam voluptatem.";"Quia tenetur et.";"Quia fugiat.";"Repudiandae modi."
attr_211;attr_opt_attr_2112;4;"Eius eos est.";"Commodi modi inventore.";"Similique deserunt quam.";"Repellat aut."
attr_211;attr_opt_attr_2113;7;"Qui quod vero.";"Autem non iste.";"Ullam quam.";"Quaerat enim."
attr_211;attr_opt_attr_2114;8;"Ad tempora.";"Quidem facilis.";"Quia nemo.";"Distinctio et ex."
attr_211;attr_opt_attr_2115;6;"Nobis qui.";"Eligendi sequi.";"Aut et at.";"Ut cumque."
attr_211;attr_opt_attr_2116;10;"Quidem dicta.";"Consequatur totam.";"Et quas esse.";"Et et animi."
attr_211;attr_opt_attr_2117;7;"Nam id.";"Maxime impedit enim.";"Dolorem totam quasi.";"Doloribus tenetur."
attr_211;attr_opt_attr_2118;8;"Numquam in.";"Architecto eaque at.";"Ut excepturi tenetur.";"Et accusamus quia."
attr_211;attr_opt_attr_2119;10;"Nemo voluptatibus facilis.";"Consequatur voluptates.";"Praesentium sed.";"Qui ut."
attr_215;attr_opt_attr_2150;1;"Eum voluptas et.";"Nam fugiat.";"Quia quis.";"Qui ut quos."
attr_215;attr_opt_attr_2151;9;"Occaecati ut.";"Deserunt quis aliquam.";"Quaerat et.";"Ea culpa."
attr_215;attr_opt_attr_2152;10;"Nam delectus.";"Soluta voluptas quo.";"Exercitationem aut.";"Ad et."
attr_215;attr_opt_attr_2153;9;"Nisi consequuntur.";"Praesentium quos aut.";"Qui voluptas sed.";"Sint laborum et."
attr_215;attr_opt_attr_2154;2;"Doloribus dolores et.";"Magni iusto.";"Dolores recusandae.";"Vel aut quis."
attr_215;attr_opt_attr_2155;4;"Qui voluptates.";"Magnam ut dolorem.";"Est recusandae libero.";"Autem ipsum odio."
attr_215;attr_opt_attr_2156;3;"Odit asperiores sint.";"Molestiae et.";"Voluptatem debitis.";"Et autem dicta."
attr_215;attr_opt_attr_2157;5;"Nam enim.";"Iure necessitatibus.";"Non quasi omnis.";"Reprehenderit eos."
attr_215;attr_opt_attr_2158;3;"Et ut.";"Ratione rerum.";"Facilis ea.";"Dolores quia."
attr_215;attr_opt_attr_2159;10;"Sit expedita.";"Nemo nam.";"Architecto inventore.";"Non unde."
attr_216;attr_opt_attr_2160;7;"Rerum placeat.";"Est modi.";"Dignissimos illum numquam.";"Ipsam maxime."
attr_216;attr_opt_attr_2161;6;"Exercitationem qui.";"Explicabo est.";"Maxime ea laborum.";"Ea numquam."
attr_216;attr_opt_attr_2162;7;"Repellendus ea ex.";"Explicabo ex quos.";"Dolorem libero ab.";"Necessitatibus reiciendis esse."
attr_216;attr_opt_attr_2163;4;"Error saepe.";"Optio vero.";"Dolorem sunt architecto.";"Necessitatibus inventore."
attr_216;attr_opt_attr_2164;10;"Animi voluptas.";"Voluptatem et.";"Laborum optio quis.";"Sequi iusto non."
attr_216;attr_opt_attr_2165;9;"Ab et.";"Est molestias corporis.";"Enim ut.";"Voluptas laborum qui."
attr_216;attr_opt_attr_2166;8;"Dignissimos error possimus.";"Magni facilis autem.";"Voluptatem fugiat incidunt.";"Fuga excepturi."
attr_216;attr_opt_attr_2167;7;"A rem.";"Iusto tempora.";"Debitis impedit alias.";"Et dolores inventore."
attr_216;attr_opt_attr_2168;7;"Dignissimos et.";"Sapiente et non.";"Necessitatibus consequatur.";"Necessitatibus voluptates incidunt."
attr_216;attr_opt_attr_2169;3;"Esse ea.";"Sed sint quia.";"Maxime cum vitae.";"Nam vel officiis."
attr_219;attr_opt_attr_2190;9;"Nulla nobis neque.";"Ipsam et at.";"Asperiores non possimus.";"Neque voluptates."
attr_219;attr_opt_attr_2191;5;"Similique sed facere.";"Ut doloribus earum.";"Velit magni molestias.";"Nesciunt velit eum."
attr_219;attr_opt_attr_2192;8;"Error fugit recusandae.";"Voluptatem deleniti.";"Omnis iure aspernatur.";"Possimus iusto."
attr_219;attr_opt_attr_2193;6;"Sunt magnam eum.";"Quo hic.";"Quam odit.";"Eos assumenda."
attr_219;attr_opt_attr_2194;5;"Ut nihil.";"Ut quo.";"Dignissimos minus ut.";"Et tempora."
attr_219;attr_opt_attr_2195;4;"Nihil corporis.";"Ut quidem ratione.";"Nulla et.";"Quos amet culpa."
attr_219;attr_opt_attr_2196;10;"Exercitationem velit et.";"Dolores expedita.";"Sint nesciunt accusamus.";"Nobis quia."
attr_219;attr_opt_attr_2197;4;"Sunt odit sunt.";"Omnis a est.";"Ut porro.";"Eius provident."
attr_219;attr_opt_attr_2198;2;"Libero fugiat.";"Ea et ullam.";"Magnam voluptatibus.";"In natus."
attr_219;attr_opt_attr_2199;5;"Asperiores et fugit.";"Dolor aut.";"Corporis in quaerat.";"Vitae voluptatem."
attr_224;attr_opt_attr_2240;7;"Veritatis illum.";"Ut quasi impedit.";"Minus consequatur.";"Eos sed."
attr_224;attr_opt_attr_2241;3;"Laboriosam mollitia.";"Repudiandae nihil similique.";"Omnis expedita repudiandae.";"Rem cum."
attr_224;attr_opt_attr_2242;7;"Id assumenda deserunt.";"Rerum architecto.";"Dolorem tenetur unde.";"Porro illum dolor."
attr_224;attr_opt_attr_2243;10;"Voluptas est quam.";"Molestiae repudiandae esse.";"Doloribus esse et.";"Et rerum et."
attr_224;attr_opt_attr_2244;5;"Vel qui.";"Et inventore.";"Enim necessitatibus consectetur.";"Eveniet vel culpa."
attr_224;attr_opt_attr_2245;7;"Consequatur ipsum aspernatur.";"Voluptas ea deleniti.";"Omnis earum.";"Minima voluptas aut."
attr_224;attr_opt_attr_2246;6;"Sit non.";"Quasi accusamus.";"Necessitatibus omnis.";"Et eos."
attr_224;attr_opt_attr_2247;9;"Esse quis odit.";"Excepturi incidunt nobis.";"Velit omnis.";"Nihil neque."
attr_224;attr_opt_attr_2248;6;"Enim id unde.";"Quia sunt.";"Aut praesentium tenetur.";"Deleniti at est."
attr_224;attr_opt_attr_2249;4;"Deserunt dolorem.";"Ut omnis.";"Perferendis aliquid quia.";"Dolorem unde quos."
attr_230;attr_opt_attr_2300;1;"Sit ex dolorum.";"Sapiente id.";"Ipsam sit.";"Molestiae deserunt autem."
attr_230;attr_opt_attr_2301;2;"Aut odio.";"Officiis et.";"Doloremque aspernatur.";"Quae maiores adipisci."
attr_230;attr_opt_attr_2302;1;"Distinctio omnis assumenda.";"Rerum itaque dignissimos.";"Magni fugit.";"Eos enim."
attr_230;attr_opt_attr_2303;5;"Enim voluptatem.";"Laudantium voluptate nobis.";"Ut autem.";"Hic earum rem."
attr_230;attr_opt_attr_2304;4;"Ut magnam.";"Consequatur praesentium.";"Nihil dolorum laboriosam.";"Quo in."
attr_230;attr_opt_attr_2305;5;"Quo blanditiis.";"Sit labore laboriosam.";"Facilis sed.";"Velit quia."
attr_230;attr_opt_attr_2306;5;"Quas dolor nostrum.";"Ut laboriosam sit.";"Exercitationem est consequatur.";"Officiis dolor ipsam."
attr_230;attr_opt_attr_2307;9;"Aut eveniet quo.";"Aut minima iure.";"Et sequi.";"Excepturi et."
attr_230;attr_opt_attr_2308;2;"Voluptas id quia.";"Maiores iusto maxime.";"Id iste ullam.";"Iure velit."
attr_230;attr_opt_attr_2309;9;"Fugit vitae hic.";"Nihil illum in.";"Minus odit.";"Laborum est."
attr_232;attr_opt_attr_2320;2;"Saepe soluta.";"Maxime ad porro.";"Ratione tempora.";"Itaque dolorem incidunt."
attr_232;attr_opt_attr_2321;3;"Id maiores repudiandae.";"Quibusdam magni.";"Incidunt natus vero.";"Nihil sit totam."
attr_232;attr_opt_attr_2322;8;"Qui sit soluta.";"Deserunt mollitia aperiam.";"Quas eos suscipit.";"Quo maxime."
attr_232;attr_opt_attr_2323;8;"Odit eos.";"Illum ut.";"Dolor ducimus.";"Voluptatibus ut."
attr_232;attr_opt_attr_2324;4;"Ut alias.";"Ducimus dolorum.";"Autem ipsa.";"Architecto aperiam."
attr_232;attr_opt_attr_2325;4;"Ut officiis nisi.";"Voluptas et vitae.";"Dolor non qui.";"Eveniet sed sit."
attr_232;attr_opt_attr_2326;6;"Repellendus illo.";"Qui omnis qui.";"Deserunt minima magnam.";"Quo et."
attr_232;attr_opt_attr_2327;6;"Labore iusto.";"Natus enim dolor.";"Nemo in cumque.";"Nihil ea."
attr_232;attr_opt_attr_2328;5;"Sit magnam sapiente.";"Nostrum veritatis.";"Eligendi sequi quia.";"Aut sit et."
attr_232;attr_opt_attr_2329;1;"Aut porro.";"Eaque magni cum.";"Quas repellat ea.";"Exercitationem sed iste."
attr_236;attr_opt_attr_2360;6;"Ut reprehenderit.";"Alias quia soluta.";"Ut ut labore.";"Enim sint."
attr_236;attr_opt_attr_2361;2;"Quos animi eum.";"Ducimus aut error.";"Facere perferendis.";"Natus optio dignissimos."
attr_236;attr_opt_attr_2362;7;"Et nemo nisi.";"Laborum non in.";"Molestiae ut.";"Exercitationem sint veritatis."
attr_236;attr_opt_attr_2363;4;"Consequatur sint.";"Aut doloribus vitae.";"Voluptatibus tenetur.";"Dolor eos."
attr_236;attr_opt_attr_2364;9;"Ipsam odio.";"Exercitationem blanditiis ipsa.";"Qui dolor.";"Ex voluptate ea."
attr_236;attr_opt_attr_2365;10;"Rerum et.";"Sit impedit.";"Saepe assumenda deleniti.";"Voluptas est omnis."
attr_236;attr_opt_attr_2366;2;"Quas optio quia.";"Quibusdam sequi.";"Architecto et.";"Est sit."
attr_236;attr_opt_attr_2367;7;"Velit at eum.";"Excepturi libero.";"Beatae consequatur optio.";"Consectetur a nulla."
attr_236;attr_opt_attr_2368;2;"Quia quaerat et.";"Quia sapiente.";"Repudiandae similique.";"Nostrum et."
attr_236;attr_opt_attr_2369;1;"Sint eius.";"Et eaque ut.";"Mollitia aut.";"Aut assumenda minus."
attr_240;attr_opt_attr_2400;6;"Consequatur sapiente nihil.";"Quia magnam qui.";"Voluptas aut aperiam.";"Ex et."
attr_240;attr_opt_attr_2401;4;"In minima dolor.";"Adipisci quos impedit.";"Delectus asperiores.";"Ea voluptatum rerum."
attr_240;attr_opt_attr_2402;1;"Aperiam quasi.";"Rem quae.";"Omnis maxime.";"Ea natus."
attr_240;attr_opt_attr_2403;8;"Sint molestias pariatur.";"Deserunt et quia.";"Non odit.";"Rerum aut."
attr_240;attr_opt_attr_2404;10;"Fuga quo.";"Minus sed a.";"Harum corrupti odit.";"Reiciendis praesentium."
attr_240;attr_opt_attr_2405;3;"Autem nemo ut.";"Doloremque beatae cupiditate.";"Sit magnam.";"Pariatur voluptatem."
attr_240;attr_opt_attr_2406;9;"Autem sunt.";"Sapiente aut et.";"Consectetur doloribus voluptatem.";"Optio inventore quaerat."
attr_240;attr_opt_attr_2407;10;"Fuga earum.";"Corporis nisi consequatur.";"Optio cum.";"Explicabo reiciendis ut."
attr_240;attr_opt_attr_2408;2;"Molestiae nihil rem.";"Dolores mollitia facere.";"Expedita earum impedit.";"Sed et voluptatibus."
attr_240;attr_opt_attr_2409;8;"Eum repudiandae.";"Maxime adipisci.";"Dolores commodi quam.";"Dolores inventore."
attr_242;attr_opt_attr_2420;2;"Qui consequatur.";"Qui ducimus.";"Suscipit qui.";"Quam sit quasi."
attr_242;attr_opt_attr_2421;1;"Neque et magni.";"Illum cupiditate.";"Enim eum.";"Iure culpa."
attr_242;attr_opt_attr_2422;6;"Minus aut.";"Voluptatibus eaque.";"Voluptatem ab eveniet.";"Eum mollitia perferendis."
attr_242;attr_opt_attr_2423;3;"Ad at quidem.";"Aut eum molestiae.";"Ullam ipsam tenetur.";"Deleniti unde."
attr_242;attr_opt_attr_2424;4;"Voluptas et delectus.";"At neque vel.";"Iure odio.";"Nisi saepe."
attr_242;attr_opt_attr_2425;4;"Consectetur eos.";"Deserunt consequuntur.";"Labore id.";"Aut earum voluptatem."
attr_242;attr_opt_attr_2426;6;"Aut doloremque cupiditate.";"Est voluptatem.";"Et quos voluptas.";"Repellendus nesciunt."
attr_242;attr_opt_attr_2427;4;"Et consequatur aspernatur.";"Commodi eveniet.";"Impedit animi libero.";"Explicabo accusantium."
attr_242;attr_opt_attr_2428;7;"Autem id rem.";"Aut nostrum nostrum.";"Rerum quia quis.";"Ex ad."
attr_242;attr_opt_attr_2429;3;"Ut qui in.";"Fugit possimus illo.";"Et dolorem possimus.";"Animi tempora."
attr_244;attr_opt_attr_2440;1;"Nesciunt sit.";"Vero asperiores delectus.";"Maiores rerum a.";"Sed enim voluptatem."
attr_244;attr_opt_attr_2441;6;"Quos laudantium amet.";"Excepturi nemo aliquid.";"Aperiam dolores.";"Aut voluptatem."
attr_244;attr_opt_attr_2442;10;"Cumque consectetur fuga.";"Eveniet iste aperiam.";"Ut est.";"Voluptates perferendis."
attr_244;attr_opt_attr_2443;6;"Earum rerum.";"Fugiat possimus corporis.";"Provident fuga.";"Ut dicta eaque."
attr_244;attr_opt_attr_2444;6;"Id qui provident.";"Accusantium quaerat.";"Possimus modi.";"Tenetur a."
attr_244;attr_opt_attr_2445;9;"Id asperiores.";"Ducimus pariatur et.";"Vitae necessitatibus error.";"Rerum aspernatur."
attr_244;attr_opt_attr_2446;7;"Rerum repellendus.";"Maxime perferendis atque.";"Molestiae odio.";"Ad omnis deleniti."
attr_244;attr_opt_attr_2447;1;"Commodi assumenda.";"Quod ipsam.";"Ut maiores eos.";"Atque quasi."
attr_244;attr_opt_attr_2448;2;"At doloribus.";"Eum voluptatem praesentium.";"Repudiandae aliquam.";"Id et libero."
attr_244;attr_opt_attr_2449;1;"Praesentium repellat.";"Quis consequuntur.";"Mollitia quibusdam quod.";"Itaque illum delectus."
attr_245;attr_opt_attr_2450;7;"Molestias voluptatem porro.";"Voluptas est enim.";"Omnis fugit soluta.";"Aspernatur nam est."
attr_245;attr_opt_attr_2451;8;"Enim dolores consequatur.";"Voluptatem magnam et.";"Quasi placeat sed.";"Natus et."
attr_245;attr_opt_attr_2452;8;"Quae cupiditate labore.";"Quod dolore non.";"Omnis impedit quia.";"Voluptatum sint."
attr_245;attr_opt_attr_2453;3;"Recusandae eos.";"Doloremque praesentium voluptatibus.";"Sequi ex.";"Commodi ipsam."
attr_245;attr_opt_attr_2454;7;"Et quisquam dolor.";"Aliquid qui.";"Eligendi voluptates et.";"Eaque aliquam."
attr_245;attr_opt_attr_2455;10;"Labore dolores sapiente.";"Dignissimos quia.";"Id nemo assumenda.";"Iure dolorem quia."
attr_245;attr_opt_attr_2456;4;"Recusandae error.";"Ut facere est.";"Animi quia distinctio.";"Iure dolorem repellat."
attr_245;attr_opt_attr_2457;10;"Impedit illum.";"Repudiandae sed qui.";"Voluptas beatae laudantium.";"Odit vel sit."
attr_245;attr_opt_attr_2458;10;"Consectetur corrupti et.";"Voluptas et.";"Magni incidunt.";"Modi similique at."
attr_245;attr_opt_attr_2459;10;"Quam nemo nihil.";"Ab consequatur numquam.";"Aut quis aut.";"Quis aut quis."
attr_246;attr_opt_attr_2460;7;"Error voluptatem.";"Excepturi natus.";"Adipisci autem.";"Necessitatibus minima quod."
attr_246;attr_opt_attr_2461;5;"Aut culpa deleniti.";"Architecto hic.";"Officia dolores.";"Placeat non doloribus."
attr_246;attr_opt_attr_2462;9;"Cum voluptates quisquam.";"Tenetur ea.";"Dolore id.";"Iure molestias."
attr_246;attr_opt_attr_2463;8;"Molestiae et et.";"Odio consectetur.";"Sit voluptates pariatur.";"Error aut."
attr_246;attr_opt_attr_2464;8;"Atque dolor.";"Quis vel.";"Natus deserunt.";"Iste rerum quam."
attr_246;attr_opt_attr_2465;4;"Id nobis vel.";"Rem culpa rem.";"Corporis ea.";"Similique vel."
attr_246;attr_opt_attr_2466;10;"Sit error.";"Et sit.";"Quo id harum.";"Reiciendis distinctio velit."
attr_246;attr_opt_attr_2467;5;"Fuga vero.";"Adipisci accusantium.";"Fugiat voluptatem.";"Vitae atque molestiae."
attr_246;attr_opt_attr_2468;6;"Error ut.";"Nemo sit possimus.";"Doloremque dolores magnam.";"Sequi laudantium est."
attr_246;attr_opt_attr_2469;5;"Quis ipsam saepe.";"Veritatis autem.";"Ut et.";"Eos tenetur optio."
attr_255;attr_opt_attr_2550;3;"Eius magnam.";"Autem mollitia ipsa.";"Nulla maiores.";"Accusantium aut delectus."
attr_255;attr_opt_attr_2551;5;"Ipsam molestiae.";"Vel eum ipsam.";"Amet magni quia.";"Consectetur praesentium quisquam."
attr_255;attr_opt_attr_2552;4;"Deleniti dolores numquam.";"Et suscipit.";"Sed porro.";"Dolor aut."
attr_255;attr_opt_attr_2553;5;"Est nostrum.";"Dolor libero cupiditate.";"Id repellendus.";"Voluptates eligendi."
attr_255;attr_opt_attr_2554;8;"Commodi quam.";"Nisi in.";"Nam ullam.";"Deleniti dolores quod."
attr_255;attr_opt_attr_2555;5;"Facilis occaecati ut.";"Dolor voluptatem.";"Laboriosam autem.";"Assumenda est."
attr_255;attr_opt_attr_2556;5;"Et impedit.";"Porro voluptas voluptate.";"Quia omnis occaecati.";"Quas et."
attr_255;attr_opt_attr_2557;5;"Dolorum ab necessitatibus.";"Quo odit.";"Cupiditate fugiat fugiat.";"Magni vel."
attr_255;attr_opt_attr_2558;1;"Rerum eligendi possimus.";"Neque error.";"Culpa placeat blanditiis.";"Ipsum accusamus eligendi."
attr_255;attr_opt_attr_2559;3;"Facilis minima.";"Eligendi ea sit.";"Praesentium molestiae.";"Voluptatem provident."
attr_258;attr_opt_attr_2580;7;"Non facere.";"Quasi omnis.";"Mollitia quaerat at.";"Quo corporis aliquid."
attr_258;attr_opt_attr_2581;3;"Quaerat odit.";"Omnis beatae.";"Sed accusantium.";"Et rerum."
attr_258;attr_opt_attr_2582;9;"Eius fugit earum.";"Minima itaque illo.";"Quae qui animi.";"Rerum nemo repudiandae."
attr_258;attr_opt_attr_2583;9;"Dolorem sunt.";"Omnis repellat.";"Sit ipsa.";"Rerum sit ex."
attr_258;attr_opt_attr_2584;8;"Et ratione.";"Natus sint sequi.";"Possimus tempore eligendi.";"Culpa rerum veritatis."
attr_258;attr_opt_attr_2585;6;"Nisi minima.";"Repellendus harum.";"Explicabo molestias.";"Iure iure."
attr_258;attr_opt_attr_2586;5;"Facere ex.";"Cum voluptatem vitae.";"Atque exercitationem.";"Non suscipit."
attr_258;attr_opt_attr_2587;3;"Maiores qui eum.";"Nesciunt a.";"Reprehenderit odit minima.";"Non aut commodi."
attr_258;attr_opt_attr_2588;2;"Incidunt eius culpa.";"Sapiente velit.";"Et non et.";"Quos aspernatur."
attr_258;attr_opt_attr_2589;5;"Sit dignissimos.";"Sed voluptatem illum.";"Est doloribus nam.";"Facilis consequatur error."
attr_262;attr_opt_attr_2620;5;"Sed quia.";"Consectetur eum totam.";"Omnis explicabo dolorum.";"Repellendus porro quasi."
attr_262;attr_opt_attr_2621;6;"Aut quo accusantium.";"Fugiat sunt dignissimos.";"Rerum ut.";"Nesciunt delectus."
attr_262;attr_opt_attr_2622;8;"Accusantium sit.";"Distinctio voluptatem ratione.";"Eaque ex.";"Nesciunt asperiores mollitia."
attr_262;attr_opt_attr_2623;6;"Sapiente quia.";"Dolor optio quidem.";"Cum eaque eos.";"Delectus rem."
attr_262;attr_opt_attr_2624;8;"Et quia sunt.";"Aliquid ut eos.";"Doloribus unde velit.";"Quia cupiditate."
attr_262;attr_opt_attr_2625;7;"Magni labore.";"Consequatur illo.";"Assumenda eveniet quisquam.";"In odit."
attr_262;attr_opt_attr_2626;1;"Error unde.";"Rerum quo.";"Amet in dolorem.";"Repellat consectetur officia."
attr_262;attr_opt_attr_2627;4;"Minus suscipit.";"Dolore enim velit.";"Saepe quasi rerum.";"Dolorem ea."
attr_262;attr_opt_attr_2628;2;"Sunt animi.";"Ut aut.";"Sed debitis recusandae.";"Numquam nisi totam."
attr_262;attr_opt_attr_2629;3;"Perspiciatis qui.";"Dolor error delectus.";"Dolore quisquam non.";"Est saepe laboriosam."
attr_264;attr_opt_attr_2640;7;"Quod iure enim.";"Rem sunt qui.";"Repudiandae voluptatem dolor.";"Quidem repudiandae nihil."
attr_264;attr_opt_attr_2641;6;"Qui voluptate.";"Eaque autem quod.";"Mollitia quae quam.";"Quidem qui."
attr_264;attr_opt_attr_2642;8;"Id sit.";"Eum ullam.";"Vero cupiditate.";"Consectetur excepturi."
attr_264;attr_opt_attr_2643;7;"Dolor ad ab.";"Necessitatibus officiis occaecati.";"Doloremque recusandae.";"Aut tempore et."
attr_264;attr_opt_attr_2644;3;"Tempore tenetur.";"Unde doloremque ad.";"Vel quaerat.";"Voluptatem quas rerum."
attr_264;attr_opt_attr_2645;4;"Exercitationem ratione quia.";"Qui est eos.";"Vero voluptatibus neque.";"Mollitia illo quibusdam."
attr_264;attr_opt_attr_2646;1;"Expedita quo laboriosam.";"Et voluptatem.";"Illum laudantium.";"Asperiores sunt."
attr_264;attr_opt_attr_2647;7;"Sequi aliquam nihil.";"Sequi saepe rem.";"Error officia ipsa.";"Ut ab impedit."
attr_264;attr_opt_attr_2648;9;"Odit eaque.";"Ipsa blanditiis debitis.";"Et possimus corrupti.";"Voluptatem ipsa."
attr_264;attr_opt_attr_2649;1;"Alias eveniet et.";"Saepe ea qui.";"Ut consectetur eos.";"Delectus eum dolorem."
attr_274;attr_opt_attr_2740;1;"Aperiam dignissimos dolores.";"Rerum qui.";"Optio sint.";"Sed consequatur vitae."
attr_274;attr_opt_attr_2741;3;"Voluptas et reiciendis.";"Qui quae quia.";"Sed dolorem.";"Enim placeat."
attr_274;attr_opt_attr_2742;7;"Aliquam id tempore.";"Consequatur nisi.";"Voluptas et quasi.";"Quia illum."
attr_274;attr_opt_attr_2743;5;"Velit voluptas.";"Voluptate soluta.";"Ut rerum.";"Quia dolores unde."
attr_274;attr_opt_attr_2744;7;"Eaque quia tempora.";"Quia qui ipsum.";"Eius saepe natus.";"Voluptatem eum."
attr_274;attr_opt_attr_2745;2;"Assumenda voluptatibus facilis.";"Ea repellat.";"Ut sed est.";"Reiciendis quos in."
attr_274;attr_opt_attr_2746;10;"Consequatur quis.";"Et molestias non.";"Beatae dolor.";"Qui est."
attr_274;attr_opt_attr_2747;10;"Eaque doloremque.";"Quia ut.";"Dolore nihil.";"Hic fugit et."
attr_274;attr_opt_attr_2748;2;"Dolor autem in.";"Reprehenderit rerum.";"Dolores eaque.";"Quia similique possimus."
attr_274;attr_opt_attr_2749;10;"Quos pariatur.";"Culpa quis laudantium.";"Incidunt minus.";"Itaque placeat."
attr_282;attr_opt_attr_2820;4;"Quos autem numquam.";"Cum eum.";"Autem quo.";"Ut dolorem."
attr_282;attr_opt_attr_2821;8;"Quo distinctio natus.";"Quis vel.";"Ullam dolor.";"Dolores ratione ducimus."
attr_282;attr_opt_attr_2822;8;"Ad repellat.";"Dolores non.";"Et quisquam.";"Ut tenetur."
attr_282;attr_opt_attr_2823;3;"Quae impedit.";"Molestiae ea.";"Voluptatem facilis cupiditate.";"Alias illo neque."
attr_282;attr_opt_attr_2824;9;"Assumenda porro.";"Iure et porro.";"Sapiente officiis.";"Ut dolores."
attr_282;attr_opt_attr_2825;6;"Aut aut excepturi.";"Voluptas illum.";"Maxime esse.";"At et."
attr_282;attr_opt_attr_2826;2;"Voluptas quia velit.";"Et qui.";"Et eveniet id.";"Non veniam error."
attr_282;attr_opt_attr_2827;9;"Ipsa voluptatibus porro.";"Fugiat dignissimos ducimus.";"Necessitatibus animi.";"Omnis quae."
attr_282;attr_opt_attr_2828;6;"Corrupti voluptas.";"Unde velit libero.";"Dolores beatae.";"Quod ab."
attr_282;attr_opt_attr_2829;7;"Sapiente culpa dolorum.";"Est ea mollitia.";"Ut non.";"Deserunt sit."
attr_283;attr_opt_attr_2830;8;"Ipsam eius soluta.";"Et molestiae.";"Vitae vel.";"Unde et voluptatem."
attr_283;attr_opt_attr_2831;9;"Vero placeat.";"Quisquam cupiditate adipisci.";"Cupiditate tempora.";"Suscipit mollitia nemo."
attr_283;attr_opt_attr_2832;5;"Nesciunt aut aliquid.";"Placeat sunt.";"Qui a aut.";"Quaerat repudiandae."
attr_283;attr_opt_attr_2833;4;"Natus in eos.";"Ipsam velit.";"Unde adipisci.";"Et harum."
attr_283;attr_opt_attr_2834;9;"Enim ipsa corporis.";"Unde rerum quia.";"Velit vel consequatur.";"Ab aut."
attr_283;attr_opt_attr_2835;3;"Quidem repellat.";"Et minus et.";"Quos ipsa tempora.";"Iste perspiciatis assumenda."
attr_283;attr_opt_attr_2836;2;"Delectus deserunt.";"Consectetur in.";"Illo velit.";"Soluta tempore molestiae."
attr_283;attr_opt_attr_2837;6;"Rerum tempora accusantium.";"Ea error rerum.";"Non quo.";"Esse voluptas."
attr_283;attr_opt_attr_2838;6;"Quidem reprehenderit.";"Odit doloribus.";"Ipsa rerum explicabo.";"Nesciunt et."
attr_283;attr_opt_attr_2839;3;"Voluptatem ab.";"Saepe minus.";"Eum consequatur qui.";"Rerum quidem eos."
attr_289;attr_opt_attr_2890;1;"Quod rerum.";"Ab voluptate.";"Quis sit.";"Aut a."
attr_289;attr_opt_attr_2891;1;"Sapiente magnam.";"In mollitia.";"Maxime eius.";"Laudantium aut."
attr_289;attr_opt_attr_2892;10;"Aliquid est dolores.";"Adipisci assumenda.";"Quidem laudantium aliquam.";"Repellat voluptas."
attr_289;attr_opt_attr_2893;1;"Aut quasi.";"Est minima.";"Sed vero et.";"Beatae culpa."
attr_289;attr_opt_attr_2894;9;"Sed sed.";"Fugit molestiae voluptates.";"Molestias sed beatae.";"Nulla minima commodi."
attr_289;attr_opt_attr_2895;10;"Nihil ipsam voluptates.";"Quia officiis sed.";"Ipsa et.";"Explicabo consectetur."
attr_289;attr_opt_attr_2896;9;"Consequuntur quibusdam ducimus.";"Impedit in.";"Deserunt perspiciatis magni.";"Magnam perferendis numquam."
attr_289;attr_opt_attr_2897;4;"Suscipit itaque dolor.";"Voluptatem quasi.";"Optio dolor.";"Occaecati labore."
attr_289;attr_opt_attr_2898;3;"Suscipit nihil.";"Quasi laboriosam.";"Dolorem optio nisi.";"Odio velit."
attr_289;attr_opt_attr_2899;3;"Harum cupiditate.";"Magni nisi.";"Qui qui.";"Ab nulla tempore."
attr_291;attr_opt_attr_2910;7;"Reprehenderit saepe deserunt.";"Ratione aut minima.";"Molestiae sed a.";"Libero error."
attr_291;attr_opt_attr_2911;9;"Et quam explicabo.";"Consequatur quod.";"Consequatur cum ea.";"Odit saepe ipsam."
attr_291;attr_opt_attr_2912;2;"Assumenda perferendis dolorem.";"Repellendus dicta porro.";"Sed ut quis.";"Sit molestiae."
attr_291;attr_opt_attr_2913;2;"Alias id vel.";"Nisi veritatis quis.";"Natus occaecati.";"Explicabo veniam est."
attr_291;attr_opt_attr_2914;9;"Possimus cumque.";"Debitis et.";"Est dolores delectus.";"Iste minus."
attr_291;attr_opt_attr_2915;4;"Consequatur voluptate.";"Ut quaerat porro.";"Deserunt aut quae.";"Eveniet error aut."
attr_291;attr_opt_attr_2916;3;"Saepe animi quo.";"Vero neque ipsa.";"Et dolores perspiciatis.";"Necessitatibus eum est."
attr_291;attr_opt_attr_2917;7;"Accusantium est.";"Qui porro autem.";"Distinctio quaerat.";"Tempore eligendi."
attr_291;attr_opt_attr_2918;1;"Ab dicta mollitia.";"Placeat sit.";"Perferendis vel impedit.";"Ducimus excepturi."
attr_291;attr_opt_attr_2919;9;"Reiciendis dicta cumque.";"Et blanditiis voluptas.";"Aut voluptatem fugiat.";"Tenetur deserunt vero."
attr_296;attr_opt_attr_2960;4;"Illum et corporis.";"Fuga mollitia.";"Modi molestias.";"Rem sed accusamus."
attr_296;attr_opt_attr_2961;8;"Vel veniam eaque.";"Eum sint.";"Et laboriosam debitis.";"Aut ut totam."
attr_296;attr_opt_attr_2962;6;"Nihil ipsa.";"Voluptatem ducimus ratione.";"Et velit non.";"Qui aliquid."
attr_296;attr_opt_attr_2963;5;"Animi quo.";"Dolorum maxime.";"Ut aspernatur.";"Molestiae repellendus."
attr_296;attr_opt_attr_2964;9;"Voluptatem minima sed.";"Dicta quia cumque.";"Voluptas recusandae.";"Perferendis et."
attr_296;attr_opt_attr_2965;1;"Adipisci est aut.";"Voluptatem repellat doloribus.";"Perspiciatis explicabo debitis.";"Perferendis omnis."
attr_296;attr_opt_attr_2966;9;"Voluptates fugit.";"Deserunt ipsam in.";"Cum a iure.";"Non quibusdam."
attr_296;attr_opt_attr_2967;5;"Eos aut.";"Vero corporis doloribus.";"Autem maxime dolorem.";"Esse consequatur."
attr_296;attr_opt_attr_2968;7;"Praesentium veritatis nihil.";"Et sequi ut.";"Saepe est sed.";"Est eos."
attr_296;attr_opt_attr_2969;10;"Nulla repudiandae quibusdam.";"Sequi voluptatem.";"Distinctio aperiam animi.";"Voluptatem facilis expedita."
attr_299;attr_opt_attr_2990;6;"Accusamus et excepturi.";"Reiciendis est nam.";"Dolorem velit est.";"Perferendis inventore."
attr_299;attr_opt_attr_2991;2;"Culpa voluptatem.";"Totam optio.";"Asperiores accusamus.";"Ut commodi animi."
attr_299;attr_opt_attr_2992;2;"Fugit harum.";"Quaerat et.";"Dignissimos recusandae tempora.";"Architecto odit autem."
attr_299;attr_opt_attr_2993;10;"Sed voluptas labore.";"Repellendus rerum culpa.";"Sit itaque velit.";"Quasi earum fuga."
attr_299;attr_opt_attr_2994;5;"Et reiciendis voluptates.";"Placeat architecto in.";"Pariatur accusamus.";"Voluptatibus placeat iusto."
attr_299;attr_opt_attr_2995;10;"Qui quae nihil.";"Id adipisci delectus.";"Quo id dolores.";"A enim."
attr_299;attr_opt_attr_2996;7;"Et eos velit.";"Sed quia ipsa.";"Esse reiciendis consequuntur.";"Sit enim aut."
attr_299;attr_opt_attr_2997;1;"Voluptatum non ut.";"Officiis vitae dolores.";"Illo itaque.";"Blanditiis quia earum."
attr_299;attr_opt_attr_2998;2;"Et ipsa.";"Consequuntur alias.";"Voluptas velit.";"Aliquid doloribus."
attr_299;attr_opt_attr_2999;3;"Ipsum expedita voluptatem.";"Cumque quia.";"Amet ea nihil.";"Quis quidem."
attr_303;attr_opt_attr_3030;5;"Reiciendis aliquid accusantium.";"Ut consequatur.";"Est qui.";"Ea perferendis sit."
attr_303;attr_opt_attr_3031;9;"In ex quia.";"Molestiae deserunt quidem.";"Dignissimos architecto.";"In corrupti."
attr_303;attr_opt_attr_3032;1;"Est veniam.";"Amet consectetur nihil.";"Omnis animi.";"Eius excepturi cumque."
attr_303;attr_opt_attr_3033;4;"Et perferendis.";"Ipsam aspernatur quisquam.";"Et eius id.";"Repellendus officia."
attr_303;attr_opt_attr_3034;4;"Quam omnis.";"Voluptatem ut.";"Nam accusantium.";"Quidem velit."
attr_303;attr_opt_attr_3035;5;"Omnis eveniet.";"Eum quod.";"Architecto iste.";"In occaecati quidem."
attr_303;attr_opt_attr_3036;4;"Quasi ipsum et.";"Dolores omnis.";"Aut cumque nisi.";"Enim ex at."
attr_303;attr_opt_attr_3037;7;"Ut debitis odit.";"Voluptate beatae.";"Ea provident facilis.";"Enim quis."
attr_303;attr_opt_attr_3038;5;"Aspernatur hic.";"Odit debitis molestiae.";"Illum quo magnam.";"Omnis eum."
attr_303;attr_opt_attr_3039;1;"Voluptatem nulla necessitatibus.";"Est nam.";"Ab debitis magnam.";"Fuga facere."
attr_305;attr_opt_attr_3050;1;"Eaque magni ducimus.";"Corporis aliquam temporibus.";"Tenetur quam.";"Deserunt quibusdam in."
attr_305;attr_opt_attr_3051;6;"Et id eos.";"Quam explicabo.";"Quia hic eum.";"Beatae dicta."
attr_305;attr_opt_attr_3052;5;"Sint quisquam ut.";"Labore vero.";"Aut quis.";"Et earum est."
attr_305;attr_opt_attr_3053;1;"Consequatur sed quo.";"Distinctio at.";"Non et debitis.";"Aut est reiciendis."
attr_305;attr_opt_attr_3054;9;"Quae amet et.";"Eius explicabo quis.";"Nihil adipisci.";"Omnis inventore vel."
attr_305;attr_opt_attr_3055;5;"Totam occaecati aliquam.";"Vel dolore et.";"Voluptatem nihil est.";"Occaecati id et."
attr_305;attr_opt_attr_3056;3;"Qui sint.";"Quam praesentium.";"Quia omnis.";"Et officia."
attr_305;attr_opt_attr_3057;6;"Qui est qui.";"Blanditiis enim voluptatum.";"Officiis odio.";"Est ducimus."
attr_305;attr_opt_attr_3058;2;"Quis veritatis.";"Consequatur ut.";"Libero sit rerum.";"Qui error rerum."
attr_305;attr_opt_attr_3059;1;"Explicabo ratione.";"Perspiciatis ipsum sunt.";"Iste qui.";"Nihil sunt sed."
attr_310;attr_opt_attr_3100;2;"Eaque hic eos.";"Exercitationem minus.";"Voluptates quia ullam.";"Quod et ducimus."
attr_310;attr_opt_attr_3101;9;"Ea dicta pariatur.";"Consequatur unde.";"Accusantium odio distinctio.";"Sint voluptatem."
attr_310;attr_opt_attr_3102;10;"Et quaerat mollitia.";"Aut aut.";"Sunt aperiam.";"Dolores exercitationem aspernatur."
attr_310;attr_opt_attr_3103;4;"Odit delectus fugit.";"Enim quia.";"Quod nihil sapiente.";"Iure dolorum praesentium."
attr_310;attr_opt_attr_3104;10;"Placeat natus.";"Aut repudiandae.";"Assumenda occaecati odit.";"Ut et."
attr_310;attr_opt_attr_3105;6;"Consequatur aut voluptatem.";"Qui labore.";"Et accusantium.";"Hic vero."
attr_310;attr_opt_attr_3106;6;"Dolores provident.";"Dolore officiis doloremque.";"Vitae esse quibusdam.";"Soluta nobis odio."
attr_310;attr_opt_attr_3107;7;"Libero suscipit.";"Iste aut cupiditate.";"Sit nihil.";"Fuga amet iste."
attr_310;attr_opt_attr_3108;4;"Voluptas qui.";"Temporibus cum qui.";"In velit.";"Libero quia."
attr_310;attr_opt_attr_3109;9;"Ipsam incidunt.";"Aut dolor.";"Architecto accusamus.";"Est sit quia."
attr_315;attr_opt_attr_3150;6;"Asperiores eveniet.";"Voluptate blanditiis.";"Ipsum ipsa.";"Voluptatem et."
attr_315;attr_opt_attr_3151;5;"Hic laborum.";"Sapiente rerum.";"Ut et earum.";"Sint ut."
attr_315;attr_opt_attr_3152;7;"Pariatur asperiores eligendi.";"Voluptate distinctio ex.";"In veniam at.";"Saepe eligendi."
attr_315;attr_opt_attr_3153;5;"Ab iusto illum.";"Molestias libero.";"Corrupti doloremque.";"Tenetur quisquam."
attr_315;attr_opt_attr_3154;3;"Voluptas facilis.";"Consequatur porro ut.";"Nam magnam.";"Nihil eveniet."
attr_315;attr_opt_attr_3155;8;"Voluptatem ratione minima.";"Incidunt ut aliquid.";"Quia illo.";"Soluta nihil voluptatem."
attr_315;attr_opt_attr_3156;1;"Distinctio qui qui.";"Consequuntur temporibus.";"Dolore voluptatem at.";"Placeat exercitationem exercitationem."
attr_315;attr_opt_attr_3157;5;"Delectus cum dicta.";"Sit error voluptatibus.";"Corporis magni.";"Cupiditate perferendis ipsum."
attr_315;attr_opt_attr_3158;5;"Sed ut commodi.";"Blanditiis et commodi.";"Voluptatum et accusantium.";"Deserunt vel asperiores."
attr_315;attr_opt_attr_3159;6;"Ut consequuntur accusamus.";"Nemo expedita.";"Dolorem a.";"Eum quis sapiente."
attr_325;attr_opt_attr_3250;3;"Sit impedit.";"Illo tempora.";"Iste praesentium.";"Maiores sed harum."
attr_325;attr_opt_attr_3251;4;"Veritatis eius.";"Eum ipsam provident.";"Doloribus facilis quo.";"Inventore corrupti."
attr_325;attr_opt_attr_3252;4;"Sit saepe praesentium.";"Cumque tempora.";"Et porro.";"Aut eligendi quia."
attr_325;attr_opt_attr_3253;10;"Nobis omnis.";"Explicabo voluptatibus et.";"Esse nemo.";"Et dicta at."
attr_325;attr_opt_attr_3254;4;"Quasi dignissimos.";"Rem doloremque.";"Tenetur corporis aliquid.";"Nulla aliquid recusandae."
attr_325;attr_opt_attr_3255;7;"Porro perspiciatis.";"Sed dolores illum.";"Ipsum perspiciatis.";"Similique qui quos."
attr_325;attr_opt_attr_3256;8;"Quibusdam assumenda.";"Totam blanditiis rerum.";"Quaerat sequi rerum.";"Optio blanditiis nihil."
attr_325;attr_opt_attr_3257;8;"Dolore similique.";"Aut laborum cumque.";"Distinctio aut.";"Odio sit ipsum."
attr_325;attr_opt_attr_3258;9;"Quisquam consequuntur distinctio.";"Impedit nisi.";"Unde temporibus officia.";"Aut accusamus ipsa."
attr_325;attr_opt_attr_3259;4;"Possimus sint.";"Quis ipsa.";"Quos dolorem laudantium.";"Aut omnis."
attr_327;attr_opt_attr_3270;5;"Voluptatem est laborum.";"Mollitia quia.";"Ut aut et.";"Beatae cupiditate reiciendis."
attr_327;attr_opt_attr_3271;3;"Non cumque reprehenderit.";"Est delectus totam.";"Qui dignissimos soluta.";"Impedit nostrum."
attr_327;attr_opt_attr_3272;10;"In veniam aspernatur.";"Reprehenderit numquam.";"Odit ea.";"Illo voluptates."
attr_327;attr_opt_attr_3273;3;"Est adipisci minima.";"Aut tenetur.";"Excepturi sit.";"Non neque alias."
attr_327;attr_opt_attr_3274;6;"Deserunt aut.";"Repudiandae eveniet.";"Cumque aspernatur.";"Quibusdam at debitis."
attr_327;attr_opt_attr_3275;10;"Et tempora.";"Est beatae voluptatem.";"Rerum consequuntur.";"Alias omnis dolorem."
attr_327;attr_opt_attr_3276;7;"Sit voluptates.";"Enim aut.";"Rerum cupiditate eveniet.";"Omnis non maxime."
attr_327;attr_opt_attr_3277;7;"Ipsam minus.";"Ut inventore.";"Consequatur eum.";"Occaecati et."
attr_327;attr_opt_attr_3278;5;"Et vero expedita.";"Eaque accusantium.";"Voluptatum autem.";"Earum fuga."
attr_327;attr_opt_attr_3279;4;"Hic est.";"Reprehenderit reprehenderit occaecati.";"Sint vero pariatur.";"Eaque pariatur vel."
attr_328;attr_opt_attr_3280;3;"Voluptas reiciendis.";"Eum natus qui.";"Dolorem ullam officiis.";"Voluptate molestiae nam."
attr_328;attr_opt_attr_3281;1;"Architecto accusantium.";"Quia dolore.";"Est occaecati.";"Eveniet ut."
attr_328;attr_opt_attr_3282;8;"Voluptas illo.";"Et quo.";"Amet voluptatem voluptate.";"Est ducimus quis."
attr_328;attr_opt_attr_3283;6;"Esse sint temporibus.";"Nulla in perspiciatis.";"Nulla quo omnis.";"Accusamus omnis rerum."
attr_328;attr_opt_attr_3284;7;"Aut rem dolorem.";"Aut autem.";"Qui aut assumenda.";"Eligendi optio."
attr_328;attr_opt_attr_3285;2;"Beatae vero.";"Qui porro soluta.";"Voluptates alias.";"Aut cupiditate corrupti."
attr_328;attr_opt_attr_3286;1;"Tempora consequatur aperiam.";"Animi sequi.";"Neque tempore eligendi.";"Iure ducimus."
attr_328;attr_opt_attr_3287;9;"Fugit unde.";"Occaecati sed placeat.";"Possimus asperiores.";"Sit placeat eius."
attr_328;attr_opt_attr_3288;7;"Et sunt commodi.";"Labore repellendus est.";"Ipsam impedit.";"Mollitia reprehenderit doloremque."
attr_328;attr_opt_attr_3289;5;"Nulla quo.";"Aut non illum.";"Harum voluptas dignissimos.";"Id aut."
attr_333;attr_opt_attr_3330;1;"Perferendis dolore autem.";"Atque voluptas.";"Consectetur explicabo.";"Provident tenetur mollitia."
attr_333;attr_opt_attr_3331;5;"Laudantium debitis.";"Quo laudantium architecto.";"Dolor quis sit.";"Iusto qui aut."
attr_333;attr_opt_attr_3332;8;"Ex omnis tempore.";"Vitae sapiente.";"Labore accusantium voluptas.";"Ab tempore."
attr_333;attr_opt_attr_3333;9;"Repudiandae ea.";"Nemo nihil temporibus.";"Enim cupiditate.";"Exercitationem excepturi quidem."
attr_333;attr_opt_attr_3334;6;"Ratione ipsa.";"Iure hic.";"Blanditiis minus.";"Alias aut nobis."
attr_333;attr_opt_attr_3335;6;"Illum iste.";"Qui quae magnam.";"Provident omnis.";"Vel voluptatem dolorem."
attr_333;attr_opt_attr_3336;1;"Deserunt sit incidunt.";"Iure libero.";"Ea amet.";"Quaerat sed."
attr_333;attr_opt_attr_3337;9;"Esse ea repellat.";"Distinctio debitis sequi.";"Dicta error minus.";"Ad iure soluta."
attr_333;attr_opt_attr_3338;5;"Quia non.";"Rem consequatur voluptatum.";"Delectus eaque fugit.";"Qui molestiae eum."
attr_333;attr_opt_attr_3339;3;"Eius aliquid natus.";"Suscipit omnis est.";"Accusantium voluptatum.";"Eos ut."
attr_334;attr_opt_attr_3340;9;"Reprehenderit vero et.";"Et soluta officia.";"Et voluptates atque.";"At magnam et."
attr_334;attr_opt_attr_3341;4;"Quis fugiat.";"Aspernatur non et.";"Reprehenderit corporis fugit.";"Voluptas ut et."
attr_334;attr_opt_attr_3342;8;"Fugit a nam.";"Et voluptatem.";"At deserunt harum.";"Commodi voluptatem et."
attr_334;attr_opt_attr_3343;2;"Nulla perferendis labore.";"Exercitationem accusamus neque.";"Dolore ratione a.";"Omnis architecto."
attr_334;attr_opt_attr_3344;4;"Illo iste voluptate.";"Incidunt at ut.";"Eligendi qui.";"Dicta ut et."
attr_334;attr_opt_attr_3345;9;"Quasi doloremque eos.";"Omnis nulla.";"Optio sed.";"Sunt dolor placeat."
attr_334;attr_opt_attr_3346;9;"Quis praesentium.";"Rerum tempora occaecati.";"Necessitatibus reiciendis cupiditate.";"Eum odit maxime."
attr_334;attr_opt_attr_3347;6;"Est suscipit.";"Ut odit iure.";"Illo nostrum.";"Ullam praesentium et."
attr_334;attr_opt_attr_3348;7;"Mollitia eos culpa.";"Facilis ea.";"Eos unde aut.";"Quibusdam fuga sint."
attr_334;attr_opt_attr_3349;6;"Qui vero odit.";"Dicta molestias.";"Quia non.";"Est nisi sapiente."
attr_339;attr_opt_attr_3390;3;"Reiciendis sunt.";"Nam dignissimos qui.";"Dolore rem explicabo.";"Ratione tempore."
attr_339;attr_opt_attr_3391;10;"Vero omnis.";"Eligendi doloribus autem.";"Maxime soluta in.";"Quis ut quod."
attr_339;attr_opt_attr_3392;2;"Ea omnis molestias.";"Molestias at.";"Facilis vero.";"Quas magnam."
attr_339;attr_opt_attr_3393;9;"Rerum odio non.";"Suscipit veritatis quidem.";"Qui aut.";"Suscipit et."
attr_339;attr_opt_attr_3394;3;"Sed aut rerum.";"Velit optio.";"Repellendus quidem laborum.";"Cum non pariatur."
attr_339;attr_opt_attr_3395;4;"Minus nam modi.";"Numquam et aut.";"Aperiam facere similique.";"Ut adipisci."
attr_339;attr_opt_attr_3396;2;"Autem est.";"Tempora ut atque.";"Temporibus eos.";"Atque quia."
attr_339;attr_opt_attr_3397;6;"Assumenda adipisci porro.";"Minima aut.";"Quos nisi.";"Voluptatem mollitia."
attr_339;attr_opt_attr_3398;5;"Rerum eos dicta.";"Fugiat similique.";"Dicta et.";"Non dolore."
attr_339;attr_opt_attr_3399;9;"Qui error.";"Culpa quo.";"Quia dolorum sint.";"Corrupti perferendis aut."
attr_346;attr_opt_attr_3460;3;"Provident aspernatur.";"Et tempore sed.";"Quidem rerum.";"Rem officia."
attr_346;attr_opt_attr_3461;8;"Modi aspernatur quos.";"Ut laudantium.";"Non nulla cum.";"Et nihil."
attr_346;attr_opt_attr_3462;1;"Maiores distinctio quos.";"Iste non.";"Velit placeat.";"Voluptas et repudiandae."
attr_346;attr_opt_attr_3463;1;"Culpa est numquam.";"Qui cupiditate.";"Magnam unde aliquid.";"Id provident possimus."
attr_346;attr_opt_attr_3464;7;"Rerum dolor.";"Maiores iure.";"Delectus quia unde.";"Optio pariatur."
attr_346;attr_opt_attr_3465;5;"Consectetur explicabo voluptatum.";"Debitis provident.";"Neque quisquam aut.";"Minus reprehenderit."
attr_346;attr_opt_attr_3466;7;"Ab molestiae.";"Eum quaerat.";"Corporis id.";"Molestiae adipisci."
attr_346;attr_opt_attr_3467;2;"Sunt tempore exercitationem.";"Quam repudiandae.";"Enim qui ad.";"Dignissimos nulla consequuntur."
attr_346;attr_opt_attr_3468;4;"Vero ipsa vel.";"Autem alias eligendi.";"Fugiat id.";"Quisquam et qui."
attr_346;attr_opt_attr_3469;8;"Nemo voluptatum commodi.";"Et eligendi.";"Repellendus placeat.";"Rem est eius."
attr_347;attr_opt_attr_3470;3;"Repellat harum quae.";"Consequuntur dolor.";"Qui qui explicabo.";"Assumenda totam."
attr_347;attr_opt_attr_3471;1;"Doloribus nemo.";"Eveniet omnis ab.";"Est eveniet incidunt.";"Sit aut."
attr_347;attr_opt_attr_3472;3;"Qui eius.";"Enim quia.";"Porro omnis ad.";"Sit dolor."
attr_347;attr_opt_attr_3473;10;"Et explicabo.";"Occaecati facere.";"Consequatur hic dignissimos.";"Et ut."
attr_347;attr_opt_attr_3474;9;"Aspernatur et.";"Iure consequatur id.";"Tempora aut.";"Voluptatem ea."
attr_347;attr_opt_attr_3475;2;"Non culpa et.";"Quia eligendi voluptatem.";"Aspernatur amet vel.";"Maiores voluptates earum."
attr_347;attr_opt_attr_3476;8;"Sit et accusantium.";"Vitae atque.";"Cumque fuga nisi.";"Non deserunt sunt."
attr_347;attr_opt_attr_3477;6;"Nisi quis.";"Cupiditate exercitationem consequatur.";"Magnam quisquam suscipit.";"Repudiandae doloribus."
attr_347;attr_opt_attr_3478;5;"Molestiae maiores ex.";"Quisquam qui.";"Unde deserunt.";"Consequatur consequatur."
attr_347;attr_opt_attr_3479;6;"Sed ea.";"Laudantium ipsa odio.";"Molestiae quisquam provident.";"Voluptatem animi molestiae."
attr_350;attr_opt_attr_3500;10;"Quo consequatur eos.";"Commodi earum eos.";"Est sunt magnam.";"At nulla dolorem."
attr_350;attr_opt_attr_3501;4;"Voluptatem odio sunt.";"Quia nostrum.";"In sint.";"Incidunt hic."
attr_350;attr_opt_attr_3502;6;"Dolores quibusdam.";"Est quis.";"Quae consequuntur.";"Accusantium atque."
attr_350;attr_opt_attr_3503;9;"Tempore quibusdam nulla.";"Quis incidunt vitae.";"Voluptate nihil.";"Illo illum."
attr_350;attr_opt_attr_3504;4;"Et voluptatem sunt.";"Asperiores distinctio in.";"Est soluta quia.";"Consectetur sapiente."
attr_350;attr_opt_attr_3505;2;"Sed blanditiis sit.";"Et corrupti.";"Quo suscipit suscipit.";"Itaque perferendis nobis."
attr_350;attr_opt_attr_3506;6;"Ipsam deleniti.";"Tempora quia.";"Aliquam corporis reprehenderit.";"Qui aut."
attr_350;attr_opt_attr_3507;5;"Et alias esse.";"Repellat qui qui.";"Explicabo eligendi.";"Corporis quos temporibus."
attr_350;attr_opt_attr_3508;4;"Sequi laudantium.";"Voluptatum sint.";"Sed ratione.";"Dolores qui nihil."
attr_350;attr_opt_attr_3509;8;"Sapiente itaque aut.";"Impedit sed vel.";"Nesciunt a.";"Sed accusantium."
attr_361;attr_opt_attr_3610;10;"Nobis aut assumenda.";"Vitae ut.";"Dolorum qui.";"Modi dolores iusto."
attr_361;attr_opt_attr_3611;9;"Et mollitia.";"Fugit fugiat sint.";"Est architecto ad.";"Maiores commodi."
attr_361;attr_opt_attr_3612;7;"Id est nesciunt.";"At facilis vel.";"Qui dolorum in.";"Sint mollitia."
attr_361;attr_opt_attr_3613;10;"Excepturi voluptatem.";"Harum optio.";"Aut tempore veritatis.";"Quae iure."
attr_361;attr_opt_attr_3614;6;"Sint officiis.";"Eos nemo eos.";"Deleniti rerum quia.";"Sunt iste."
attr_361;attr_opt_attr_3615;6;"Consequuntur sed adipisci.";"Voluptatem molestias accusamus.";"Ipsum nemo pariatur.";"Ut itaque."
attr_361;attr_opt_attr_3616;1;"Quia non suscipit.";"Quia rerum in.";"Et laborum eius.";"Dolorem velit."
attr_361;attr_opt_attr_3617;1;"Corporis ipsa.";"Et consequatur aut.";"Ea sunt.";"Dicta et."
attr_361;attr_opt_attr_3618;3;"Qui sapiente.";"Vitae qui omnis.";"Dignissimos impedit.";"Deleniti voluptate."
attr_361;attr_opt_attr_3619;1;"Voluptatem id.";"Qui et sint.";"Rerum iste quia.";"Consequatur qui aliquam."
attr_363;attr_opt_attr_3630;4;"Laborum sit possimus.";"Consectetur omnis.";"Ex ullam.";"Illum est."
attr_363;attr_opt_attr_3631;1;"Fugit sit.";"Qui reiciendis atque.";"Aut illum.";"Rem praesentium."
attr_363;attr_opt_attr_3632;4;"Accusantium dolor.";"Occaecati deleniti sit.";"Est adipisci et.";"Sed odit."
attr_363;attr_opt_attr_3633;8;"Saepe quo beatae.";"Veritatis debitis.";"Consequatur suscipit atque.";"Ipsum rerum dolores."
attr_363;attr_opt_attr_3634;4;"In ea.";"Voluptatem itaque officiis.";"Recusandae porro voluptatibus.";"Aut qui laudantium."
attr_363;attr_opt_attr_3635;6;"Quidem enim.";"Molestiae est.";"Aliquam aspernatur.";"Nesciunt quia."
attr_363;attr_opt_attr_3636;2;"Temporibus voluptate.";"Ut ad id.";"Porro sunt.";"Adipisci accusamus."
attr_363;attr_opt_attr_3637;1;"Nihil non praesentium.";"Aperiam voluptatem consectetur.";"Vel explicabo dolor.";"Molestiae molestias et."
attr_363;attr_opt_attr_3638;7;"Veritatis ut aliquam.";"Modi nesciunt.";"Id deserunt.";"Sed in vel."
attr_363;attr_opt_attr_3639;4;"Ullam asperiores.";"Maiores aliquid dolor.";"Qui ut amet.";"Ex velit non."
attr_370;attr_opt_attr_3700;6;"In temporibus.";"Nesciunt dolores delectus.";"Enim et qui.";"Quia pariatur recusandae."
attr_370;attr_opt_attr_3701;5;"Saepe sit consequatur.";"Enim aut perferendis.";"Praesentium et numquam.";"Culpa ab aperiam."
attr_370;attr_opt_attr_3702;1;"Eum reiciendis.";"Qui ut quasi.";"Quibusdam ab.";"Architecto ut veniam."
attr_370;attr_opt_attr_3703;2;"Libero sit.";"Eius ab totam.";"Est reprehenderit.";"Eum laboriosam sapiente."
attr_370;attr_opt_attr_3704;1;"Odio dolore ut.";"Eius voluptatibus repudiandae.";"Sint magnam.";"Accusantium impedit eaque."
attr_370;attr_opt_attr_3705;5;"Aperiam veritatis ex.";"Officia dolorem neque.";"Suscipit saepe incidunt.";"Qui dolores."
attr_370;attr_opt_attr_3706;5;"Ea rerum nemo.";"Est sed nihil.";"Hic dolores.";"Vero impedit sapiente."
attr_370;attr_opt_attr_3707;4;"Assumenda occaecati qui.";"Minus hic fugit.";"Sed aspernatur.";"Aperiam quam tempore."
attr_370;attr_opt_attr_3708;7;"Ea expedita.";"Architecto nobis molestiae.";"Laboriosam qui.";"Tenetur veniam ut."
attr_370;attr_opt_attr_3709;3;"Voluptatibus odit quia.";"Tenetur odio earum.";"Iusto illum.";"At voluptatem aut."
attr_394;attr_opt_attr_3940;10;"Voluptas ducimus quae.";"Ut dolore.";"Nesciunt ad delectus.";"Atque rerum."
attr_394;attr_opt_attr_3941;1;"Ut sapiente et.";"Cum itaque dolor.";"Molestias illo iure.";"Qui eveniet."
attr_394;attr_opt_attr_3942;8;"Quibusdam id enim.";"Amet provident.";"Quis sit enim.";"Aut dicta."
attr_394;attr_opt_attr_3943;10;"Vitae reiciendis ut.";"Sed sint.";"Itaque consequatur ad.";"Veritatis eveniet."
attr_394;attr_opt_attr_3944;8;"Earum consequatur.";"Voluptate ratione.";"Qui et beatae.";"Sed consectetur deleniti."
attr_394;attr_opt_attr_3945;6;"Vitae ullam.";"Est neque.";"Fugiat mollitia.";"Qui atque."
attr_394;attr_opt_attr_3946;10;"Consequatur culpa quasi.";"Sunt dolorem dolor.";"Eum unde.";"Ea sed dignissimos."
attr_394;attr_opt_attr_3947;9;"Ad dolores.";"Aut ex.";"Iste vitae odio.";"Iste aut quis."
attr_394;attr_opt_attr_3948;2;"Voluptatem illum assumenda.";"Deserunt impedit.";"Error sunt.";"Suscipit quam."
attr_394;attr_opt_attr_3949;4;"Rerum saepe consequatur.";"Facilis quis ratione.";"Quasi cupiditate hic.";"In repudiandae."
attr_397;attr_opt_attr_3970;7;"Ea ad eligendi.";"Neque accusantium non.";"Ipsum harum.";"Non atque."
attr_397;attr_opt_attr_3971;9;"Dolorem id.";"Autem dolorum.";"Mollitia aspernatur illo.";"Sint magnam voluptatem."
attr_397;attr_opt_attr_3972;1;"Accusamus fugiat quos.";"Nisi velit.";"Labore magni.";"Et officiis esse."
attr_397;attr_opt_attr_3973;10;"Ut dolores et.";"Dolor animi.";"Tempora quam.";"Molestiae porro dolorum."
attr_397;attr_opt_attr_3974;9;"Aspernatur neque.";"Ea dolor.";"Et sunt non.";"Soluta ut."
attr_397;attr_opt_attr_3975;6;"Consequatur totam.";"Nemo aliquid aspernatur.";"Illum cumque.";"Est impedit sequi."
attr_397;attr_opt_attr_3976;4;"Labore nemo ut.";"Atque ut corrupti.";"Recusandae praesentium.";"Labore cupiditate voluptatem."
attr_397;attr_opt_attr_3977;10;"Blanditiis quasi.";"Aut sint.";"Et voluptatem quis.";"Placeat est quis."
attr_397;attr_opt_attr_3978;2;"Laudantium recusandae sunt.";"Velit aliquid provident.";"Quia reprehenderit.";"Esse et."
attr_397;attr_opt_attr_3979;7;"Est repellendus.";"Magnam debitis totam.";"Illo nostrum ea.";"Nemo perspiciatis."
