attribute;code;sort_order;label-fr_FR;label-en_US;label-de_DE;label-ru_RU
attr_2;attr_opt_attr_20;2;"Perferendis dicta.";"Recusandae saepe rerum.";"Est dicta.";"Voluptatem enim sint."
attr_2;attr_opt_attr_21;3;"Beatae enim blanditiis.";"Quas iste ipsum.";"Possimus quia ea.";"Nam asperiores."
attr_2;attr_opt_attr_22;9;"Recusandae dolor.";"Sit quis voluptatem.";"Facilis aperiam.";"Ipsam reiciendis sit."
attr_2;attr_opt_attr_23;1;"Qui placeat.";"Sit sunt libero.";"Qui repudiandae.";"Non est exercitationem."
attr_2;attr_opt_attr_24;6;"Mollitia eligendi.";"Blanditiis id aut.";"Quae rerum.";"Earum numquam."
attr_2;attr_opt_attr_25;8;"Aliquam est.";"Earum illum.";"Et eaque voluptate.";"Eligendi inventore ipsum."
attr_2;attr_opt_attr_26;3;"Et eveniet.";"Qui voluptatum.";"Consequatur necessitatibus quo.";"Dolores rerum incidunt."
attr_2;attr_opt_attr_27;7;"Impedit qui.";"Sapiente libero.";"Rerum similique eaque.";"Qui quo."
attr_2;attr_opt_attr_28;10;"Dicta quisquam est.";"Libero voluptas ut.";"Voluptatibus rerum.";"Perferendis mollitia autem."
attr_2;attr_opt_attr_29;9;"Voluptatem ex.";"Modi tenetur delectus.";"Facilis tempore.";"Iusto est."
attr_7;attr_opt_attr_70;10;"Sapiente omnis.";"Earum voluptatem rerum.";"Quae vero beatae.";"Beatae omnis."
attr_7;attr_opt_attr_71;6;"Molestias voluptatem quia.";"Qui reprehenderit.";"Incidunt in.";"Saepe rem neque."
attr_7;attr_opt_attr_72;8;"Voluptatem assumenda.";"Voluptatum impedit.";"Officia similique.";"Qui non."
attr_7;attr_opt_attr_73;5;"Labore qui.";"Delectus aut eum.";"Quia deserunt quibusdam.";"Sapiente repudiandae."
attr_7;attr_opt_attr_74;10;"Doloremque in ut.";"Aut rerum.";"Placeat ut harum.";"Est qui ut."
attr_7;attr_opt_attr_75;9;"Est esse est.";"Maxime ad id.";"In similique nesciunt.";"Ex aut."
attr_7;attr_opt_attr_76;4;"Veniam ea.";"Numquam fugit.";"Id dignissimos.";"Recusandae error non."
attr_7;attr_opt_attr_77;3;"Excepturi illum aut.";"Esse perspiciatis sit.";"Et est earum.";"Velit dignissimos dolor."
attr_7;attr_opt_attr_78;7;"Recusandae ut voluptatem.";"Facere magni aut.";"Atque illum eveniet.";"Soluta est numquam."
attr_7;attr_opt_attr_79;3;"Consequatur iure ad.";"Assumenda et quibusdam.";"Voluptatem repellat.";"Ea nemo."
attr_8;attr_opt_attr_80;6;"Atque tempore adipisci.";"Et neque.";"Nostrum blanditiis.";"Ipsa soluta veniam."
attr_8;attr_opt_attr_81;9;"Aperiam praesentium.";"Voluptatem doloremque.";"Officiis similique.";"Modi in."
attr_8;attr_opt_attr_82;10;"Saepe id rerum.";"Quia error.";"Quidem distinctio.";"Facilis repellat qui."
attr_8;attr_opt_attr_83;10;"Alias dolore.";"Autem quidem.";"Eaque culpa.";"Tempore cumque."
attr_8;attr_opt_attr_84;2;"Et occaecati.";"Accusamus explicabo atque.";"Eum officiis.";"Ut inventore quod."
attr_8;attr_opt_attr_85;10;"Quo aut.";"Qui nobis necessitatibus.";"Ut quis.";"Laborum voluptate error."
attr_8;attr_opt_attr_86;6;"Consectetur adipisci.";"Aut reprehenderit maxime.";"Ab sint.";"Non molestiae."
attr_8;attr_opt_attr_87;4;"Quod aperiam.";"Ullam aliquid quos.";"Et voluptatum.";"Tempore nihil."
attr_8;attr_opt_attr_88;6;"Ut perspiciatis.";"Quod neque.";"Magnam et eius.";"Modi recusandae."
attr_8;attr_opt_attr_89;5;"Soluta reiciendis.";"Dolores sed.";"Distinctio esse nobis.";"Deserunt eos."
attr_9;attr_opt_attr_90;3;"Excepturi voluptatem est.";"Et et.";"Blanditiis pariatur.";"Ratione eum."
attr_9;attr_opt_attr_91;8;"Quasi eum.";"Quas deleniti enim.";"Aut et.";"Quia et quis."
attr_9;attr_opt_attr_92;2;"Nisi reiciendis.";"Voluptas minus.";"Dolorem fugit eligendi.";"Quidem at."
attr_9;attr_opt_attr_93;4;"Deleniti aut.";"Mollitia animi veniam.";"Sunt voluptas.";"Qui doloribus eius."
attr_9;attr_opt_attr_94;2;"Nesciunt nihil dolorem.";"Optio pariatur.";"Totam enim error.";"Est non voluptatem."
attr_9;attr_opt_attr_95;4;"Laborum voluptatem aut.";"Inventore culpa.";"Ea rem.";"Nemo quae debitis."
attr_9;attr_opt_attr_96;4;"Sapiente ea architecto.";"Aut reprehenderit.";"Tenetur quasi.";"Accusantium corporis explicabo."
attr_9;attr_opt_attr_97;5;"Nobis vitae aut.";"Voluptatum et illum.";"Ut ut.";"Maiores nam velit."
attr_9;attr_opt_attr_98;4;"Quia modi impedit.";"Perspiciatis ducimus et.";"Voluptatum eum.";"Sit nobis."
attr_9;attr_opt_attr_99;8;"Hic amet.";"Odit iste.";"Non at modi.";"Ut est."
attr_12;attr_opt_attr_120;2;"Qui quas velit.";"Cupiditate aut.";"Quis occaecati veniam.";"Nisi reprehenderit."
attr_12;attr_opt_attr_121;4;"Distinctio fuga autem.";"Autem harum.";"Laborum sed corrupti.";"Tenetur rerum."
attr_12;attr_opt_attr_122;5;"Quisquam non dignissimos.";"Ipsa blanditiis.";"Ea aut.";"Voluptas illum."
attr_12;attr_opt_attr_123;10;"Et in suscipit.";"Sed sint nihil.";"Consequatur non eum.";"Et voluptatem."
attr_12;attr_opt_attr_124;4;"Sequi dolorum assumenda.";"Laudantium consequatur et.";"Sunt optio voluptate.";"Alias ad iste."
attr_12;attr_opt_attr_125;9;"Assumenda est quisquam.";"Beatae ipsum et.";"Enim est est.";"Ut perspiciatis."
attr_12;attr_opt_attr_126;2;"Quibusdam consequatur.";"Occaecati cumque.";"Impedit sint non.";"Ab ipsum exercitationem."
attr_12;attr_opt_attr_127;7;"Iusto est vero.";"Eaque totam.";"Libero dolores.";"Enim vel voluptatum."
attr_12;attr_opt_attr_128;3;"Explicabo exercitationem.";"Autem voluptas.";"Voluptatem ut vel.";"Ipsa mollitia ipsam."
attr_12;attr_opt_attr_129;3;"Est quam ut.";"Sed aut.";"Consequatur neque.";"Eveniet ut."
attr_17;attr_opt_attr_170;9;"Officia nesciunt omnis.";"Unde quis est.";"Laboriosam tempore sed.";"Est sunt."
attr_17;attr_opt_attr_171;9;"Architecto et.";"Vel deserunt quia.";"Ut quisquam qui.";"Magnam libero."
attr_17;attr_opt_attr_172;1;"Et fuga.";"Recusandae est facere.";"Alias atque.";"Quam dolorem."
attr_17;attr_opt_attr_173;4;"Eos ut dolor.";"Enim dicta consectetur.";"Molestiae sequi vel.";"Cum soluta."
attr_17;attr_opt_attr_174;5;"Ea ab.";"Optio totam.";"Dolorem amet eos.";"Rem rerum reiciendis."
attr_17;attr_opt_attr_175;8;"Ipsum delectus ut.";"Vitae est.";"Nobis corporis.";"Omnis officia aliquam."
attr_17;attr_opt_attr_176;1;"Id ipsa quas.";"Ut explicabo quae.";"Velit et iste.";"Similique est."
attr_17;attr_opt_attr_177;3;"Iste maxime qui.";"Itaque velit.";"Distinctio rerum.";"Corrupti doloremque incidunt."
attr_17;attr_opt_attr_178;6;"Modi sint.";"Suscipit quod.";"Temporibus deleniti.";"Aut ut."
attr_17;attr_opt_attr_179;9;"Nisi placeat.";"Dolore fugiat.";"Distinctio magnam.";"Alias possimus."
attr_26;attr_opt_attr_260;1;"Neque velit.";"Sint rerum.";"Quibusdam architecto temporibus.";"A laudantium est."
attr_26;attr_opt_attr_261;2;"Voluptas praesentium doloremque.";"Magni quo rerum.";"Rerum sit.";"Assumenda ut aut."
attr_26;attr_opt_attr_262;7;"Molestiae fugiat nisi.";"Ipsa asperiores.";"Asperiores qui.";"Molestias veritatis."
attr_26;attr_opt_attr_263;10;"Fuga tempora sed.";"Quisquam assumenda.";"Velit est aut.";"Minima et odio."
attr_26;attr_opt_attr_264;9;"Excepturi distinctio doloremque.";"Ea fugiat.";"Facere ut at.";"Ipsa veritatis qui."
attr_26;attr_opt_attr_265;8;"Aut nobis.";"Quos doloribus voluptatem.";"Odit eveniet impedit.";"Nobis culpa."
attr_26;attr_opt_attr_266;10;"Dignissimos dolores tempore.";"Beatae hic voluptate.";"Veniam numquam fuga.";"Eligendi rerum."
attr_26;attr_opt_attr_267;5;"Fugit molestias dolorum.";"Rem placeat.";"Officiis sed.";"Id exercitationem."
attr_26;attr_opt_attr_268;9;"Consectetur dolore.";"Alias hic.";"Dolor quod quae.";"Dolorum ut."
attr_26;attr_opt_attr_269;4;"Suscipit quod.";"Possimus eveniet.";"Soluta aut.";"Iusto ullam."
attr_31;attr_opt_attr_310;10;"Et earum ducimus.";"Quaerat provident corrupti.";"Porro autem.";"Architecto molestias impedit."
attr_31;attr_opt_attr_311;10;"Numquam quod et.";"Et maiores.";"Incidunt occaecati ut.";"Facilis cupiditate."
attr_31;attr_opt_attr_312;2;"Voluptatem doloribus voluptate.";"Voluptatem omnis.";"Hic beatae.";"Quo iusto."
attr_31;attr_opt_attr_313;8;"Sit necessitatibus.";"Quis quam.";"Aut laboriosam.";"Similique in."
attr_31;attr_opt_attr_314;4;"Ex delectus commodi.";"Cupiditate quo.";"Voluptates excepturi.";"A et reiciendis."
attr_31;attr_opt_attr_315;6;"Magnam dolor.";"Ea libero molestiae.";"Perferendis molestias illum.";"Quia quia quis."
attr_31;attr_opt_attr_316;6;"Eos perspiciatis quidem.";"Quae voluptates.";"Consequatur pariatur nam.";"Voluptatem ipsam quae."
attr_31;attr_opt_attr_317;5;"Expedita est.";"Ipsum aut nulla.";"Quia molestiae velit.";"Voluptas assumenda."
attr_31;attr_opt_attr_318;6;"Et et.";"Dignissimos ea.";"Harum dolorum.";"Praesentium mollitia."
attr_31;attr_opt_attr_319;4;"Non quia.";"Incidunt fugiat excepturi.";"Autem necessitatibus.";"Architecto ut dolorum."
attr_34;attr_opt_attr_340;2;"Necessitatibus praesentium sit.";"Quia iusto eos.";"Consequatur suscipit.";"At omnis."
attr_34;attr_opt_attr_341;2;"Dolorum iste sapiente.";"Libero neque dolorem.";"Modi voluptatem.";"Ullam repellat quisquam."
attr_34;attr_opt_attr_342;3;"Dolore voluptates.";"Nisi accusamus.";"Sit rerum adipisci.";"Non eveniet."
attr_34;attr_opt_attr_343;4;"Natus aut.";"Sapiente sed velit.";"Voluptas non asperiores.";"Eos voluptatibus dignissimos."
attr_34;attr_opt_attr_344;9;"Consequatur amet.";"Quia accusantium.";"Officiis non.";"Quaerat recusandae."
attr_34;attr_opt_attr_345;8;"Eveniet est.";"Non dolore.";"Est eum.";"Odio aliquam."
attr_34;attr_opt_attr_346;3;"Dicta accusantium omnis.";"Soluta officia molestiae.";"Incidunt officiis.";"Dolor beatae aut."
attr_34;attr_opt_attr_347;9;"Molestias doloremque aperiam.";"Accusamus nisi.";"Dolores quia.";"Omnis voluptatem."
attr_34;attr_opt_attr_348;10;"Laboriosam possimus.";"Assumenda maiores et.";"Dolores dolor a.";"Et quo minima."
attr_34;attr_opt_attr_349;1;"Veritatis consectetur.";"Fugit itaque quas.";"Odio molestias.";"Earum placeat sed."
attr_37;attr_opt_attr_370;10;"Voluptatem velit veniam.";"Inventore ea id.";"Nisi odit beatae.";"Vero nisi repudiandae."
attr_37;attr_opt_attr_371;7;"Voluptatem ex.";"Magnam atque.";"Ullam neque eius.";"Sit dolores."
attr_37;attr_opt_attr_372;4;"Rem eius.";"Sequi et.";"Qui quo.";"Occaecati sit et."
attr_37;attr_opt_attr_373;5;"Dolorem repellat recusandae.";"Animi ut.";"Fugit dolore minus.";"Velit consequuntur."
attr_37;attr_opt_attr_374;4;"Sed laboriosam.";"Aut suscipit eos.";"Beatae qui.";"Et officiis."
attr_37;attr_opt_attr_375;1;"Earum repellendus et.";"Omnis et quidem.";"Autem quidem.";"Qui sed."
attr_37;attr_opt_attr_376;7;"Inventore laboriosam.";"Autem facilis.";"Doloribus molestiae nulla.";"Dolores ratione voluptatem."
attr_37;attr_opt_attr_377;9;"Velit reiciendis.";"Voluptates aut.";"Quia harum ullam.";"Sed nobis."
attr_37;attr_opt_attr_378;4;"Repellat explicabo veritatis.";"Numquam soluta iure.";"Facere vitae.";"Sit qui sed."
attr_37;attr_opt_attr_379;5;"Omnis ipsum.";"Soluta ut.";"Sint quo.";"Itaque necessitatibus non."
attr_44;attr_opt_attr_440;5;"Quia rerum.";"Harum labore.";"Nostrum at omnis.";"Ex itaque ut."
attr_44;attr_opt_attr_441;10;"Dolore aliquam.";"Accusantium cumque.";"Provident omnis.";"Sed eos."
attr_44;attr_opt_attr_442;2;"Consequuntur nemo aut.";"Atque rem id.";"Eaque soluta unde.";"Aut veritatis."
attr_44;attr_opt_attr_443;9;"Sit ut.";"Esse ipsam.";"Non quis.";"Quae doloribus eaque."
attr_44;attr_opt_attr_444;6;"Quaerat voluptas totam.";"Vero sit ipsum.";"Cupiditate autem.";"Sint et."
attr_44;attr_opt_attr_445;4;"Voluptates aut alias.";"Vitae tempora.";"Ullam fuga.";"Accusantium nisi."
attr_44;attr_opt_attr_446;7;"Corrupti ut eum.";"Et minus.";"Voluptas similique assumenda.";"Rerum aut corporis."
attr_44;attr_opt_attr_447;5;"Mollitia molestiae autem.";"Provident et sit.";"Veritatis et numquam.";"Amet ipsa."
attr_44;attr_opt_attr_448;7;"Sunt quia unde.";"In tempora delectus.";"Dolore aut quam.";"Voluptatum tempora excepturi."
attr_44;attr_opt_attr_449;8;"Provident ipsum voluptatibus.";"Sequi provident.";"Expedita sit iste.";"Qui provident non."
attr_49;attr_opt_attr_490;1;"In suscipit esse.";"Dolorem accusantium.";"Ducimus laboriosam explicabo.";"Vel voluptatem et."
attr_49;attr_opt_attr_491;4;"Qui laboriosam velit.";"Voluptas facilis.";"Culpa delectus.";"Nobis odit facilis."
attr_49;attr_opt_attr_492;2;"Voluptas quod.";"Nam perspiciatis.";"Autem ipsam.";"Et distinctio id."
attr_49;attr_opt_attr_493;4;"Sit harum quia.";"Est sunt ipsa.";"Ipsa eum.";"Et aut."
attr_49;attr_opt_attr_494;5;"Earum deserunt.";"Et suscipit.";"Cum odio dolorem.";"Illo velit voluptatum."
attr_49;attr_opt_attr_495;4;"Reprehenderit placeat dolor.";"Dolor occaecati nisi.";"Magni quod.";"Commodi rerum."
attr_49;attr_opt_attr_496;4;"Dolor est dolorem.";"Illum fugiat.";"Blanditiis tempore.";"Veniam molestiae velit."
attr_49;attr_opt_attr_497;1;"Perferendis porro.";"Voluptas quasi.";"Quia dolore adipisci.";"Minima omnis."
attr_49;attr_opt_attr_498;6;"Omnis corrupti deserunt.";"Illum aspernatur.";"Ut quaerat.";"Et rerum."
attr_49;attr_opt_attr_499;5;"Corrupti molestiae.";"Maxime ea voluptas.";"Ad similique ut.";"Sed optio dolores."
attr_52;attr_opt_attr_520;10;"Minima praesentium et.";"Ut voluptatibus.";"Minima consequatur nostrum.";"Quo voluptatum."
attr_52;attr_opt_attr_521;3;"Tempora sed.";"Et mollitia.";"Quo quasi.";"Quia est ut."
attr_52;attr_opt_attr_522;2;"Facilis dolorem excepturi.";"Molestiae est.";"Quo et.";"Occaecati sit."
attr_52;attr_opt_attr_523;1;"Quia qui.";"Enim qui.";"Saepe officiis molestiae.";"Est esse aut."
attr_52;attr_opt_attr_524;4;"Voluptas et.";"Quia eaque.";"Ducimus perspiciatis maxime.";"Eos consequuntur atque."
attr_52;attr_opt_attr_525;3;"Fugit neque et.";"Qui sequi.";"Et praesentium.";"Cupiditate corporis id."
attr_52;attr_opt_attr_526;1;"Rerum iusto.";"Quasi labore id.";"Quod beatae.";"Voluptatem quas vel."
attr_52;attr_opt_attr_527;3;"Velit at officia.";"Porro aut.";"Ea sequi voluptatem.";"Quidem non eos."
attr_52;attr_opt_attr_528;9;"Cum modi vel.";"Animi et at.";"Qui odit eum.";"Voluptatum ea occaecati."
attr_52;attr_opt_attr_529;10;"Quas ut.";"Eum sint.";"Magni ullam voluptatem.";"Nisi tenetur."
attr_54;attr_opt_attr_540;6;"Omnis aut recusandae.";"Eaque beatae consequatur.";"Porro aperiam est.";"Laudantium quis officia."
attr_54;attr_opt_attr_541;4;"Et impedit.";"Quae suscipit.";"Sequi rerum laudantium.";"Debitis ex modi."
attr_54;attr_opt_attr_542;5;"Sint qui officiis.";"Et doloribus et.";"Et nemo est.";"Tempore labore ea."
attr_54;attr_opt_attr_543;2;"Ut occaecati.";"A aperiam quia.";"Quia quas.";"Architecto et."
attr_54;attr_opt_attr_544;1;"Voluptatem consequuntur id.";"Vitae vel porro.";"Voluptatibus porro.";"Non quis."
attr_54;attr_opt_attr_545;4;"Suscipit deserunt.";"Non porro.";"Omnis aspernatur.";"Et aliquam debitis."
attr_54;attr_opt_attr_546;9;"Vel quae sunt.";"Reprehenderit neque.";"Sint pariatur nobis.";"Quis veritatis."
attr_54;attr_opt_attr_547;8;"Mollitia repudiandae minus.";"Quis qui fugit.";"Deserunt enim.";"Ut non fugiat."
attr_54;attr_opt_attr_548;5;"Voluptatem sit.";"Et ut vel.";"Natus aliquid expedita.";"Minus voluptates."
attr_54;attr_opt_attr_549;3;"Voluptatem consequatur.";"Culpa qui.";"Enim rerum iure.";"Ut sapiente et."
attr_56;attr_opt_attr_560;6;"Quisquam aperiam.";"Pariatur est.";"Consequuntur voluptas architecto.";"Fugit non."
attr_56;attr_opt_attr_561;6;"Minima sit.";"Aut consectetur.";"Sit reiciendis.";"Voluptas harum voluptates."
attr_56;attr_opt_attr_562;8;"Id nostrum.";"A inventore nostrum.";"Laudantium expedita.";"Qui molestiae quidem."
attr_56;attr_opt_attr_563;8;"Est accusantium iusto.";"Magnam possimus consequatur.";"Consequuntur eligendi est.";"Suscipit illum sunt."
attr_56;attr_opt_attr_564;6;"Assumenda ab optio.";"Mollitia quis dolor.";"Voluptate et.";"Sit eum enim."
attr_56;attr_opt_attr_565;3;"Nesciunt voluptatem.";"Qui quo ex.";"Accusamus porro.";"Modi fuga."
attr_56;attr_opt_attr_566;7;"Temporibus expedita asperiores.";"Est sapiente.";"Laborum sed dolor.";"Veritatis commodi."
attr_56;attr_opt_attr_567;6;"Officiis officiis.";"Nulla aut dicta.";"Rerum ex.";"Iste sed non."
attr_56;attr_opt_attr_568;8;"Quaerat molestiae.";"Laboriosam corporis.";"Mollitia reiciendis quis.";"Pariatur sit."
attr_56;attr_opt_attr_569;6;"Non odit aut.";"Maiores quo.";"Incidunt similique.";"Aut et neque."
attr_57;attr_opt_attr_570;9;"Est non.";"Aut dolorum sint.";"Dicta recusandae assumenda.";"Maxime fugit et."
attr_57;attr_opt_attr_571;6;"Optio id.";"Aut in aut.";"Recusandae optio.";"Asperiores cumque."
attr_57;attr_opt_attr_572;3;"Natus omnis blanditiis.";"Dolore voluptate.";"Expedita ut adipisci.";"Ut deleniti."
attr_57;attr_opt_attr_573;2;"Officia sed harum.";"Praesentium aut.";"Non nesciunt.";"Consequatur rerum."
attr_57;attr_opt_attr_574;5;"Nemo suscipit.";"Totam molestiae laborum.";"Repellat dolore rerum.";"Dignissimos qui."
attr_57;attr_opt_attr_575;1;"Deleniti aperiam.";"Qui porro doloribus.";"Sit deleniti a.";"Nesciunt qui."
attr_57;attr_opt_attr_576;4;"Qui non voluptas.";"Animi fugiat quaerat.";"Sed reiciendis voluptatibus.";"Unde nemo."
attr_57;attr_opt_attr_577;8;"Similique dolorum sit.";"Dolorem iure.";"A autem omnis.";"Animi sed."
attr_57;attr_opt_attr_578;2;"Consectetur vero possimus.";"Ut voluptates qui.";"Ex aspernatur laborum.";"Natus sed dolores."
attr_57;attr_opt_attr_579;3;"Illo aut.";"Reprehenderit ullam.";"Alias in ipsam.";"Error corrupti."
attr_63;attr_opt_attr_630;3;"Est dolore.";"Aperiam consequatur impedit.";"Sit quia ducimus.";"Eum atque doloremque."
attr_63;attr_opt_attr_631;5;"Consequatur occaecati est.";"Illum nisi.";"Repudiandae ea ut.";"Aut voluptas officia."
attr_63;attr_opt_attr_632;3;"Natus exercitationem rem.";"Et enim.";"Ab dicta.";"Qui sed."
attr_63;attr_opt_attr_633;5;"Neque rerum.";"Quisquam enim consequatur.";"Rerum nobis.";"Aut sequi voluptatum."
attr_63;attr_opt_attr_634;1;"Distinctio aliquid qui.";"Et ea.";"Facilis sit.";"Nulla facilis."
attr_63;attr_opt_attr_635;5;"Dolorum perspiciatis excepturi.";"Repudiandae minima.";"Perferendis autem exercitationem.";"Qui blanditiis."
attr_63;attr_opt_attr_636;7;"Quos provident.";"Dolorem distinctio.";"Ut quasi ab.";"Aut velit."
attr_63;attr_opt_attr_637;5;"Sequi ut est.";"Distinctio et quo.";"Nemo laboriosam.";"Sit corrupti sequi."
attr_63;attr_opt_attr_638;9;"Non doloribus nihil.";"Itaque laudantium saepe.";"Qui voluptatem quia.";"Explicabo voluptatem quaerat."
attr_63;attr_opt_attr_639;10;"Tempore modi nihil.";"Iusto modi veritatis.";"Et impedit et.";"Natus repellat fuga."
attr_65;attr_opt_attr_650;4;"Perferendis animi dignissimos.";"Assumenda corrupti.";"Quasi sed.";"Ut fugit laborum."
attr_65;attr_opt_attr_651;3;"Dolorem aperiam.";"Consequatur temporibus.";"Perferendis eos neque.";"Minus quod."
attr_65;attr_opt_attr_652;3;"In quas.";"Aut earum.";"Laboriosam ipsa ut.";"Temporibus aut quod."
attr_65;attr_opt_attr_653;9;"Ea aut vel.";"Id itaque delectus.";"Itaque reiciendis laudantium.";"Distinctio odit."
attr_65;attr_opt_attr_654;5;"Aut vel.";"Doloremque eaque eos.";"Non labore.";"Ab occaecati et."
attr_65;attr_opt_attr_655;4;"Tempora ut.";"Deleniti voluptates porro.";"Modi voluptatem vel.";"Dignissimos rem velit."
attr_65;attr_opt_attr_656;1;"Voluptatem blanditiis nostrum.";"Quia laborum non.";"Qui aut ipsa.";"Quidem eius."
attr_65;attr_opt_attr_657;4;"Placeat natus unde.";"Velit dolorum culpa.";"Voluptas nisi perferendis.";"Iure itaque non."
attr_65;attr_opt_attr_658;2;"Ad et delectus.";"Corporis autem.";"Praesentium quisquam.";"Optio aut voluptatum."
attr_65;attr_opt_attr_659;5;"Deserunt dolor recusandae.";"Illo nisi.";"In et nisi.";"Tempora autem quos."
attr_68;attr_opt_attr_680;1;"Itaque ratione.";"Autem est earum.";"Et nostrum.";"Qui id."
attr_68;attr_opt_attr_681;1;"Ut eius.";"Maxime est qui.";"Aut alias.";"Aut reprehenderit."
attr_68;attr_opt_attr_682;7;"Illum voluptates et.";"Deserunt et deserunt.";"Vel ut facere.";"Corporis expedita alias."
attr_68;attr_opt_attr_683;8;"Aliquam enim.";"Expedita est nesciunt.";"Ullam sunt et.";"Ipsa aut."
attr_68;attr_opt_attr_684;6;"Illo fugit.";"Nihil accusantium quis.";"Et in.";"Beatae soluta sed."
attr_68;attr_opt_attr_685;3;"Eos in.";"Quidem enim.";"Voluptatibus nihil.";"Omnis in."
attr_68;attr_opt_attr_686;1;"Qui dolor.";"Dicta necessitatibus voluptatibus.";"Repudiandae quia quam.";"Ut est."
attr_68;attr_opt_attr_687;6;"Est provident.";"Amet veritatis deserunt.";"Quas voluptates dolorem.";"Natus aspernatur maxime."
attr_68;attr_opt_attr_688;9;"Eius iste ut.";"Ipsa iste ut.";"Quo a.";"Nihil expedita nobis."
attr_68;attr_opt_attr_689;5;"Nihil eum soluta.";"Vero aut a.";"At sapiente.";"Voluptates natus."
attr_76;attr_opt_attr_760;5;"Repellendus aut.";"Fugiat excepturi voluptas.";"Recusandae ea.";"Ut eius libero."
attr_76;attr_opt_attr_761;5;"Voluptatem et.";"Necessitatibus tenetur.";"Sed occaecati odio.";"In ut consectetur."
attr_76;attr_opt_attr_762;3;"Possimus tempora.";"Accusantium sit impedit.";"Odio hic vel.";"Vero odio rerum."
attr_76;attr_opt_attr_763;10;"Ipsam culpa ipsa.";"Est eum.";"Maiores voluptas et.";"Quod dolores consequuntur."
attr_76;attr_opt_attr_764;4;"Consequatur eum quam.";"Aperiam distinctio.";"Deserunt facere rerum.";"Voluptas voluptas."
attr_76;attr_opt_attr_765;9;"Deleniti quis.";"Qui aliquam.";"Est veniam.";"Tenetur sed."
attr_76;attr_opt_attr_766;4;"Provident pariatur.";"Rerum nihil.";"Cum omnis facere.";"Similique iure eum."
attr_76;attr_opt_attr_767;7;"Aliquid quo quae.";"Optio quia.";"Quisquam in.";"Natus illo."
attr_76;attr_opt_attr_768;4;"Sint eos.";"Vel aut.";"Nobis omnis.";"Ducimus aperiam."
attr_76;attr_opt_attr_769;1;"Minus ipsum fugiat.";"Consequatur impedit et.";"Ad porro.";"Consequuntur tenetur non."
attr_81;attr_opt_attr_810;1;"Fugiat facilis.";"Et et.";"Minus eaque et.";"Consequuntur labore sed."
attr_81;attr_opt_attr_811;7;"At rem.";"Hic consequatur ratione.";"Deserunt vel.";"Blanditiis earum neque."
attr_81;attr_opt_attr_812;3;"Rerum numquam et.";"Voluptate voluptas molestiae.";"Nobis commodi.";"Et adipisci nemo."
attr_81;attr_opt_attr_813;10;"Quo perferendis id.";"Esse velit incidunt.";"Praesentium provident.";"Sed velit aut."
attr_81;attr_opt_attr_814;9;"Et quia adipisci.";"Id et.";"Autem voluptatibus dolores.";"Natus eos ea."
attr_81;attr_opt_attr_815;8;"Nostrum neque dolores.";"Totam eum qui.";"Distinctio praesentium delectus.";"Ratione occaecati qui."
attr_81;attr_opt_attr_816;10;"Labore harum nihil.";"Dolorem eius ut.";"Ratione dolores.";"Quia explicabo."
attr_81;attr_opt_attr_817;1;"Officiis illum neque.";"Numquam ducimus soluta.";"Fugiat aut.";"Quaerat quae alias."
attr_81;attr_opt_attr_818;3;"Eveniet saepe doloremque.";"Fugiat dolorem officia.";"Voluptatibus dolorem omnis.";"Sed explicabo."
attr_81;attr_opt_attr_819;8;"Ab ea laborum.";"Quis consequatur neque.";"Expedita natus iste.";"Reiciendis deleniti."
attr_85;attr_opt_attr_850;4;"Consectetur et et.";"Nihil quo.";"Ab eos.";"A alias dignissimos."
attr_85;attr_opt_attr_851;2;"Adipisci quasi quo.";"Ea quibusdam veniam.";"Ad et.";"Ullam minus."
attr_85;attr_opt_attr_852;8;"Minima quaerat repellendus.";"Ut vero.";"Distinctio corporis.";"Vitae est hic."
attr_85;attr_opt_attr_853;7;"Sit qui tempora.";"A libero quia.";"Quasi quasi.";"Necessitatibus quae."
attr_85;attr_opt_attr_854;8;"Dolorem quisquam.";"Maiores ea nihil.";"Dolorum et non.";"Voluptas illum aut."
attr_85;attr_opt_attr_855;3;"Odio cupiditate.";"Qui consequuntur.";"Ut consequatur.";"In quis velit."
attr_85;attr_opt_attr_856;4;"Ut minima.";"Recusandae adipisci.";"Voluptas eaque.";"Quis natus voluptatem."
attr_85;attr_opt_attr_857;9;"Et molestias aliquam.";"Nesciunt et.";"Suscipit nam.";"Aut velit."
attr_85;attr_opt_attr_858;9;"Et in in.";"Animi velit amet.";"Sed impedit.";"Rerum nesciunt non."
attr_85;attr_opt_attr_859;5;"Commodi maiores quia.";"Voluptatem quia optio.";"Laborum laudantium qui.";"Ut asperiores."
attr_87;attr_opt_attr_870;3;"Facilis et.";"In vel.";"Dolores debitis odio.";"Quis quibusdam quia."
attr_87;attr_opt_attr_871;6;"Non fugiat et.";"Et magnam sunt.";"Non dolorem.";"Nobis sed."
attr_87;attr_opt_attr_872;5;"Nemo et delectus.";"Ipsum est doloremque.";"Ut quisquam.";"Dolore rem."
attr_87;attr_opt_attr_873;2;"Sed et.";"Alias corporis veniam.";"Suscipit quibusdam voluptatem.";"Libero veritatis."
attr_87;attr_opt_attr_874;1;"Adipisci laboriosam.";"Dolor dolorem ut.";"Excepturi fuga id.";"Earum sint et."
attr_87;attr_opt_attr_875;1;"Hic aperiam et.";"Voluptas at.";"Quasi eos non.";"Quia voluptatum a."
attr_87;attr_opt_attr_876;4;"Aut cupiditate aut.";"Earum adipisci.";"Numquam voluptate.";"Eligendi libero."
attr_87;attr_opt_attr_877;3;"Voluptas voluptatum fugiat.";"Explicabo sed.";"Cumque aut.";"Suscipit repellendus sit."
attr_87;attr_opt_attr_878;6;"Et sed.";"Sint explicabo provident.";"Modi dicta.";"Sed eligendi."
attr_87;attr_opt_attr_879;9;"Repellat omnis.";"Accusamus aut totam.";"Iure facere maxime.";"Numquam ratione minus."
attr_91;attr_opt_attr_910;10;"Qui quo.";"Et voluptatibus facilis.";"Voluptas molestiae.";"Laboriosam corrupti quis."
attr_91;attr_opt_attr_911;2;"Beatae et similique.";"Odio sit.";"Doloribus dolores perferendis.";"Laudantium porro porro."
attr_91;attr_opt_attr_912;8;"Aliquam itaque.";"Aut laboriosam et.";"Omnis vel.";"Quia culpa."
attr_91;attr_opt_attr_913;7;"Sequi officiis.";"Doloremque voluptatibus.";"Eos eligendi culpa.";"Quis beatae laudantium."
attr_91;attr_opt_attr_914;10;"Est aut.";"Ipsam et.";"Et quisquam.";"A autem officiis."
attr_91;attr_opt_attr_915;10;"Nihil provident omnis.";"Quia ut.";"Itaque quam.";"Ut officiis porro."
attr_91;attr_opt_attr_916;2;"Perspiciatis fugit omnis.";"Quia accusantium et.";"Fugit consequuntur.";"Laudantium ratione consequatur."
attr_91;attr_opt_attr_917;9;"Laborum dolor nesciunt.";"Suscipit qui.";"Maxime nihil.";"Soluta sequi."
attr_91;attr_opt_attr_918;2;"Sint reiciendis.";"At adipisci.";"Nulla amet.";"Voluptates minima ipsum."
attr_91;attr_opt_attr_919;1;"Beatae voluptatem.";"Praesentium quia.";"Esse distinctio excepturi.";"Tenetur omnis sunt."
attr_93;attr_opt_attr_930;2;"Error nobis.";"Inventore qui.";"Est ad.";"Ea quos."
attr_93;attr_opt_attr_931;4;"Est veniam id.";"Dolor veniam quos.";"Labore necessitatibus aut.";"Et itaque assumenda."
attr_93;attr_opt_attr_932;9;"Quibusdam sit alias.";"Neque velit.";"Aliquam ea dolorem.";"Alias eum."
attr_93;attr_opt_attr_933;5;"Animi voluptas.";"Voluptas accusamus.";"Quis libero et.";"Voluptatem eaque sapiente."
attr_93;attr_opt_attr_934;7;"Maiores quasi.";"Velit esse.";"Quo beatae sapiente.";"Incidunt sint."
attr_93;attr_opt_attr_935;8;"Voluptas omnis sint.";"Quam magnam ipsam.";"Est voluptatem aliquam.";"Asperiores quis."
attr_93;attr_opt_attr_936;4;"Error porro sed.";"Vel expedita et.";"Occaecati sed non.";"Neque perspiciatis corrupti."
attr_93;attr_opt_attr_937;4;"Voluptate tempora blanditiis.";"Quidem enim.";"Veniam aliquid quae.";"Porro unde."
attr_93;attr_opt_attr_938;6;"Et minima consequatur.";"Aspernatur libero quo.";"Repellendus quibusdam.";"Numquam doloremque."
attr_93;attr_opt_attr_939;10;"Maxime dolores.";"Nihil itaque distinctio.";"Et earum ut.";"Alias est nemo."
attr_95;attr_opt_attr_950;1;"Eveniet est voluptatibus.";"Rerum est.";"Aut enim ratione.";"Doloribus inventore."
attr_95;attr_opt_attr_951;10;"Explicabo omnis.";"Rerum eveniet distinctio.";"Omnis rerum omnis.";"Voluptatem eveniet velit."
attr_95;attr_opt_attr_952;4;"Optio eius saepe.";"Voluptatum voluptate beatae.";"Aut est.";"Distinctio hic."
attr_95;attr_opt_attr_953;6;"Velit velit.";"Consequatur eum.";"Repudiandae iure nihil.";"Enim maiores sit."
attr_95;attr_opt_attr_954;4;"Officia deserunt rem.";"Maxime omnis similique.";"Est impedit ducimus.";"Suscipit sapiente."
attr_95;attr_opt_attr_955;2;"Eaque aut eum.";"Dolore fugiat.";"Quo quia.";"Quam officia."
attr_95;attr_opt_attr_956;2;"Libero explicabo.";"Id sed eum.";"Molestiae sunt aspernatur.";"Ea ut aliquam."
attr_95;attr_opt_attr_957;5;"Mollitia est.";"Enim placeat error.";"Consectetur eos.";"Modi ratione."
attr_95;attr_opt_attr_958;4;"Ab nesciunt delectus.";"Ratione quis.";"Temporibus corporis.";"Enim dolorem."
attr_95;attr_opt_attr_959;9;"Doloremque quasi.";"Qui itaque ut.";"Laborum vitae.";"Enim quasi recusandae."
attr_97;attr_opt_attr_970;5;"Et enim.";"Dolorem dolores repellat.";"Officiis voluptas ipsam.";"Occaecati explicabo sed."
attr_97;attr_opt_attr_971;7;"Alias et earum.";"Quod ex repellat.";"Voluptate vero.";"Corporis eligendi saepe."
attr_97;attr_opt_attr_972;5;"Ducimus ut.";"Qui aut qui.";"Architecto libero.";"Et sit."
attr_97;attr_opt_attr_973;8;"Laborum beatae.";"Nulla et.";"Consectetur ut.";"Nesciunt commodi molestiae."
attr_97;attr_opt_attr_974;3;"Aliquid aut perferendis.";"Et fugit.";"Voluptas animi labore.";"Culpa cum."
attr_97;attr_opt_attr_975;5;"Quos nulla.";"Autem consequatur aut.";"Praesentium minus.";"Alias error."
attr_97;attr_opt_attr_976;10;"Alias vero.";"Rerum voluptate.";"Aspernatur mollitia.";"Qui voluptas."
attr_97;attr_opt_attr_977;4;"Doloremque quisquam.";"Voluptas explicabo.";"In harum.";"Vel voluptas."
attr_97;attr_opt_attr_978;9;"Recusandae est.";"Sapiente repudiandae.";"Excepturi consequatur.";"Vel pariatur laboriosam."
attr_97;attr_opt_attr_979;8;"Cumque enim.";"Necessitatibus tenetur.";"Tenetur quidem ut.";"Consequatur occaecati at."
attr_116;attr_opt_attr_1160;8;"Debitis consequuntur necessitatibus.";"Rerum quis.";"Saepe tenetur sunt.";"Reprehenderit qui."
attr_116;attr_opt_attr_1161;2;"Dolores rem ipsam.";"Consequatur dolorem.";"Sit quasi sequi.";"Labore totam."
attr_116;attr_opt_attr_1162;8;"Perspiciatis alias non.";"Expedita similique fuga.";"Amet nesciunt.";"Nobis id sed."
attr_116;attr_opt_attr_1163;8;"Sint at repellat.";"Totam unde.";"Nesciunt voluptate.";"Expedita dicta."
attr_116;attr_opt_attr_1164;7;"Perferendis sit beatae.";"Quia sit.";"Numquam officia.";"Laborum eum a."
attr_116;attr_opt_attr_1165;7;"Sapiente sit illo.";"Officiis autem.";"Exercitationem soluta quos.";"Minima placeat."
attr_116;attr_opt_attr_1166;4;"Laborum quibusdam adipisci.";"Ad adipisci dolores.";"Perspiciatis inventore.";"Sit itaque iusto."
attr_116;attr_opt_attr_1167;9;"Praesentium autem.";"Numquam repellat et.";"Delectus possimus.";"Sint aliquam minima."
attr_116;attr_opt_attr_1168;2;"Odit fugit.";"Unde dignissimos.";"Ipsa dicta.";"Vero ducimus."
attr_116;attr_opt_attr_1169;10;"Pariatur cum.";"Voluptatem qui.";"Non voluptatibus dolores.";"Id sed."
attr_125;attr_opt_attr_1250;5;"Qui dicta.";"Dolorem consequuntur.";"Architecto adipisci cumque.";"Aut aut deserunt."
attr_125;attr_opt_attr_1251;2;"Facere cupiditate molestias.";"Et ut numquam.";"Quo quaerat.";"Quis ea."
attr_125;attr_opt_attr_1252;2;"Veritatis blanditiis.";"Repellendus sit natus.";"In atque.";"Soluta exercitationem."
attr_125;attr_opt_attr_1253;10;"Iure amet.";"Et assumenda.";"Nemo officia.";"Nesciunt voluptas."
attr_125;attr_opt_attr_1254;4;"Repudiandae quos ducimus.";"Pariatur quia.";"Aut natus saepe.";"Et nulla."
attr_125;attr_opt_attr_1255;9;"Et doloribus eligendi.";"Et distinctio enim.";"Assumenda repudiandae.";"Commodi impedit animi."
attr_125;attr_opt_attr_1256;4;"Quisquam reiciendis qui.";"Earum placeat cumque.";"Quod quis.";"Aut animi."
attr_125;attr_opt_attr_1257;7;"Est quasi fugit.";"Voluptatem voluptas.";"Iure consequatur minima.";"Cumque quae distinctio."
attr_125;attr_opt_attr_1258;1;"Aperiam doloremque.";"Autem et.";"Molestias esse ad.";"Consequatur laudantium et."
attr_125;attr_opt_attr_1259;10;"Atque quia quia.";"Enim soluta.";"Autem laudantium.";"Possimus qui ad."
attr_128;attr_opt_attr_1280;10;"Omnis natus consequuntur.";"Optio labore.";"Perferendis autem officia.";"Aut aut accusantium."
attr_128;attr_opt_attr_1281;5;"Officia expedita.";"Iure voluptatem.";"Amet voluptatibus veritatis.";"Excepturi cupiditate voluptas."
attr_128;attr_opt_attr_1282;4;"Ut dicta pariatur.";"Doloremque magnam amet.";"Non molestias reiciendis.";"Ut a quos."
attr_128;attr_opt_attr_1283;5;"Consequuntur incidunt.";"Sed qui at.";"Consequatur quo sequi.";"Sit ducimus ut."
attr_128;attr_opt_attr_1284;3;"Modi velit ab.";"Ut nobis.";"Qui assumenda.";"Totam magnam earum."
attr_128;attr_opt_attr_1285;2;"Aliquid veritatis.";"Optio voluptas.";"Eaque qui quis.";"Ea qui."
attr_128;attr_opt_attr_1286;3;"Adipisci ullam.";"Architecto in.";"Aut esse non.";"Expedita est possimus."
attr_128;attr_opt_attr_1287;7;"Sit quia quae.";"Aliquam optio.";"Itaque nostrum occaecati.";"Eveniet vel quae."
attr_128;attr_opt_attr_1288;9;"Ullam numquam facilis.";"Natus officiis maiores.";"Aut reiciendis.";"Mollitia doloremque iste."
attr_128;attr_opt_attr_1289;4;"Quo ad.";"Voluptate voluptatibus dolores.";"Nam sapiente.";"Enim at."
attr_131;attr_opt_attr_1310;7;"Et vel aperiam.";"Magnam nobis.";"Culpa dicta.";"Porro ut ut."
attr_131;attr_opt_attr_1311;5;"Ea temporibus iusto.";"Totam et.";"Ullam nihil.";"Libero deserunt."
attr_131;attr_opt_attr_1312;4;"Saepe corrupti.";"Qui excepturi.";"Aspernatur aut.";"Et sint."
attr_131;attr_opt_attr_1313;5;"Qui placeat qui.";"Dignissimos qui.";"Consectetur et reprehenderit.";"Consequuntur et repellendus."
attr_131;attr_opt_attr_1314;2;"Sed possimus a.";"Voluptatum vero corrupti.";"Id quod.";"Expedita sapiente dolore."
attr_131;attr_opt_attr_1315;4;"Et non.";"Animi tempora.";"Temporibus fugit fugiat.";"Sapiente non aut."
attr_131;attr_opt_attr_1316;5;"Quis consequatur.";"Sed voluptatem nostrum.";"Incidunt sint exercitationem.";"Dolorem quia."
attr_131;attr_opt_attr_1317;10;"Aut facere.";"Deserunt sit.";"Consectetur minima modi.";"Voluptas eaque natus."
attr_131;attr_opt_attr_1318;10;"Sint suscipit.";"Quasi laboriosam voluptates.";"Labore nisi molestiae.";"Incidunt at."
attr_131;attr_opt_attr_1319;1;"Nihil voluptas.";"Velit facilis voluptate.";"Aliquid voluptatem voluptatem.";"Repudiandae hic reprehenderit."
attr_140;attr_opt_attr_1400;9;"Voluptatem qui laborum.";"Quia eaque.";"Harum repellendus non.";"Placeat porro."
attr_140;attr_opt_attr_1401;4;"Earum quae.";"Dicta beatae.";"Quaerat voluptatem.";"Eligendi eveniet."
attr_140;attr_opt_attr_1402;4;"Natus aliquid ex.";"Quae tenetur.";"Labore nemo.";"Quia mollitia."
attr_140;attr_opt_attr_1403;9;"Minima magnam amet.";"Ut vel.";"Quos dolores.";"Deleniti nihil."
attr_140;attr_opt_attr_1404;4;"Quo in.";"Voluptate excepturi.";"Magnam rerum qui.";"Vel libero est."
attr_140;attr_opt_attr_1405;3;"Fuga autem quia.";"Qui consequatur quo.";"Occaecati doloribus nihil.";"Illo velit alias."
attr_140;attr_opt_attr_1406;4;"Architecto dolores.";"Quo quaerat dolores.";"Quia necessitatibus tenetur.";"Minima expedita."
attr_140;attr_opt_attr_1407;4;"Nisi iure.";"Autem eos rerum.";"Esse fuga tempora.";"Voluptate at."
attr_140;attr_opt_attr_1408;7;"Pariatur odio.";"Accusamus illo harum.";"Est molestiae.";"Maiores suscipit porro."
attr_140;attr_opt_attr_1409;2;"Unde culpa.";"Illo ratione.";"Quo repellat.";"Autem cum."
attr_144;attr_opt_attr_1440;4;"Ratione sit.";"Quis corporis.";"Et possimus dicta.";"Sit dolor cum."
attr_144;attr_opt_attr_1441;1;"Amet eius.";"Quia harum est.";"Consequatur eos quia.";"Et itaque."
attr_144;attr_opt_attr_1442;9;"Sit molestiae.";"Aperiam est sunt.";"Autem provident expedita.";"Aut expedita qui."
attr_144;attr_opt_attr_1443;5;"Aut consequatur magni.";"Quae veritatis.";"Debitis et impedit.";"Et ex fugiat."
attr_144;attr_opt_attr_1444;4;"Iure vel.";"Consequatur et ab.";"Qui aut.";"Odio doloribus sint."
attr_144;attr_opt_attr_1445;10;"Maiores quod.";"Maxime ratione neque.";"Autem voluptatem sit.";"Et aut."
attr_144;attr_opt_attr_1446;7;"Soluta nobis exercitationem.";"Necessitatibus fuga numquam.";"Ipsa omnis.";"Voluptas possimus."
attr_144;attr_opt_attr_1447;2;"Et vel.";"Architecto saepe sed.";"Delectus asperiores molestiae.";"Perspiciatis laudantium ut."
attr_144;attr_opt_attr_1448;1;"Odio sapiente.";"Illum repudiandae.";"Consequatur voluptas officia.";"Nulla dicta."
attr_144;attr_opt_attr_1449;10;"Fuga quia optio.";"Voluptatem illum aut.";"Quia cum.";"Ab nihil ut."
attr_149;attr_opt_attr_1490;3;"Repellat repudiandae.";"Nihil aut.";"Odit et.";"Quod quo."
attr_149;attr_opt_attr_1491;10;"Recusandae nulla.";"Aliquam dolorem hic.";"Et blanditiis.";"Rerum eos."
attr_149;attr_opt_attr_1492;1;"Deleniti et et.";"Est velit necessitatibus.";"Facere sed.";"Est et."
attr_149;attr_opt_attr_1493;3;"Ad asperiores.";"Et aut.";"Distinctio quia placeat.";"Deserunt exercitationem."
attr_149;attr_opt_attr_1494;4;"Illo nesciunt.";"A dolore et.";"Magnam deserunt laboriosam.";"Hic fugit."
attr_149;attr_opt_attr_1495;10;"Eaque culpa.";"Cum velit cupiditate.";"Incidunt debitis.";"Est officia."
attr_149;attr_opt_attr_1496;2;"Neque dolores in.";"Sit adipisci.";"Quidem repellat.";"Est et."
attr_149;attr_opt_attr_1497;5;"Ea totam.";"Non id voluptatibus.";"Tempore distinctio.";"Iste vel."
attr_149;attr_opt_attr_1498;3;"Blanditiis sequi.";"Nam id.";"Veniam consequuntur dolorem.";"Animi officiis doloremque."
attr_149;attr_opt_attr_1499;2;"Nihil et.";"Qui eaque.";"Dolorem facere.";"Molestiae qui aut."
attr_155;attr_opt_attr_1550;5;"Quos et.";"Iusto consectetur quae.";"Aut quo mollitia.";"Ut minus quia."
attr_155;attr_opt_attr_1551;2;"Non delectus iste.";"Delectus velit beatae.";"Non non.";"Consequatur sit."
attr_155;attr_opt_attr_1552;10;"Aut neque.";"Ducimus quibusdam voluptatem.";"Sit architecto quisquam.";"Quia blanditiis."
attr_155;attr_opt_attr_1553;9;"Est quidem in.";"Tenetur esse.";"Magni saepe laborum.";"Minus quisquam."
attr_155;attr_opt_attr_1554;7;"Eligendi odit.";"Eligendi illum.";"Dolor facilis.";"Et ducimus."
attr_155;attr_opt_attr_1555;8;"Ut omnis ex.";"Sunt aut nemo.";"Magnam et ex.";"Optio deleniti."
attr_155;attr_opt_attr_1556;9;"Esse sequi architecto.";"Sunt aut laudantium.";"Omnis nobis.";"Rem alias iusto."
attr_155;attr_opt_attr_1557;8;"Qui minus voluptas.";"Minima ducimus.";"Cumque sint.";"Aspernatur eum dolorem."
attr_155;attr_opt_attr_1558;6;"Eaque officia hic.";"Quidem expedita.";"Est amet.";"Architecto aut dolor."
attr_155;attr_opt_attr_1559;8;"Id ipsa facilis.";"Maiores quia maiores.";"Quo deserunt tempora.";"Animi vero."
attr_158;attr_opt_attr_1580;1;"Quo veritatis in.";"Laudantium sed.";"Et vitae est.";"Et quae."
attr_158;attr_opt_attr_1581;5;"Sapiente ut.";"Repellat voluptas.";"Ipsam perferendis sit.";"Repellendus consequatur sed."
attr_158;attr_opt_attr_1582;6;"Quibusdam corporis ab.";"Occaecati quo.";"Dignissimos laudantium laudantium.";"Dolores quod eveniet."
attr_158;attr_opt_attr_1583;10;"Quis quidem.";"Magni architecto.";"Nesciunt eveniet earum.";"Inventore est."
attr_158;attr_opt_attr_1584;7;"Quisquam harum in.";"Laboriosam accusamus.";"Rerum aut laborum.";"Enim accusamus eius."
attr_158;attr_opt_attr_1585;2;"Sint aut voluptas.";"Quae in asperiores.";"Veniam perspiciatis.";"Ipsa incidunt."
attr_158;attr_opt_attr_1586;3;"Laboriosam asperiores aliquid.";"Asperiores ut.";"Aut vero earum.";"Eligendi dolorum molestiae."
attr_158;attr_opt_attr_1587;8;"Similique ut alias.";"Veniam labore.";"Non vel omnis.";"Sint est."
attr_158;attr_opt_attr_1588;4;"Totam qui.";"Corporis velit.";"Natus aut.";"Veniam non tenetur."
attr_158;attr_opt_attr_1589;8;"Nobis ex.";"Cupiditate nostrum.";"Et voluptas.";"Error quia."
attr_166;attr_opt_attr_1660;10;"Autem placeat error.";"Iure sed corrupti.";"Itaque nostrum.";"Hic id quis."
attr_166;attr_opt_attr_1661;3;"Veniam dignissimos commodi.";"Repudiandae et voluptas.";"Occaecati quisquam.";"Omnis aliquid."
attr_166;attr_opt_attr_1662;6;"Quis in.";"Laudantium consequatur.";"Velit rerum doloribus.";"Perferendis et occaecati."
attr_166;attr_opt_attr_1663;3;"Est dolore deleniti.";"Ab sit nisi.";"Eveniet aliquid.";"Suscipit sapiente rerum."
attr_166;attr_opt_attr_1664;10;"Aut alias.";"Autem molestiae praesentium.";"Nostrum architecto aut.";"Atque dolores fuga."
attr_166;attr_opt_attr_1665;6;"Aut molestiae.";"Similique aspernatur.";"Dignissimos molestiae et.";"Et quaerat."
attr_166;attr_opt_attr_1666;9;"Eum quam amet.";"Alias tenetur quisquam.";"Unde in aut.";"Voluptatum similique dicta."
attr_166;attr_opt_attr_1667;2;"Impedit similique.";"Aut veniam.";"Facere illum.";"Qui quia consequatur."
attr_166;attr_opt_attr_1668;6;"Rerum iure distinctio.";"Autem quia quidem.";"Alias recusandae.";"Suscipit veritatis ratione."
attr_166;attr_opt_attr_1669;4;"Commodi ducimus.";"Dolor laudantium occaecati.";"Nihil aut.";"Aut nobis."
attr_170;attr_opt_attr_1700;10;"Dolorem aut sequi.";"Porro non aut.";"Blanditiis impedit.";"Rerum sit enim."
attr_170;attr_opt_attr_1701;10;"Assumenda neque.";"Est non.";"Dolorem repellendus aspernatur.";"Consequatur doloremque sit."
attr_170;attr_opt_attr_1702;4;"Delectus temporibus.";"Delectus minima dolores.";"Voluptatem ipsam.";"Vel unde sapiente."
attr_170;attr_opt_attr_1703;3;"Quos dolores numquam.";"Voluptatum voluptatibus veniam.";"Dolores pariatur est.";"Voluptatem aut."
attr_170;attr_opt_attr_1704;8;"Placeat quia ut.";"Sed fugiat dolores.";"Nobis occaecati perspiciatis.";"Autem doloribus ut."
attr_170;attr_opt_attr_1705;9;"Aut at.";"Expedita earum quisquam.";"Aut aliquid.";"Deserunt alias nisi."
attr_170;attr_opt_attr_1706;2;"Inventore quod.";"Porro expedita accusamus.";"Esse eaque.";"Accusamus exercitationem."
attr_170;attr_opt_attr_1707;4;"Voluptatum recusandae.";"Ratione eaque.";"Sit id rerum.";"Qui harum."
attr_170;attr_opt_attr_1708;8;"Consequuntur et facilis.";"Quae pariatur quia.";"Impedit qui tenetur.";"Fugiat et suscipit."
attr_170;attr_opt_attr_1709;10;"Ipsam sed.";"Autem nihil veritatis.";"Enim eum eos.";"Non a."
attr_176;attr_opt_attr_1760;2;"Sit et corrupti.";"Deleniti ut autem.";"Nulla dolorem porro.";"Accusamus delectus."
attr_176;attr_opt_attr_1761;9;"Asperiores et.";"Eligendi quaerat.";"Quaerat reiciendis.";"Laboriosam autem consectetur."
attr_176;attr_opt_attr_1762;2;"Eaque ab facere.";"Laboriosam quod.";"Doloribus eos et.";"Dolore repudiandae."
attr_176;attr_opt_attr_1763;9;"Quo esse maiores.";"Mollitia commodi.";"Accusantium facere.";"Sit et sit."
attr_176;attr_opt_attr_1764;6;"Nihil suscipit.";"Et modi illo.";"Sed numquam.";"Quia qui dolore."
attr_176;attr_opt_attr_1765;8;"Asperiores voluptas.";"Dolore id.";"Ut similique itaque.";"Dicta sint."
attr_176;attr_opt_attr_1766;3;"Dolore cupiditate non.";"Nihil maxime atque.";"Eveniet modi.";"Expedita iusto molestiae."
attr_176;attr_opt_attr_1767;8;"Quas dolorem.";"Nostrum et.";"Incidunt quaerat.";"Nihil mollitia."
attr_176;attr_opt_attr_1768;1;"Aut quas consectetur.";"Ducimus ut.";"Autem unde iusto.";"Eum tempora earum."
attr_176;attr_opt_attr_1769;5;"Inventore occaecati iure.";"Facilis inventore.";"Qui id dolorem.";"Laboriosam voluptas facere."
attr_181;attr_opt_attr_1810;5;"Voluptatibus voluptatem necessitatibus.";"Et autem consequuntur.";"Est nisi velit.";"Distinctio voluptatem."
attr_181;attr_opt_attr_1811;10;"Et omnis voluptatum.";"Recusandae qui.";"Maxime voluptatem.";"Ut ad."
attr_181;attr_opt_attr_1812;10;"Qui consequatur.";"Animi voluptas.";"In consequatur omnis.";"Voluptatum doloribus."
attr_181;attr_opt_attr_1813;8;"Et consequuntur.";"Pariatur quia.";"Voluptas adipisci nam.";"Ut laboriosam commodi."
attr_181;attr_opt_attr_1814;8;"Quas deleniti rerum.";"Animi suscipit aspernatur.";"Deleniti repudiandae.";"Facilis quibusdam."
attr_181;attr_opt_attr_1815;2;"Autem eius adipisci.";"Iusto hic.";"Quia enim.";"Ut iusto sint."
attr_181;attr_opt_attr_1816;7;"Ut blanditiis.";"Est tempora.";"Vitae consequatur.";"Sunt minima ut."
attr_181;attr_opt_attr_1817;4;"Quos nostrum.";"Ut aliquam.";"Quibusdam molestiae.";"Id ex."
attr_181;attr_opt_attr_1818;1;"Adipisci aut ad.";"Autem dolore.";"Sit culpa.";"Est nihil."
attr_181;attr_opt_attr_1819;9;"Consequuntur officia.";"Ipsa dolor.";"Omnis at doloribus.";"Et consequuntur tempora."
attr_200;attr_opt_attr_2000;8;"Assumenda non.";"Voluptate perspiciatis id.";"Impedit eveniet maxime.";"Nam ut officia."
attr_200;attr_opt_attr_2001;6;"Quia repellendus.";"Nostrum et incidunt.";"Neque non repellendus.";"Rem maiores."
attr_200;attr_opt_attr_2002;9;"Cum voluptatem.";"Voluptatibus voluptatum facere.";"Officiis sint beatae.";"Magni voluptatem."
attr_200;attr_opt_attr_2003;4;"Delectus aut commodi.";"Rerum eum excepturi.";"Eos accusamus.";"Sequi aut laudantium."
attr_200;attr_opt_attr_2004;1;"Et aliquid pariatur.";"Molestiae deleniti.";"Exercitationem sint facilis.";"Et aut facere."
attr_200;attr_opt_attr_2005;3;"Odio quasi.";"Ratione ut necessitatibus.";"Dolore incidunt nesciunt.";"Et dolorem qui."
attr_200;attr_opt_attr_2006;10;"Dolor distinctio at.";"Alias sed in.";"Alias et.";"Perferendis voluptas qui."
attr_200;attr_opt_attr_2007;7;"Eveniet qui.";"Non et.";"Tenetur et.";"Ut deleniti."
attr_200;attr_opt_attr_2008;3;"Quae officiis.";"Numquam consequatur.";"Dolor et.";"Quod est."
attr_200;attr_opt_attr_2009;7;"Laudantium et.";"Dolores delectus illo.";"Officiis amet.";"Quod iure praesentium."
attr_205;attr_opt_attr_2050;1;"Occaecati et.";"Sed ratione sunt.";"Ipsum doloremque.";"Et molestias cum."
attr_205;attr_opt_attr_2051;9;"Sunt molestiae.";"At eos cum.";"Accusantium et architecto.";"Quod corporis."
attr_205;attr_opt_attr_2052;6;"Dolores aperiam libero.";"Dolor natus.";"Occaecati mollitia.";"Ab ea aut."
attr_205;attr_opt_attr_2053;8;"Omnis voluptatem est.";"Consequatur ut.";"Corrupti veritatis dignissimos.";"Est veritatis."
attr_205;attr_opt_attr_2054;10;"Quae et.";"Vel quas.";"Explicabo hic ab.";"Voluptate aut."
attr_205;attr_opt_attr_2055;6;"Omnis aliquid.";"Magnam praesentium.";"Veniam qui.";"Et adipisci."
attr_205;attr_opt_attr_2056;1;"Sapiente assumenda.";"Quis cupiditate aut.";"Est culpa.";"Aspernatur unde."
attr_205;attr_opt_attr_2057;8;"Et inventore non.";"Doloribus nobis itaque.";"Magnam praesentium.";"Qui est et."
attr_205;attr_opt_attr_2058;3;"Earum ut fugiat.";"Et perferendis rem.";"Quia asperiores aut.";"Laudantium veniam cumque."
attr_205;attr_opt_attr_2059;4;"Laboriosam aut accusantium.";"Beatae possimus impedit.";"Perferendis quo adipisci.";"Recusandae aut optio."
attr_208;attr_opt_attr_2080;4;"Occaecati laborum.";"Corporis sequi.";"Aliquid dolores.";"Quia expedita sit."
attr_208;attr_opt_attr_2081;3;"Et dolores.";"Eveniet voluptas dolorem.";"Iusto sint.";"Optio nisi."
attr_208;attr_opt_attr_2082;9;"Et sed.";"Mollitia mollitia.";"Doloribus qui minima.";"Reiciendis architecto."
attr_208;attr_opt_attr_2083;9;"Ea quis et.";"Ut temporibus.";"Fuga ea aspernatur.";"Quos nisi."
attr_208;attr_opt_attr_2084;7;"Dolor ut.";"Eum laudantium.";"Quos recusandae labore.";"Reprehenderit voluptatum excepturi."
attr_208;attr_opt_attr_2085;6;"Adipisci dolorem.";"Veritatis possimus consequatur.";"Deserunt sed suscipit.";"Nam sit architecto."
attr_208;attr_opt_attr_2086;9;"Minima sequi provident.";"Consequatur qui.";"Sapiente doloremque omnis.";"Dolor nihil esse."
attr_208;attr_opt_attr_2087;2;"Natus eius officiis.";"Consectetur ipsa.";"Aut quia ad.";"Quia accusantium itaque."
attr_208;attr_opt_attr_2088;8;"Modi deserunt.";"Id et ut.";"Ut fugiat ipsa.";"Illum natus."
attr_208;attr_opt_attr_2089;7;"Dicta dolorem adipisci.";"Omnis et doloremque.";"Dolores doloremque nihil.";"Quaerat distinctio."
attr_209;attr_opt_attr_2090;5;"Autem molestiae sunt.";"Recusandae nesciunt.";"Et voluptas.";"Molestias vitae asperiores."
attr_209;attr_opt_attr_2091;7;"Ratione ea et.";"Non voluptas.";"Sit dolores optio.";"Quas amet rerum."
attr_209;attr_opt_attr_2092;10;"Assumenda cupiditate.";"Error architecto quod.";"Eum omnis laudantium.";"Suscipit facere et."
attr_209;attr_opt_attr_2093;8;"Voluptate labore iure.";"Id modi.";"Labore aut ratione.";"Dolorum totam."
attr_209;attr_opt_attr_2094;8;"Eos voluptatem.";"Quia molestiae aut.";"Ullam qui.";"Ullam qui aut."
attr_209;attr_opt_attr_2095;10;"Consequatur eos quo.";"Consequuntur quia.";"Provident beatae non.";"Consequatur iure."
attr_209;attr_opt_attr_2096;8;"Quas aut.";"Et eveniet sapiente.";"Occaecati sint iste.";"Possimus alias necessitatibus."
attr_209;attr_opt_attr_2097;1;"Neque laboriosam et.";"Ipsum consectetur sapiente.";"Cum molestias.";"Fugiat repellat."
attr_209;attr_opt_attr_2098;9;"Nisi occaecati.";"Eos cumque.";"Pariatur esse quae.";"Aliquam odio eligendi."
attr_209;attr_opt_attr_2099;9;"Eum totam.";"Exercitationem vero.";"Excepturi deleniti.";"Eligendi odit provident."
attr_211;attr_opt_attr_2110;7;"Tempore vel.";"Ut magnam quas.";"Qui voluptatem.";"Explicabo dolor illum."
attr_211;attr_opt_attr_2111;9;"Voluptatem quibusdam voluptatem.";"Quia tenetur et.";"Quia fugiat.";"Repudiandae modi."
attr_211;attr_opt_attr_2112;4;"Eius eos est.";"Commodi modi inventore.";"Similique deserunt quam.";"Repellat aut."
attr_211;attr_opt_attr_2113;7;"Qui quod vero.";"Autem non iste.";"Ullam quam.";"Quaerat enim."
attr_211;attr_opt_attr_2114;8;"Ad tempora.";"Quidem facilis.";"Quia nemo.";"Distinctio et ex."
attr_211;attr_opt_attr_2115;6;"Nobis qui.";"Eligendi sequi.";"Aut et at.";"Ut cumque."
attr_211;attr_opt_attr_2116;10;"Quidem dicta.";"Consequatur totam.";"Et quas esse.";"Et et animi."
attr_211;attr_opt_attr_2117;7;"Nam id.";"Maxime impedit enim.";"Dolorem totam quasi.";"Doloribus tenetur."
attr_211;attr_opt_attr_2118;8;"Numquam in.";"Architecto eaque at.";"Ut excepturi tenetur.";"Et accusamus quia."
attr_211;attr_opt_attr_2119;10;"Nemo voluptatibus facilis.";"Consequatur voluptates.";"Praesentium sed.";"Qui ut."
attr_215;attr_opt_attr_2150;1;"Eum voluptas et.";"Nam fugiat.";"Quia quis.";"Qui ut quos."
attr_215;attr_opt_attr_2151;9;"Occaecati ut.";"Deserunt quis aliquam.";"Quaerat et.";"Ea culpa."
attr_215;attr_opt_attr_2152;10;"Nam delectus.";"Soluta voluptas quo.";"Exercitationem aut.";"Ad et."
attr_215;attr_opt_attr_2153;9;"Nisi consequuntur.";"Praesentium quos aut.";"Qui voluptas sed.";"Sint laborum et."
attr_215;attr_opt_attr_2154;2;"Doloribus dolores et.";"Magni iusto.";"Dolores recusandae.";"Vel aut quis."
attr_215;attr_opt_attr_2155;4;"Qui voluptates.";"Magnam ut dolorem.";"Est recusandae libero.";"Autem ipsum odio."
attr_215;attr_opt_attr_2156;3;"Odit asperiores sint.";"Molestiae et.";"Voluptatem debitis.";"Et autem dicta."
attr_215;attr_opt_attr_2157;5;"Nam enim.";"Iure necessitatibus.";"Non quasi omnis.";"Reprehenderit eos."
attr_215;attr_opt_attr_2158;3;"Et ut.";"Ratione rerum.";"Facilis ea.";"Dolores quia."
attr_215;attr_opt_attr_2159;10;"Sit expedita.";"Nemo nam.";"Architecto inventore.";"Non unde."
attr_216;attr_opt_attr_2160;7;"Rerum placeat.";"Est modi.";"Dignissimos illum numquam.";"Ipsam maxime."
attr_216;attr_opt_attr_2161;6;"Exercitationem qui.";"Explicabo est.";"Maxime ea laborum.";"Ea numquam."
attr_216;attr_opt_attr_2162;7;"Repellendus ea ex.";"Explicabo ex quos.";"Dolorem libero ab.";"Necessitatibus reiciendis esse."
attr_216;attr_opt_attr_2163;4;"Error saepe.";"Optio vero.";"Dolorem sunt architecto.";"Necessitatibus inventore."
attr_216;attr_opt_attr_2164;10;"Animi voluptas.";"Voluptatem et.";"Laborum optio quis.";"Sequi iusto non."
attr_216;attr_opt_attr_2165;9;"Ab et.";"Est molestias corporis.";"Enim ut.";"Voluptas laborum qui."
attr_216;attr_opt_attr_2166;8;"Dignissimos error possimus.";"Magni facilis autem.";"Voluptatem fugiat incidunt.";"Fuga excepturi."
attr_216;attr_opt_attr_2167;7;"A rem.";"Iusto tempora.";"Debitis impedit alias.";"Et dolores inventore."
attr_216;attr_opt_attr_2168;7;"Dignissimos et.";"Sapiente et non.";"Necessitatibus consequatur.";"Necessitatibus voluptates incidunt."
attr_216;attr_opt_attr_2169;3;"Esse ea.";"Sed sint quia.";"Maxime cum vitae.";"Nam vel officiis."
attr_219;attr_opt_attr_2190;9;"Nulla nobis neque.";"Ipsam et at.";"Asperiores non possimus.";"Neque voluptates."
attr_219;attr_opt_attr_2191;5;"Similique sed facere.";"Ut doloribus earum.";"Velit magni molestias.";"Nesciunt velit eum."
attr_219;attr_opt_attr_2192;8;"Error fugit recusandae.";"Voluptatem deleniti.";"Omnis iure aspernatur.";"Possimus iusto."
attr_219;attr_opt_attr_2193;6;"Sunt magnam eum.";"Quo hic.";"Quam odit.";"Eos assumenda."
attr_219;attr_opt_attr_2194;5;"Ut nihil.";"Ut quo.";"Dignissimos minus ut.";"Et tempora."
attr_219;attr_opt_attr_2195;4;"Nihil corporis.";"Ut quidem ratione.";"Nulla et.";"Quos amet culpa."
attr_219;attr_opt_attr_2196;10;"Exercitationem velit et.";"Dolores expedita.";"Sint nesciunt accusamus.";"Nobis quia."
attr_219;attr_opt_attr_2197;4;"Sunt odit sunt.";"Omnis a est.";"Ut porro.";"Eius provident."
attr_219;attr_opt_attr_2198;2;"Libero fugiat.";"Ea et ullam.";"Magnam voluptatibus.";"In natus."
attr_219;attr_opt_attr_2199;5;"Asperiores et fugit.";"Dolor aut.";"Corporis in quaerat.";"Vitae voluptatem."
attr_224;attr_opt_attr_2240;7;"Veritatis illum.";"Ut quasi impedit.";"Minus consequatur.";"Eos sed."
attr_224;attr_opt_attr_2241;3;"Laboriosam mollitia.";"Repudiandae nihil similique.";"Omnis expedita repudiandae.";"Rem cum."
attr_224;attr_opt_attr_2242;7;"Id assumenda deserunt.";"Rerum architecto.";"Dolorem tenetur unde.";"Porro illum dolor."
attr_224;attr_opt_attr_2243;10;"Voluptas est quam.";"Molestiae repudiandae esse.";"Doloribus esse et.";"Et rerum et."
attr_224;attr_opt_attr_2244;5;"Vel qui.";"Et inventore.";"Enim necessitatibus consectetur.";"Eveniet vel culpa."
attr_224;attr_opt_attr_2245;7;"Consequatur ipsum aspernatur.";"Voluptas ea deleniti.";"Omnis earum.";"Minima voluptas aut."
attr_224;attr_opt_attr_2246;6;"Sit non.";"Quasi accusamus.";"Necessitatibus omnis.";"Et eos."
attr_224;attr_opt_attr_2247;9;"Esse quis odit.";"Excepturi incidunt nobis.";"Velit omnis.";"Nihil neque."
attr_224;attr_opt_attr_2248;6;"Enim id unde.";"Quia sunt.";"Aut praesentium tenetur.";"Deleniti at est."
attr_224;attr_opt_attr_2249;4;"Deserunt dolorem.";"Ut omnis.";"Perferendis aliquid quia.";"Dolorem unde quos."
attr_230;attr_opt_attr_2300;1;"Sit ex dolorum.";"Sapiente id.";"Ipsam sit.";"Molestiae deserunt autem."
attr_230;attr_opt_attr_2301;2;"Aut odio.";"Officiis et.";"Doloremque aspernatur.";"Quae maiores adipisci."
attr_230;attr_opt_attr_2302;1;"Distinctio omnis assumenda.";"Rerum itaque dignissimos.";"Magni fugit.";"Eos enim."
attr_230;attr_opt_attr_2303;5;"Enim voluptatem.";"Laudantium voluptate nobis.";"Ut autem.";"Hic earum rem."
attr_230;attr_opt_attr_2304;4;"Ut magnam.";"Consequatur praesentium.";"Nihil dolorum laboriosam.";"Quo in."
attr_230;attr_opt_attr_2305;5;"Quo blanditiis.";"Sit labore laboriosam.";"Facilis sed.";"Velit quia."
attr_230;attr_opt_attr_2306;5;"Quas dolor nostrum.";"Ut laboriosam sit.";"Exercitationem est consequatur.";"Officiis dolor ipsam."
attr_230;attr_opt_attr_2307;9;"Aut eveniet quo.";"Aut minima iure.";"Et sequi.";"Excepturi et."
attr_230;attr_opt_attr_2308;2;"Voluptas id quia.";"Maiores iusto maxime.";"Id iste ullam.";"Iure velit."
attr_230;attr_opt_attr_2309;9;"Fugit vitae hic.";"Nihil illum in.";"Minus odit.";"Laborum est."
attr_232;attr_opt_attr_2320;2;"Saepe soluta.";"Maxime ad porro.";"Ratione tempora.";"Itaque dolorem incidunt."
attr_232;attr_opt_attr_2321;3;"Id maiores repudiandae.";"Quibusdam magni.";"Incidunt natus vero.";"Nihil sit totam."
attr_232;attr_opt_attr_2322;8;"Qui sit soluta.";"Deserunt mollitia aperiam.";"Quas eos suscipit.";"Quo maxime."
attr_232;attr_opt_attr_2323;8;"Odit eos.";"Illum ut.";"Dolor ducimus.";"Voluptatibus ut."
attr_232;attr_opt_attr_2324;4;"Ut alias.";"Ducimus dolorum.";"Autem ipsa.";"Architecto aperiam."
attr_232;attr_opt_attr_2325;4;"Ut officiis nisi.";"Voluptas et vitae.";"Dolor non qui.";"Eveniet sed sit."
attr_232;attr_opt_attr_2326;6;"Repellendus illo.";"Qui omnis qui.";"Deserunt minima magnam.";"Quo et."
attr_232;attr_opt_attr_2327;6;"Labore iusto.";"Natus enim dolor.";"Nemo in cumque.";"Nihil ea."
attr_232;attr_opt_attr_2328;5;"Sit magnam sapiente.";"Nostrum veritatis.";"Eligendi sequi quia.";"Aut sit et."
attr_232;attr_opt_attr_2329;1;"Aut porro.";"Eaque magni cum.";"Quas repellat ea.";"Exercitationem sed iste."
attr_236;attr_opt_attr_2360;6;"Ut reprehenderit.";"Alias quia soluta.";"Ut ut labore.";"Enim sint."
attr_236;attr_opt_attr_2361;2;"Quos animi eum.";"Ducimus aut error.";"Facere perferendis.";"Natus optio dignissimos."
attr_236;attr_opt_attr_2362;7;"Et nemo nisi.";"Laborum non in.";"Molestiae ut.";"Exercitationem sint veritatis."
attr_236;attr_opt_attr_2363;4;"Consequatur sint.";"Aut doloribus vitae.";"Voluptatibus tenetur.";"Dolor eos."
attr_236;attr_opt_attr_2364;9;"Ipsam odio.";"Exercitationem blanditiis ipsa.";"Qui dolor.";"Ex voluptate ea."
attr_236;attr_opt_attr_2365;10;"Rerum et.";"Sit impedit.";"Saepe assumenda deleniti.";"Voluptas est omnis."
attr_236;attr_opt_attr_2366;2;"Quas optio quia.";"Quibusdam sequi.";"Architecto et.";"Est sit."
attr_236;attr_opt_attr_2367;7;"Velit at eum.";"Excepturi libero.";"Beatae consequatur optio.";"Consectetur a nulla."
attr_236;attr_opt_attr_2368;2;"Quia quaerat et.";"Quia sapiente.";"Repudiandae similique.";"Nostrum et."
attr_236;attr_opt_attr_2369;1;"Sint eius.";"Et eaque ut.";"Mollitia aut.";"Aut assumenda minus."
attr_240;attr_opt_attr_2400;6;"Consequatur sapiente nihil.";"Quia magnam qui.";"Voluptas aut aperiam.";"Ex et."
attr_240;attr_opt_attr_2401;4;"In minima dolor.";"Adipisci quos impedit.";"Delectus asperiores.";"Ea voluptatum rerum."
attr_240;attr_opt_attr_2402;1;"Aperiam quasi.";"Rem quae.";"Omnis maxime.";"Ea natus."
attr_240;attr_opt_attr_2403;8;"Sint molestias pariatur.";"Deserunt et quia.";"Non odit.";"Rerum aut."
attr_240;attr_opt_attr_2404;10;"Fuga quo.";"Minus sed a.";"Harum corrupti odit.";"Reiciendis praesentium."
attr_240;attr_opt_attr_2405;3;"Autem nemo ut.";"Doloremque beatae cupiditate.";"Sit magnam.";"Pariatur voluptatem."
attr_240;attr_opt_attr_2406;9;"Autem sunt.";"Sapiente aut et.";"Consectetur doloribus voluptatem.";"Optio inventore quaerat."
attr_240;attr_opt_attr_2407;10;"Fuga earum.";"Corporis nisi consequatur.";"Optio cum.";"Explicabo reiciendis ut."
attr_240;attr_opt_attr_2408;2;"Molestiae nihil rem.";"Dolores mollitia facere.";"Expedita earum impedit.";"Sed et voluptatibus."
attr_240;attr_opt_attr_2409;8;"Eum repudiandae.";"Maxime adipisci.";"Dolores commodi quam.";"Dolores inventore."
attr_242;attr_opt_attr_2420;2;"Qui consequatur.";"Qui ducimus.";"Suscipit qui.";"Quam sit quasi."
attr_242;attr_opt_attr_2421;1;"Neque et magni.";"Illum cupiditate.";"Enim eum.";"Iure culpa."
attr_242;attr_opt_attr_2422;6;"Minus aut.";"Voluptatibus eaque.";"Voluptatem ab eveniet.";"Eum mollitia perferendis."
attr_242;attr_opt_attr_2423;3;"Ad at quidem.";"Aut eum molestiae.";"Ullam ipsam tenetur.";"Deleniti unde."
attr_242;attr_opt_attr_2424;4;"Voluptas et delectus.";"At neque vel.";"Iure odio.";"Nisi saepe."
attr_242;attr_opt_attr_2425;4;"Consectetur eos.";"Deserunt consequuntur.";"Labore id.";"Aut earum voluptatem."
attr_242;attr_opt_attr_2426;6;"Aut doloremque cupiditate.";"Est voluptatem.";"Et quos voluptas.";"Repellendus nesciunt."
attr_242;attr_opt_attr_2427;4;"Et consequatur aspernatur.";"Commodi eveniet.";"Impedit animi libero.";"Explicabo accusantium."
attr_242;attr_opt_attr_2428;7;"Autem id rem.";"Aut nostrum nostrum.";"Rerum quia quis.";"Ex ad."
attr_242;attr_opt_attr_2429;3;"Ut qui in.";"Fugit possimus illo.";"Et dolorem possimus.";"Animi tempora."
attr_244;attr_opt_attr_2440;1;"Nesciunt sit.";"Vero asperiores delectus.";"Maiores rerum a.";"Sed enim voluptatem."
attr_244;attr_opt_attr_2441;6;"Quos laudantium amet.";"Excepturi nemo aliquid.";"Aperiam dolores.";"Aut voluptatem."
attr_244;attr_opt_attr_2442;10;"Cumque consectetur fuga.";"Eveniet iste aperiam.";"Ut est.";"Voluptates perferendis."
attr_244;attr_opt_attr_2443;6;"Earum rerum.";"Fugiat possimus corporis.";"Provident fuga.";"Ut dicta eaque."
attr_244;attr_opt_attr_2444;6;"Id qui provident.";"Accusantium quaerat.";"Possimus modi.";"Tenetur a."
attr_244;attr_opt_attr_2445;9;"Id asperiores.";"Ducimus pariatur et.";"Vitae necessitatibus error.";"Rerum aspernatur."
attr_244;attr_opt_attr_2446;7;"Rerum repellendus.";"Maxime perferendis atque.";"Molestiae odio.";"Ad omnis deleniti."
attr_244;attr_opt_attr_2447;1;"Commodi assumenda.";"Quod ipsam.";"Ut maiores eos.";"Atque quasi."
attr_244;attr_opt_attr_2448;2;"At doloribus.";"Eum voluptatem praesentium.";"Repudiandae aliquam.";"Id et libero."
attr_244;attr_opt_attr_2449;1;"Praesentium repellat.";"Quis consequuntur.";"Mollitia quibusdam quod.";"Itaque illum delectus."
attr_245;attr_opt_attr_2450;7;"Molestias voluptatem porro.";"Voluptas est enim.";"Omnis fugit soluta.";"Aspernatur nam est."
attr_245;attr_opt_attr_2451;8;"Enim dolores consequatur.";"Voluptatem magnam et.";"Quasi placeat sed.";"Natus et."
attr_245;attr_opt_attr_2452;8;"Quae cupiditate labore.";"Quod dolore non.";"Omnis impedit quia.";"Voluptatum sint."
attr_245;attr_opt_attr_2453;3;"Recusandae eos.";"Doloremque praesentium voluptatibus.";"Sequi ex.";"Commodi ipsam."
attr_245;attr_opt_attr_2454;7;"Et quisquam dolor.";"Aliquid qui.";"Eligendi voluptates et.";"Eaque aliquam."
attr_245;attr_opt_attr_2455;10;"Labore dolores sapiente.";"Dignissimos quia.";"Id nemo assumenda.";"Iure dolorem quia."
attr_245;attr_opt_attr_2456;4;"Recusandae error.";"Ut facere est.";"Animi quia distinctio.";"Iure dolorem repellat."
attr_245;attr_opt_attr_2457;10;"Impedit illum.";"Repudiandae sed qui.";"Voluptas beatae laudantium.";"Odit vel sit."
attr_245;attr_opt_attr_2458;10;"Consectetur corrupti et.";"Voluptas et.";"Magni incidunt.";"Modi similique at."
attr_245;attr_opt_attr_2459;10;"Quam nemo nihil.";"Ab consequatur numquam.";"Aut quis aut.";"Quis aut quis."
attr_246;attr_opt_attr_2460;7;"Error voluptatem.";"Excepturi natus.";"Adipisci autem.";"Necessitatibus minima quod."
attr_246;attr_opt_attr_2461;5;"Aut culpa deleniti.";"Architecto hic.";"Officia dolores.";"Placeat non doloribus."
attr_246;attr_opt_attr_2462;9;"Cum voluptates quisquam.";"Tenetur ea.";"Dolore id.";"Iure molestias."
attr_246;attr_opt_attr_2463;8;"Molestiae et et.";"Odio consectetur.";"Sit voluptates pariatur.";"Error aut."
attr_246;attr_opt_attr_2464;8;"Atque dolor.";"Quis vel.";"Natus deserunt.";"Iste rerum quam."
attr_246;attr_opt_attr_2465;4;"Id nobis vel.";"Rem culpa rem.";"Corporis ea.";"Similique vel."
attr_246;attr_opt_attr_2466;10;"Sit error.";"Et sit.";"Quo id harum.";"Reiciendis distinctio velit."
attr_246;attr_opt_attr_2467;5;"Fuga vero.";"Adipisci accusantium.";"Fugiat voluptatem.";"Vitae atque molestiae."
attr_246;attr_opt_attr_2468;6;"Error ut.";"Nemo sit possimus.";"Doloremque dolores magnam.";"Sequi laudantium est."
attr_246;attr_opt_attr_2469;5;"Quis ipsam saepe.";"Veritatis autem.";"Ut et.";"Eos tenetur optio."
