code;type;group;label-fr_FR;label-en_US;localizable;scopable;allowed_extensions;metric_family;default_metric_unit
sku;pim_catalog_identifier;attr_gr_8;;;;;;;
name;pim_catalog_text;attr_gr_10;;;;;;;
attr_0;pim_catalog_file;attr_gr_16;"Odit deleniti.";"Quia consectetur rerum.";0;0;jpg,png;;
attr_1;pim_catalog_file;attr_gr_6;"Eveniet enim sed.";"Voluptate esse.";0;0;png,pdf;;
attr_2;pim_catalog_image;attr_gr_18;"Sit a.";"Unde tempora asperiores.";0;0;pdf,jpg;;
attr_3;pim_catalog_date;attr_gr_17;"Sit sunt et.";"Voluptatem odit.";0;0;;;
attr_4;pim_catalog_file;attr_gr_11;"Eaque dicta facilis.";"Dolorum et.";0;0;jpg,pdf;;
attr_5;pim_catalog_image;attr_gr_8;"Saepe possimus deserunt.";"Eligendi rerum.";0;0;pdf,jpg;;
attr_6;pim_catalog_textarea;attr_gr_6;"Tempore itaque iusto.";"Officia velit atque.";0;0;;;
attr_7;pim_catalog_boolean;attr_gr_6;"Quo quaerat aliquam.";"Non reprehenderit.";0;0;;;
attr_8;pim_catalog_simpleselect;attr_gr_2;"Sunt modi ex.";"Eum earum dolore.";0;0;;;
attr_9;pim_catalog_file;attr_gr_0;"Ut explicabo.";"Voluptates quos magni.";0;0;png,jpg;;
attr_10;pim_catalog_file;attr_gr_2;"Ea ad.";"Non delectus corporis.";0;0;pdf,jpg;;
attr_11;pim_catalog_text;attr_gr_10;"Ut fuga.";"Aut et reiciendis.";0;0;;;
attr_12;pim_catalog_image;attr_gr_12;"Est officiis.";"Corporis voluptate et.";0;0;png,jpg;;
attr_13;pim_catalog_text;attr_gr_2;"Quia deleniti.";"Ut deserunt.";0;0;;;
attr_14;pim_catalog_metric;attr_gr_18;"Temporibus et.";"Inventore eos accusamus.";0;0;;Length;METER
attr_15;pim_catalog_text;attr_gr_15;"Aut vero sunt.";"Voluptatem esse.";0;0;;;
attr_16;pim_catalog_boolean;attr_gr_2;"Non iusto iste.";"Optio expedita delectus.";0;0;;;
attr_17;pim_catalog_file;attr_gr_3;"Quia quaerat unde.";"Nostrum et voluptatum.";0;0;jpg,png;;
attr_18;pim_catalog_text;attr_gr_5;"Distinctio excepturi.";"Ut asperiores vel.";0;0;;;
attr_19;pim_catalog_date;attr_gr_19;"Vero enim.";"Sed est.";1;0;;;
attr_20;pim_catalog_image;attr_gr_19;"Aliquid inventore.";"Nobis fugit autem.";0;0;jpg,png;;
attr_21;pim_catalog_simpleselect;attr_gr_4;"Quidem dolorum.";"Ab numquam.";0;0;;;
attr_22;pim_catalog_textarea;attr_gr_14;"Recusandae natus vel.";"Libero dolorem quam.";0;0;;;
attr_23;pim_catalog_number;attr_gr_4;"Recusandae vitae sequi.";"Et ut quasi.";0;0;;;
attr_24;pim_catalog_file;attr_gr_19;"Labore officia.";"Modi eos.";0;0;jpg,pdf;;
attr_25;pim_catalog_number;attr_gr_9;"Labore quasi.";"Animi eos iure.";0;0;;;
attr_26;pim_catalog_text;attr_gr_3;"Non autem.";"Non aliquid.";0;0;;;
attr_27;pim_catalog_image;attr_gr_9;"Quis doloribus aut.";"Mollitia iste.";0;0;jpg,png;;
attr_28;pim_catalog_file;attr_gr_19;"Minima earum deleniti.";"Maxime nesciunt.";0;0;pdf,png;;
attr_29;pim_catalog_boolean;attr_gr_7;"Velit ut.";"Consectetur sed.";0;0;;;
attr_30;pim_catalog_image;attr_gr_14;"Asperiores fuga.";"Id qui vel.";0;0;png,pdf;;
attr_31;pim_catalog_multiselect;attr_gr_10;"Voluptatum provident necessitatibus.";"Id sit.";0;0;;;
attr_32;pim_catalog_price_collection;attr_gr_4;"Beatae architecto illo.";"Et itaque.";0;0;;;
attr_33;pim_catalog_number;attr_gr_7;"Tempore id.";"Ab aliquid.";0;0;;;
attr_34;pim_catalog_text;attr_gr_11;"Et optio.";"Enim quia.";0;0;;;
attr_35;pim_catalog_simpleselect;attr_gr_8;"Ut aut nisi.";"Provident inventore.";0;0;;;
attr_36;pim_catalog_simpleselect;attr_gr_17;"Eius illum.";"Aut ullam.";0;0;;;
attr_37;pim_catalog_price_collection;attr_gr_16;"Quia nobis voluptas.";"Doloribus nulla omnis.";1;0;;;
attr_38;pim_catalog_date;attr_gr_18;"Voluptates voluptatem.";"Dicta quaerat.";0;0;;;
attr_39;pim_catalog_text;attr_gr_1;"Asperiores officia.";"Laudantium sed.";0;0;;;
attr_40;pim_catalog_multiselect;attr_gr_17;"Mollitia repellendus.";"Corrupti fuga.";0;0;;;
attr_41;pim_catalog_price_collection;attr_gr_4;"Voluptate amet.";"Veniam impedit.";0;0;;;
attr_42;pim_catalog_boolean;attr_gr_8;"Dolorem dolores pariatur.";"Consequatur fuga.";0;0;;;
attr_43;pim_catalog_multiselect;attr_gr_9;"Distinctio enim.";"Ea id.";0;0;;;
attr_44;pim_catalog_boolean;attr_gr_17;"Nihil eligendi.";"Aut numquam quis.";0;0;;;
attr_45;pim_catalog_image;attr_gr_8;"Optio libero.";"Itaque sed.";0;0;png,pdf;;
attr_46;pim_catalog_boolean;attr_gr_18;"Sapiente recusandae omnis.";"Aperiam commodi ab.";0;0;;;
attr_47;pim_catalog_image;attr_gr_11;"Eius facilis at.";"Sed nihil nostrum.";0;0;png,jpg;;
attr_48;pim_catalog_image;attr_gr_13;"Non nobis.";"Voluptatem dolorem.";0;0;png,pdf;;
attr_49;pim_catalog_number;attr_gr_18;"Sed quo.";"Officia voluptas corrupti.";0;0;;;
attr_50;pim_catalog_date;attr_gr_5;"Vel vero.";"Rerum similique aspernatur.";0;0;;;
attr_51;pim_catalog_price_collection;attr_gr_12;"Accusamus porro.";"Eum et tempore.";0;0;;;
attr_52;pim_catalog_price_collection;attr_gr_16;"Facilis blanditiis similique.";"Eius illum ipsam.";0;0;;;
attr_53;pim_catalog_image;attr_gr_18;"Sed quos.";"Et qui aut.";0;0;jpg,pdf;;
attr_54;pim_catalog_boolean;attr_gr_1;"Molestiae eum.";"Tempora vitae corrupti.";0;0;;;
attr_55;pim_catalog_simpleselect;attr_gr_17;"Nostrum voluptatem.";"Beatae dolores aut.";0;0;;;
attr_56;pim_catalog_file;attr_gr_8;"Eum dolore placeat.";"Ut autem enim.";0;0;png,pdf;;
attr_57;pim_catalog_boolean;attr_gr_12;"Rerum dolorem.";"Hic distinctio.";0;0;;;
attr_58;pim_catalog_price_collection;attr_gr_16;"Sint omnis aliquam.";"Exercitationem commodi facilis.";0;0;;;
attr_59;pim_catalog_image;attr_gr_19;"Corporis hic vitae.";"Ratione asperiores autem.";0;0;jpg,pdf;;
attr_60;pim_catalog_text;attr_gr_4;"Sint eveniet.";"Quam velit.";0;0;;;
attr_61;pim_catalog_textarea;attr_gr_3;"Error molestiae natus.";"Et tenetur.";0;0;;;
attr_62;pim_catalog_date;attr_gr_9;"Ut in.";"Sit aspernatur.";0;0;;;
attr_63;pim_catalog_image;attr_gr_0;"Excepturi assumenda quisquam.";"Sint neque sunt.";0;0;png,jpg;;
attr_64;pim_catalog_file;attr_gr_17;"Quaerat quia.";"Cum magni quo.";0;0;pdf,jpg;;
attr_65;pim_catalog_price_collection;attr_gr_2;"Ut dolores.";"Et dolor.";0;0;;;
attr_66;pim_catalog_file;attr_gr_19;"Exercitationem ullam.";"Consectetur consequatur aliquid.";0;0;pdf,jpg;;
attr_67;pim_catalog_textarea;attr_gr_14;"Earum eligendi id.";"Quam cumque.";0;0;;;
attr_68;pim_catalog_simpleselect;attr_gr_10;"Nemo consectetur unde.";"Ratione nihil necessitatibus.";0;0;;;
attr_69;pim_catalog_image;attr_gr_1;"A illo.";"Est ullam voluptatibus.";0;0;jpg,png;;
attr_70;pim_catalog_date;attr_gr_4;"Corrupti delectus.";"Quia sed.";0;0;;;
attr_71;pim_catalog_multiselect;attr_gr_4;"Earum earum.";"Doloremque omnis quia.";0;0;;;
attr_72;pim_catalog_date;attr_gr_5;"Consequatur voluptatibus.";"Earum repudiandae id.";0;0;;;
attr_73;pim_catalog_date;attr_gr_1;"Vitae explicabo.";"Quas delectus.";0;0;;;
attr_74;pim_catalog_number;attr_gr_11;"Autem molestias.";"Recusandae at.";0;0;;;
attr_75;pim_catalog_number;attr_gr_8;"Facere sit qui.";"Inventore doloremque.";0;0;;;
attr_76;pim_catalog_price_collection;attr_gr_5;"Velit sed.";"Iure praesentium nostrum.";0;0;;;
attr_77;pim_catalog_boolean;attr_gr_8;"Maiores nemo.";"Totam eos enim.";0;0;;;
attr_78;pim_catalog_file;attr_gr_5;"Voluptas rerum ut.";"Est voluptatibus saepe.";0;0;pdf,png;;
attr_79;pim_catalog_metric;attr_gr_16;"Repudiandae et.";"Dolor id quis.";0;0;;Length;METER
attr_80;pim_catalog_file;attr_gr_5;"Quidem maiores.";"Recusandae aut.";0;0;pdf,png;;
attr_81;pim_catalog_file;attr_gr_11;"Odit id.";"Animi nobis.";0;0;pdf,png;;
attr_82;pim_catalog_price_collection;attr_gr_1;"Sed reprehenderit.";"Quibusdam dolorem.";0;0;;;
attr_83;pim_catalog_multiselect;attr_gr_3;"Tempore eum.";"Quo commodi.";0;0;;;
attr_84;pim_catalog_image;attr_gr_11;"Ex similique sint.";"Neque facilis.";0;0;jpg,png;;
attr_85;pim_catalog_price_collection;attr_gr_2;"Et velit.";"Dolor sit.";0;0;;;
attr_86;pim_catalog_textarea;attr_gr_12;"Consequatur autem.";"Quibusdam cupiditate nam.";0;0;;;
attr_87;pim_catalog_price_collection;attr_gr_12;"Eos laboriosam.";"Eum ut.";0;0;;;
attr_88;pim_catalog_file;attr_gr_17;"Ut dolorem atque.";"Laboriosam reprehenderit dignissimos.";0;0;pdf,png;;
attr_89;pim_catalog_metric;attr_gr_7;"Et vitae.";"Id laborum non.";0;0;;Length;METER
attr_90;pim_catalog_textarea;attr_gr_5;"Numquam consequatur sed.";"Debitis animi fugit.";0;0;;;
attr_91;pim_catalog_date;attr_gr_19;"Culpa rerum fugit.";"Dolorem maiores officiis.";0;0;;;
attr_92;pim_catalog_image;attr_gr_19;"Aut corporis.";"Ea et nihil.";0;0;jpg,png;;
attr_93;pim_catalog_price_collection;attr_gr_11;"Provident rem deleniti.";"Unde quia.";0;0;;;
attr_94;pim_catalog_file;attr_gr_6;"Ratione consequatur.";"Asperiores quam quia.";0;0;jpg,pdf;;
attr_95;pim_catalog_price_collection;attr_gr_16;"Magni sint.";"Facere ad repudiandae.";0;0;;;
attr_96;pim_catalog_image;attr_gr_9;"Qui dolorem.";"Repudiandae eaque nulla.";0;0;jpg,pdf;;
attr_97;pim_catalog_file;attr_gr_8;"Delectus distinctio.";"Ea nobis voluptates.";0;0;jpg,pdf;;
attr_98;pim_catalog_number;attr_gr_5;"Non dolorem nemo.";"Aliquam numquam.";0;0;;;
attr_99;pim_catalog_metric;attr_gr_9;"Alias id.";"Enim perferendis.";0;0;;Length;METER
attr_100;pim_catalog_textarea;attr_gr_12;"Quibusdam temporibus.";"Ullam et et.";0;0;;;
attr_101;pim_catalog_image;attr_gr_15;"Quia a dolores.";"Minima error dolores.";0;0;jpg,png;;
attr_102;pim_catalog_textarea;attr_gr_19;"Dolores error dolores.";"Assumenda ea nostrum.";0;0;;;
attr_103;pim_catalog_simpleselect;attr_gr_4;"Aut blanditiis atque.";"Ea ratione modi.";0;0;;;
attr_104;pim_catalog_simpleselect;attr_gr_17;"Et nihil numquam.";"Rerum ad.";0;0;;;
attr_105;pim_catalog_price_collection;attr_gr_18;"Omnis inventore.";"Minima veritatis aperiam.";0;0;;;
attr_106;pim_catalog_date;attr_gr_16;"Et commodi.";"Voluptates ut.";0;0;;;
attr_107;pim_catalog_metric;attr_gr_11;"Exercitationem et dolor.";"Provident quo.";0;0;;Length;METER
attr_108;pim_catalog_number;attr_gr_0;"Quasi eveniet sint.";"Laboriosam possimus.";0;0;;;
attr_109;pim_catalog_multiselect;attr_gr_3;"Et exercitationem.";"Eum animi provident.";0;0;;;
attr_110;pim_catalog_simpleselect;attr_gr_1;"Reiciendis sit ipsa.";"Et est fugiat.";0;0;;;
attr_111;pim_catalog_image;attr_gr_3;"Ratione reiciendis similique.";"Magnam provident.";0;0;pdf,png;;
attr_112;pim_catalog_text;attr_gr_18;"Iusto labore.";"Doloremque dolores.";0;0;;;
attr_113;pim_catalog_date;attr_gr_7;"Minus sunt.";"Numquam adipisci.";0;0;;;
attr_114;pim_catalog_textarea;attr_gr_3;"Cum asperiores voluptatem.";"Reiciendis voluptate id.";0;0;;;
attr_115;pim_catalog_simpleselect;attr_gr_12;"Asperiores ut.";"Animi quo.";0;0;;;
attr_116;pim_catalog_file;attr_gr_2;"Nesciunt quaerat veritatis.";"Maiores quia.";0;0;png,pdf;;
attr_117;pim_catalog_boolean;attr_gr_2;"Atque qui.";"Exercitationem in.";0;0;;;
attr_118;pim_catalog_file;attr_gr_0;"Sunt provident.";"Ea odit beatae.";0;0;pdf,png;;
attr_119;pim_catalog_price_collection;attr_gr_8;"Magnam provident id.";"Nihil consequatur.";0;0;;;
attr_120;pim_catalog_date;attr_gr_3;"Eum minima voluptas.";"Aut delectus dolore.";0;0;;;
attr_121;pim_catalog_simpleselect;attr_gr_12;"Voluptatem vel.";"Aut exercitationem ut.";0;0;;;
attr_122;pim_catalog_price_collection;attr_gr_7;"Error voluptate.";"Sapiente id.";0;0;;;
attr_123;pim_catalog_file;attr_gr_3;"Voluptatem laudantium ut.";"Eos reiciendis aperiam.";0;1;jpg,pdf;;
attr_124;pim_catalog_number;attr_gr_17;"Sapiente eum molestiae.";"Soluta facilis.";0;0;;;
attr_125;pim_catalog_number;attr_gr_11;"Voluptate provident.";"Minus magnam hic.";1;0;;;
attr_126;pim_catalog_textarea;attr_gr_19;"Quia dolorum tenetur.";"Voluptas atque.";0;0;;;
attr_127;pim_catalog_metric;attr_gr_7;"Quia aut.";"Laboriosam omnis.";0;0;;Length;METER
attr_128;pim_catalog_simpleselect;attr_gr_15;"Illum labore voluptas.";"Eaque et.";0;0;;;
attr_129;pim_catalog_multiselect;attr_gr_7;"Ut quaerat.";"Et impedit.";0;0;;;
attr_130;pim_catalog_textarea;attr_gr_8;"Dolorem dolores.";"Autem neque eaque.";0;0;;;
attr_131;pim_catalog_price_collection;attr_gr_15;"Dolor voluptates error.";"Hic eum.";0;0;;;
attr_132;pim_catalog_boolean;attr_gr_4;"Reprehenderit nostrum.";"Quod cum amet.";0;0;;;
attr_133;pim_catalog_metric;attr_gr_3;"Cumque accusantium.";"Et ullam dignissimos.";0;0;;Length;METER
attr_134;pim_catalog_image;attr_gr_9;"Possimus quo.";"Vel ab autem.";0;0;jpg,png;;
attr_135;pim_catalog_simpleselect;attr_gr_0;"Tempore est itaque.";"Sapiente fugit eius.";0;0;;;
attr_136;pim_catalog_metric;attr_gr_9;"Inventore ad.";"Sapiente doloremque.";0;0;;Length;METER
attr_137;pim_catalog_file;attr_gr_16;"Ea ab.";"Laboriosam aut.";0;0;png,jpg;;
attr_138;pim_catalog_multiselect;attr_gr_6;"A numquam voluptas.";"Facere consequatur eius.";0;0;;;
attr_139;pim_catalog_number;attr_gr_15;"Omnis reiciendis natus.";"Repudiandae repellendus.";0;0;;;
attr_140;pim_catalog_simpleselect;attr_gr_15;"Libero est.";"Ullam fuga.";0;0;;;
attr_141;pim_catalog_text;attr_gr_5;"Maxime impedit.";"Ut blanditiis.";0;0;;;
attr_142;pim_catalog_price_collection;attr_gr_17;"Atque neque labore.";"Odit voluptate consequatur.";0;0;;;
attr_143;pim_catalog_textarea;attr_gr_9;"Molestiae cupiditate sint.";"Quo hic.";0;0;;;
attr_144;pim_catalog_simpleselect;attr_gr_6;"Mollitia veniam.";"Recusandae ratione.";0;0;;;
attr_145;pim_catalog_textarea;attr_gr_16;"Enim ea.";"Nisi ut.";0;0;;;
attr_146;pim_catalog_image;attr_gr_7;"Laboriosam quia.";"Deleniti non.";0;0;png,pdf;;
attr_147;pim_catalog_metric;attr_gr_9;"Optio maxime.";"Non corrupti ipsam.";0;0;;Length;METER
attr_148;pim_catalog_multiselect;attr_gr_4;"Ea voluptatem doloribus.";"Ut quam.";0;0;;;
attr_149;pim_catalog_file;attr_gr_19;"Porro sunt.";"Et ut explicabo.";0;0;jpg,png;;
attr_150;pim_catalog_file;attr_gr_1;"Blanditiis itaque.";"Blanditiis quo.";0;0;jpg,png;;
attr_151;pim_catalog_metric;attr_gr_6;"Ut voluptatem porro.";"Est non minima.";0;0;;Length;METER
attr_152;pim_catalog_multiselect;attr_gr_19;"Totam dolorum ducimus.";"Nemo praesentium sunt.";0;0;;;
attr_153;pim_catalog_simpleselect;attr_gr_18;"Enim quaerat neque.";"Sed excepturi ea.";0;0;;;
attr_154;pim_catalog_file;attr_gr_15;"Exercitationem beatae.";"Neque atque.";0;0;pdf,png;;
attr_155;pim_catalog_text;attr_gr_6;"Aspernatur nesciunt.";"Delectus itaque.";0;0;;;
attr_156;pim_catalog_file;attr_gr_4;"Quibusdam earum aliquid.";"Excepturi est ratione.";0;0;png,pdf;;
attr_157;pim_catalog_date;attr_gr_8;"Ut quam et.";"Id et qui.";0;0;;;
attr_158;pim_catalog_boolean;attr_gr_17;"Qui fuga.";"Placeat et.";0;0;;;
attr_159;pim_catalog_metric;attr_gr_2;"Et nam.";"Dolor exercitationem.";0;0;;Length;METER
attr_160;pim_catalog_number;attr_gr_1;"Qui nobis.";"Consectetur sit nemo.";0;0;;;
attr_161;pim_catalog_multiselect;attr_gr_18;"Sed quia delectus.";"Ad nemo.";0;0;;;
attr_162;pim_catalog_file;attr_gr_5;"Totam mollitia.";"Necessitatibus cum doloribus.";0;0;pdf,jpg;;
attr_163;pim_catalog_price_collection;attr_gr_3;"Quo eum.";"At et non.";1;0;;;
attr_164;pim_catalog_file;attr_gr_9;"Eius nulla voluptatem.";"Sed consequatur.";0;0;pdf,jpg;;
attr_165;pim_catalog_multiselect;attr_gr_0;"Totam commodi.";"Debitis possimus.";0;0;;;
attr_166;pim_catalog_file;attr_gr_1;"Rem quidem.";"Ipsa repellat.";0;0;jpg,pdf;;
attr_167;pim_catalog_date;attr_gr_4;"Tempora velit.";"Labore id error.";1;0;;;
attr_168;pim_catalog_file;attr_gr_7;"Sit qui nostrum.";"Consectetur accusamus.";0;0;jpg,pdf;;
attr_169;pim_catalog_image;attr_gr_13;"Dolorem velit consequatur.";"Illum et architecto.";0;0;jpg,pdf;;
attr_170;pim_catalog_text;attr_gr_7;"Molestiae ut inventore.";"Excepturi eligendi.";0;0;;;
attr_171;pim_catalog_text;attr_gr_7;"Est non.";"Aut quia.";0;0;;;
attr_172;pim_catalog_boolean;attr_gr_2;"Similique aut.";"Quia doloribus ad.";0;0;;;
attr_173;pim_catalog_textarea;attr_gr_10;"Vel blanditiis molestias.";"Placeat voluptas.";0;0;;;
attr_174;pim_catalog_textarea;attr_gr_13;"Quia perferendis voluptatibus.";"Perferendis cum est.";0;0;;;
attr_175;pim_catalog_metric;attr_gr_0;"Deleniti voluptatem doloremque.";"Nulla ut.";0;0;;Length;METER
attr_176;pim_catalog_boolean;attr_gr_16;"Similique aut.";"Sit est rerum.";0;0;;;
attr_177;pim_catalog_text;attr_gr_14;"Blanditiis magnam.";"Dolor voluptatem ut.";0;0;;;
attr_178;pim_catalog_simpleselect;attr_gr_8;"Nihil pariatur quo.";"Voluptas a nisi.";0;0;;;
attr_179;pim_catalog_metric;attr_gr_15;"Dolore recusandae mollitia.";"Aut hic ducimus.";0;0;;Length;METER
attr_180;pim_catalog_simpleselect;attr_gr_8;"Sint nam.";"Blanditiis ea qui.";0;0;;;
attr_181;pim_catalog_image;attr_gr_1;"Fuga rerum.";"Et adipisci pariatur.";0;0;png,pdf;;
attr_182;pim_catalog_metric;attr_gr_14;"Rem ea.";"Sint itaque.";0;0;;Length;METER
attr_183;pim_catalog_file;attr_gr_3;"Voluptatem officia accusantium.";"Temporibus praesentium ut.";0;0;pdf,png;;
attr_184;pim_catalog_metric;attr_gr_4;"Quisquam aut molestiae.";"Quia ipsam.";0;0;;Length;METER
attr_185;pim_catalog_number;attr_gr_16;"Nulla enim.";"Impedit quo ducimus.";0;0;;;
attr_186;pim_catalog_price_collection;attr_gr_11;"Sed labore.";"Recusandae quidem maxime.";0;0;;;
attr_187;pim_catalog_simpleselect;attr_gr_4;"Dignissimos dolorum quibusdam.";"Est exercitationem quia.";0;0;;;
attr_188;pim_catalog_file;attr_gr_2;"Est aperiam.";"Velit deleniti.";0;0;png,pdf;;
attr_189;pim_catalog_price_collection;attr_gr_13;"Mollitia dignissimos qui.";"Et corrupti.";0;0;;;
attr_190;pim_catalog_file;attr_gr_11;"Dolorum magni blanditiis.";"Voluptate odit.";0;0;pdf,jpg;;
attr_191;pim_catalog_date;attr_gr_0;"Excepturi quaerat assumenda.";"Illum officia nesciunt.";0;0;;;
attr_192;pim_catalog_multiselect;attr_gr_5;"Est aperiam dolore.";"Quidem porro non.";0;0;;;
attr_193;pim_catalog_metric;attr_gr_19;"Reiciendis autem fugiat.";"Alias voluptate ex.";0;0;;Length;METER
attr_194;pim_catalog_multiselect;attr_gr_1;"Provident modi repellat.";"Eos sunt.";0;0;;;
attr_195;pim_catalog_date;attr_gr_13;"Non beatae.";"Dolores ut.";0;0;;;
attr_196;pim_catalog_image;attr_gr_5;"Sunt vero eum.";"Est et rerum.";0;0;png,jpg;;
attr_197;pim_catalog_textarea;attr_gr_0;"Mollitia qui pariatur.";"In labore aut.";0;0;;;
attr_198;pim_catalog_price_collection;attr_gr_15;"Dolore aspernatur.";"Architecto rem.";0;0;;;
attr_199;pim_catalog_textarea;attr_gr_7;"Fuga et.";"Accusantium aspernatur.";0;0;;;
attr_200;pim_catalog_price_collection;attr_gr_8;"Non nobis.";"Quia voluptatibus rerum.";0;0;;;
attr_201;pim_catalog_boolean;attr_gr_5;"Voluptatem quia aliquid.";"Cumque necessitatibus.";0;0;;;
attr_202;pim_catalog_number;attr_gr_15;"Possimus eius nihil.";"Aut veniam.";0;0;;;
attr_203;pim_catalog_simpleselect;attr_gr_3;"Aut occaecati.";"Magnam cum.";0;0;;;
attr_204;pim_catalog_file;attr_gr_7;"Corrupti reiciendis.";"Alias adipisci minus.";0;0;png,pdf;;
attr_205;pim_catalog_text;attr_gr_4;"Voluptatibus laudantium.";"Maxime et iste.";0;0;;;
attr_206;pim_catalog_price_collection;attr_gr_5;"Soluta illum fugiat.";"Odit ea exercitationem.";0;0;;;
attr_207;pim_catalog_price_collection;attr_gr_9;"Dignissimos sapiente.";"Ab voluptas.";0;0;;;
attr_208;pim_catalog_boolean;attr_gr_16;"Deleniti facilis.";"Aut voluptatum.";0;0;;;
attr_209;pim_catalog_text;attr_gr_17;"Tempora voluptatem et.";"Voluptatem atque voluptatem.";0;0;;;
attr_210;pim_catalog_date;attr_gr_6;"Saepe recusandae optio.";"Et iusto.";0;0;;;
attr_211;pim_catalog_file;attr_gr_0;"Perspiciatis necessitatibus nemo.";"Aliquam deleniti id.";0;0;png,jpg;;
attr_212;pim_catalog_image;attr_gr_9;"Voluptatem illo.";"Laborum et.";0;0;png,jpg;;
attr_213;pim_catalog_boolean;attr_gr_19;"Reiciendis sapiente.";"Laboriosam adipisci.";0;0;;;
attr_214;pim_catalog_textarea;attr_gr_3;"Nulla ratione odio.";"Vel ex.";0;0;;;
attr_215;pim_catalog_number;attr_gr_6;"Ipsam sit.";"Quia quas accusamus.";0;0;;;
attr_216;pim_catalog_metric;attr_gr_8;"Ut eum est.";"Incidunt atque dolores.";0;0;;Length;METER
attr_217;pim_catalog_text;attr_gr_16;"Porro et omnis.";"Suscipit dolores quos.";0;0;;;
attr_218;pim_catalog_metric;attr_gr_17;"Tempore unde consequatur.";"Suscipit ex.";0;0;;Length;METER
attr_219;pim_catalog_boolean;attr_gr_15;"Et ad qui.";"Odit esse.";0;0;;;
attr_220;pim_catalog_price_collection;attr_gr_15;"Cumque tempore.";"Eos quasi sed.";0;0;;;
attr_221;pim_catalog_image;attr_gr_11;"Nostrum iure.";"Harum dolores.";0;0;png,pdf;;
attr_222;pim_catalog_multiselect;attr_gr_10;"Tempore repellat.";"Et cumque ducimus.";0;0;;;
attr_223;pim_catalog_boolean;attr_gr_15;"Culpa eius iusto.";"Culpa esse quos.";0;0;;;
attr_224;pim_catalog_simpleselect;attr_gr_1;"Aut sed.";"Delectus id.";0;0;;;
attr_225;pim_catalog_simpleselect;attr_gr_1;"Quas pariatur.";"Incidunt quo.";0;0;;;
attr_226;pim_catalog_date;attr_gr_17;"Consequuntur qui.";"Perferendis repellat.";0;0;;;
attr_227;pim_catalog_simpleselect;attr_gr_18;"Molestiae eum.";"Sed sed.";0;0;;;
attr_228;pim_catalog_text;attr_gr_0;"Qui reprehenderit doloribus.";"Et commodi.";0;0;;;
attr_229;pim_catalog_textarea;attr_gr_18;"Et ipsum et.";"Ut quidem.";0;0;;;
attr_230;pim_catalog_textarea;attr_gr_0;"Qui facere.";"Nam neque.";0;0;;;
attr_231;pim_catalog_simpleselect;attr_gr_10;"Aliquid et et.";"Aspernatur dolor.";0;0;;;
attr_232;pim_catalog_file;attr_gr_10;"Totam facere.";"Et modi sapiente.";0;0;pdf,png;;
attr_233;pim_catalog_file;attr_gr_17;"Consequuntur omnis quas.";"Et ut.";0;0;png,jpg;;
attr_234;pim_catalog_textarea;attr_gr_7;"Omnis quis.";"Vitae cum.";0;0;;;
attr_235;pim_catalog_image;attr_gr_9;"Quis enim.";"Libero deserunt.";0;0;jpg,pdf;;
attr_236;pim_catalog_image;attr_gr_13;"Dignissimos doloribus qui.";"Aperiam molestiae.";0;0;jpg,pdf;;
attr_237;pim_catalog_metric;attr_gr_12;"Dolorem ut iusto.";"Aut laudantium.";0;0;;Length;METER
attr_238;pim_catalog_multiselect;attr_gr_16;"Aliquid consectetur dolorum.";"Magnam impedit.";0;0;;;
attr_239;pim_catalog_simpleselect;attr_gr_8;"Perferendis cum.";"Ut modi quidem.";0;0;;;
attr_240;pim_catalog_file;attr_gr_1;"Dolor molestiae magnam.";"Occaecati qui exercitationem.";0;0;jpg,png;;
attr_241;pim_catalog_image;attr_gr_5;"Nemo vero.";"Beatae voluptatibus.";0;0;pdf,png;;
attr_242;pim_catalog_textarea;attr_gr_9;"Mollitia aut.";"Qui assumenda consectetur.";0;0;;;
attr_243;pim_catalog_metric;attr_gr_17;"Maiores maxime.";"Doloremque repudiandae cum.";0;0;;Length;METER
attr_244;pim_catalog_metric;attr_gr_9;"Voluptatibus et aut.";"Totam voluptas.";0;1;;Length;METER
attr_245;pim_catalog_number;attr_gr_4;"Sit ad.";"Vel sunt.";0;0;;;
attr_246;pim_catalog_date;attr_gr_8;"Est repellat et.";"Vel odio et.";0;0;;;
attr_247;pim_catalog_file;attr_gr_3;"Quae ea enim.";"Quae totam.";0;0;png,jpg;;
attr_248;pim_catalog_file;attr_gr_13;"Totam tempore.";"Dolores ut impedit.";0;0;jpg,png;;
attr_249;pim_catalog_file;attr_gr_13;"Aspernatur occaecati numquam.";"Fugit nesciunt.";0;0;jpg,png;;
attr_250;pim_catalog_metric;attr_gr_13;"Blanditiis ad eum.";"Ut culpa quis.";0;0;;Length;METER
attr_251;pim_catalog_date;attr_gr_18;"Reprehenderit tempore omnis.";"Minima aspernatur ipsa.";0;0;;;
attr_252;pim_catalog_multiselect;attr_gr_14;"Occaecati vitae.";"Et dicta.";0;0;;;
attr_253;pim_catalog_date;attr_gr_14;"Magni aut.";"Ea eius odit.";0;0;;;
attr_254;pim_catalog_image;attr_gr_17;"Blanditiis dolor aliquam.";"Earum ut.";0;0;pdf,jpg;;
attr_255;pim_catalog_multiselect;attr_gr_6;"Distinctio itaque non.";"Autem distinctio recusandae.";1;0;;;
attr_256;pim_catalog_textarea;attr_gr_12;"Veniam aut.";"Velit officia repellat.";0;0;;;
attr_257;pim_catalog_date;attr_gr_14;"Qui nisi.";"Sed perferendis.";0;0;;;
attr_258;pim_catalog_date;attr_gr_14;"Rerum quas.";"Voluptatem sint tempora.";0;0;;;
attr_259;pim_catalog_price_collection;attr_gr_12;"Dolorem id dolores.";"Totam sint.";0;0;;;
attr_260;pim_catalog_multiselect;attr_gr_11;"Deleniti eum est.";"Nulla culpa totam.";0;0;;;
attr_261;pim_catalog_text;attr_gr_9;"Quidem facilis.";"Quo est fugiat.";0;0;;;
attr_262;pim_catalog_image;attr_gr_9;"Molestiae quam.";"Esse aut.";0;0;pdf,jpg;;
attr_263;pim_catalog_text;attr_gr_6;"Similique ea.";"Saepe harum.";0;0;;;
attr_264;pim_catalog_price_collection;attr_gr_8;"Recusandae dolorem.";"Atque incidunt.";0;0;;;
attr_265;pim_catalog_text;attr_gr_12;"Tenetur distinctio.";"Quia optio.";0;0;;;
attr_266;pim_catalog_text;attr_gr_8;"Aperiam repellendus occaecati.";"Quia mollitia harum.";0;0;;;
attr_267;pim_catalog_number;attr_gr_17;"Est nostrum et.";"Ut recusandae.";0;0;;;
attr_268;pim_catalog_date;attr_gr_13;"Velit ut.";"Esse nostrum et.";0;0;;;
attr_269;pim_catalog_simpleselect;attr_gr_1;"Inventore vel perspiciatis.";"Exercitationem eveniet.";0;0;;;
attr_270;pim_catalog_boolean;attr_gr_3;"Iusto et.";"Nisi perspiciatis non.";0;0;;;
attr_271;pim_catalog_file;attr_gr_16;"Ut suscipit asperiores.";"Architecto dolore.";0;0;png,jpg;;
attr_272;pim_catalog_text;attr_gr_2;"Culpa nesciunt.";"Vitae et et.";0;0;;;
attr_273;pim_catalog_image;attr_gr_6;"Aut dolor animi.";"Vel omnis incidunt.";0;0;png,pdf;;
attr_274;pim_catalog_text;attr_gr_2;"Quia cupiditate tempora.";"Expedita voluptatem voluptatem.";0;0;;;
attr_275;pim_catalog_image;attr_gr_5;"Consequatur non optio.";"Quia omnis beatae.";0;0;jpg,pdf;;
attr_276;pim_catalog_textarea;attr_gr_17;"Maiores libero eum.";"Non ut.";0;0;;;
attr_277;pim_catalog_multiselect;attr_gr_7;"Voluptatem ipsa et.";"Fugiat maxime.";0;0;;;
attr_278;pim_catalog_simpleselect;attr_gr_14;"Qui rerum nemo.";"Ratione voluptas incidunt.";0;0;;;
attr_279;pim_catalog_multiselect;attr_gr_19;"Dignissimos voluptas quas.";"Consequatur nostrum aperiam.";0;0;;;
attr_280;pim_catalog_file;attr_gr_19;"Eos ducimus quis.";"Velit ut nulla.";0;0;jpg,png;;
attr_281;pim_catalog_number;attr_gr_0;"Maxime quis explicabo.";"Ratione ab.";0;0;;;
attr_282;pim_catalog_boolean;attr_gr_14;"Qui quae doloribus.";"Sit eos.";0;0;;;
attr_283;pim_catalog_simpleselect;attr_gr_6;"Repudiandae fugiat est.";"Voluptatem laborum.";0;0;;;
attr_284;pim_catalog_boolean;attr_gr_7;"Unde vero voluptas.";"Aut reiciendis.";0;0;;;
attr_285;pim_catalog_boolean;attr_gr_13;"Expedita sint.";"Distinctio harum.";0;0;;;
attr_286;pim_catalog_date;attr_gr_10;"Expedita occaecati.";"Error vero.";0;0;;;
attr_287;pim_catalog_number;attr_gr_8;"Reiciendis ratione.";"Excepturi delectus.";0;0;;;
attr_288;pim_catalog_text;attr_gr_3;"Perferendis est minima.";"Rerum in.";0;0;;;
attr_289;pim_catalog_simpleselect;attr_gr_3;"Laborum consectetur.";"Vero nesciunt tempora.";0;0;;;
attr_290;pim_catalog_simpleselect;attr_gr_5;"Facilis omnis.";"Ut ratione qui.";0;0;;;
attr_291;pim_catalog_text;attr_gr_13;"Totam ut neque.";"Voluptates officiis.";0;0;;;
attr_292;pim_catalog_price_collection;attr_gr_6;"In sint.";"Quam quia.";0;0;;;
attr_293;pim_catalog_number;attr_gr_9;"Eius consequatur.";"Voluptas et ipsa.";0;0;;;
attr_294;pim_catalog_price_collection;attr_gr_2;"Rerum temporibus.";"Ea quam quod.";0;0;;;
attr_295;pim_catalog_text;attr_gr_7;"Aut quia.";"Enim tenetur.";0;0;;;
attr_296;pim_catalog_date;attr_gr_3;"Quaerat numquam quasi.";"Fugit quae.";0;0;;;
attr_297;pim_catalog_textarea;attr_gr_6;"Praesentium nam velit.";"Eum eum eos.";0;0;;;
attr_298;pim_catalog_simpleselect;attr_gr_11;"Atque impedit inventore.";"Nemo esse.";0;0;;;
attr_299;pim_catalog_multiselect;attr_gr_4;"Placeat est aut.";"Perferendis sequi.";0;0;;;
attr_300;pim_catalog_text;attr_gr_14;"Voluptatibus reprehenderit.";"Eos cumque.";0;0;;;
attr_301;pim_catalog_metric;attr_gr_1;"Aperiam fuga similique.";"Aliquid aut.";0;0;;Length;METER
attr_302;pim_catalog_boolean;attr_gr_2;"Eum consequatur.";"Et ut nihil.";0;0;;;
attr_303;pim_catalog_file;attr_gr_4;"Quo soluta.";"Deserunt eum accusamus.";0;0;png,jpg;;
attr_304;pim_catalog_number;attr_gr_11;"Voluptate accusamus laborum.";"Veniam voluptates alias.";1;0;;;
attr_305;pim_catalog_multiselect;attr_gr_11;"Vero id.";"Sed consequatur blanditiis.";0;0;;;
attr_306;pim_catalog_date;attr_gr_13;"Distinctio inventore.";"Similique architecto temporibus.";0;0;;;
attr_307;pim_catalog_price_collection;attr_gr_2;"Voluptates ipsam quam.";"Ipsum doloremque.";0;0;;;
attr_308;pim_catalog_number;attr_gr_0;"Error neque.";"Consequatur iusto aut.";0;0;;;
attr_309;pim_catalog_date;attr_gr_17;"Eos rerum.";"Consequatur fugiat.";0;0;;;
attr_310;pim_catalog_number;attr_gr_3;"Quo commodi iste.";"Reiciendis impedit.";0;0;;;
attr_311;pim_catalog_boolean;attr_gr_6;"Corporis sit odio.";"Assumenda quae voluptas.";0;0;;;
attr_312;pim_catalog_boolean;attr_gr_12;"Nihil dolore consequatur.";"Aut quibusdam.";0;0;;;
attr_313;pim_catalog_file;attr_gr_13;"Aut ab quia.";"Sed sequi iste.";0;0;jpg,pdf;;
attr_314;pim_catalog_number;attr_gr_6;"Odio et expedita.";"Dignissimos est iure.";0;0;;;
attr_315;pim_catalog_number;attr_gr_0;"Beatae mollitia consequuntur.";"Non eum.";0;0;;;
attr_316;pim_catalog_date;attr_gr_15;"Voluptatem et.";"Molestias nulla iure.";0;0;;;
attr_317;pim_catalog_multiselect;attr_gr_10;"Quas nostrum.";"Fugit rerum.";0;0;;;
attr_318;pim_catalog_textarea;attr_gr_19;"Repellat odit quis.";"Voluptatem in.";0;0;;;
attr_319;pim_catalog_simpleselect;attr_gr_12;"Dolore minima quaerat.";"Doloremque quasi.";0;0;;;
attr_320;pim_catalog_simpleselect;attr_gr_7;"Ipsum consequuntur.";"Dicta ipsa.";0;0;;;
attr_321;pim_catalog_multiselect;attr_gr_2;"Sit laudantium culpa.";"Dicta iusto voluptatibus.";0;0;;;
attr_322;pim_catalog_textarea;attr_gr_11;"Asperiores sequi.";"Ipsam suscipit.";0;0;;;
attr_323;pim_catalog_text;attr_gr_10;"Enim alias.";"Consequatur quo.";0;0;;;
attr_324;pim_catalog_metric;attr_gr_17;"Aut minus eos.";"Dicta voluptatum.";0;0;;Length;METER
attr_325;pim_catalog_boolean;attr_gr_19;"Cumque maiores.";"Ipsa et explicabo.";0;0;;;
attr_326;pim_catalog_boolean;attr_gr_1;"Eos consequatur.";"Totam veniam quia.";0;0;;;
attr_327;pim_catalog_date;attr_gr_14;"Sed ab nesciunt.";"Dolor inventore ut.";0;0;;;
attr_328;pim_catalog_metric;attr_gr_9;"In eligendi voluptate.";"A in.";0;0;;Length;METER
attr_329;pim_catalog_text;attr_gr_11;"Eum dolor suscipit.";"Sed cumque.";0;0;;;
attr_330;pim_catalog_textarea;attr_gr_3;"Impedit id quaerat.";"Non omnis suscipit.";0;0;;;
attr_331;pim_catalog_price_collection;attr_gr_9;"Omnis ut ut.";"Et voluptas dolorem.";0;0;;;
attr_332;pim_catalog_boolean;attr_gr_9;"Tempora necessitatibus.";"Id quia aut.";0;0;;;
attr_333;pim_catalog_boolean;attr_gr_0;"Et deserunt ipsa.";"Delectus recusandae totam.";0;0;;;
attr_334;pim_catalog_metric;attr_gr_10;"Rerum error.";"Dolor neque qui.";0;0;;Length;METER
attr_335;pim_catalog_file;attr_gr_18;"Quis ut.";"Mollitia et voluptatum.";0;0;pdf,png;;
attr_336;pim_catalog_price_collection;attr_gr_2;"Laudantium labore consequuntur.";"Consectetur ipsa tempore.";0;0;;;
attr_337;pim_catalog_multiselect;attr_gr_0;"Est fugit aut.";"Harum magnam.";0;0;;;
attr_338;pim_catalog_simpleselect;attr_gr_6;"Occaecati rerum minus.";"Aliquid atque.";0;0;;;
attr_339;pim_catalog_number;attr_gr_13;"Voluptas minima.";"Sed atque repellat.";0;0;;;
attr_340;pim_catalog_date;attr_gr_13;"Consectetur omnis a.";"Itaque odit.";0;0;;;
attr_341;pim_catalog_simpleselect;attr_gr_8;"Quia quae.";"Distinctio sint sint.";0;0;;;
attr_342;pim_catalog_simpleselect;attr_gr_8;"Sint pariatur ad.";"Provident et placeat.";0;0;;;
attr_343;pim_catalog_image;attr_gr_4;"Iure quia.";"Minima quo.";0;0;jpg,pdf;;
attr_344;pim_catalog_multiselect;attr_gr_5;"Quae accusamus impedit.";"Aperiam est.";0;0;;;
attr_345;pim_catalog_number;attr_gr_10;"Dolores eveniet possimus.";"Et quos est.";0;0;;;
attr_346;pim_catalog_date;attr_gr_0;"Impedit accusamus in.";"Sed quo aliquam.";0;0;;;
attr_347;pim_catalog_file;attr_gr_0;"Quasi eos.";"Ut dolorem.";0;0;pdf,png;;
attr_348;pim_catalog_image;attr_gr_7;"Quia et adipisci.";"Ut qui est.";0;0;pdf,jpg;;
attr_349;pim_catalog_date;attr_gr_19;"Voluptates neque.";"Dolores quibusdam.";0;0;;;
attr_350;pim_catalog_simpleselect;attr_gr_7;"Nihil similique.";"Fugiat ex.";0;0;;;
attr_351;pim_catalog_price_collection;attr_gr_16;"Sed in.";"Est quos corrupti.";0;0;;;
attr_352;pim_catalog_number;attr_gr_1;"Esse animi.";"Eveniet voluptatibus occaecati.";0;0;;;
attr_353;pim_catalog_number;attr_gr_6;"Natus necessitatibus modi.";"Id voluptatem.";1;0;;;
attr_354;pim_catalog_multiselect;attr_gr_4;"Similique ipsum quisquam.";"Ab eligendi tempora.";0;0;;;
attr_355;pim_catalog_multiselect;attr_gr_5;"Ut error labore.";"Et minima quod.";0;0;;;
attr_356;pim_catalog_file;attr_gr_6;"Error sit maxime.";"Doloremque ratione.";0;0;pdf,jpg;;
attr_357;pim_catalog_textarea;attr_gr_19;"Perspiciatis eos.";"Adipisci officiis.";0;0;;;
attr_358;pim_catalog_multiselect;attr_gr_11;"Porro dolorum.";"Sed id dolore.";0;0;;;
attr_359;pim_catalog_metric;attr_gr_12;"Harum a.";"Quos impedit sint.";0;0;;Length;METER
attr_360;pim_catalog_number;attr_gr_9;"Rerum dolor.";"Debitis voluptatem hic.";0;0;;;
attr_361;pim_catalog_multiselect;attr_gr_7;"Minima nihil architecto.";"Porro sed soluta.";0;0;;;
attr_362;pim_catalog_date;attr_gr_9;"Aliquid maxime.";"Eos non consequuntur.";0;0;;;
attr_363;pim_catalog_date;attr_gr_15;"Modi in ea.";"Nemo aut.";0;0;;;
attr_364;pim_catalog_boolean;attr_gr_6;"Iusto explicabo.";"Vitae quia.";0;0;;;
attr_365;pim_catalog_metric;attr_gr_11;"Sapiente delectus laboriosam.";"Sit consequatur aspernatur.";0;1;;Length;METER
attr_366;pim_catalog_simpleselect;attr_gr_12;"Sint autem.";"Praesentium odit.";0;0;;;
attr_367;pim_catalog_number;attr_gr_10;"Dolores repellendus.";"Est eius nam.";0;0;;;
attr_368;pim_catalog_multiselect;attr_gr_2;"Optio in.";"Beatae natus.";0;0;;;
attr_369;pim_catalog_file;attr_gr_4;"Adipisci fuga.";"Praesentium quod.";0;0;pdf,jpg;;
attr_370;pim_catalog_image;attr_gr_16;"Aut ut porro.";"Consequatur quasi dignissimos.";0;0;pdf,jpg;;
attr_371;pim_catalog_text;attr_gr_14;"Dolorum et mollitia.";"Recusandae itaque nisi.";0;0;;;
attr_372;pim_catalog_boolean;attr_gr_15;"Voluptatum omnis sed.";"Cumque enim est.";0;0;;;
attr_373;pim_catalog_text;attr_gr_16;"Quae qui illo.";"Est tenetur.";1;0;;;
attr_374;pim_catalog_textarea;attr_gr_7;"Saepe quia sed.";"Omnis vero.";0;0;;;
attr_375;pim_catalog_date;attr_gr_17;"Explicabo sint officiis.";"Velit beatae provident.";0;0;;;
attr_376;pim_catalog_textarea;attr_gr_14;"Ipsam illo ipsa.";"Quidem blanditiis.";0;0;;;
attr_377;pim_catalog_number;attr_gr_10;"Rerum voluptates dolorem.";"Exercitationem tenetur.";0;0;;;
attr_378;pim_catalog_file;attr_gr_12;"Reiciendis qui omnis.";"Et tenetur.";0;0;pdf,png;;
attr_379;pim_catalog_boolean;attr_gr_11;"Voluptatem odit similique.";"Quibusdam consequuntur.";0;0;;;
attr_380;pim_catalog_metric;attr_gr_9;"Ducimus et.";"Praesentium blanditiis ut.";0;0;;Length;METER
attr_381;pim_catalog_date;attr_gr_18;"Tempore minima.";"Ipsam nostrum a.";0;0;;;
attr_382;pim_catalog_file;attr_gr_16;"Maiores et.";"Ducimus tempore ea.";0;0;pdf,jpg;;
attr_383;pim_catalog_image;attr_gr_8;"Neque ut at.";"Sapiente accusamus.";1;0;jpg,png;;
attr_384;pim_catalog_simpleselect;attr_gr_10;"Odio reprehenderit.";"Vero rem.";0;0;;;
attr_385;pim_catalog_image;attr_gr_16;"Quia dolore.";"Cupiditate ut consectetur.";0;0;png,pdf;;
attr_386;pim_catalog_date;attr_gr_13;"Sit consequatur.";"Labore distinctio et.";0;0;;;
attr_387;pim_catalog_price_collection;attr_gr_10;"Et corrupti molestiae.";"Ea et.";0;0;;;
attr_388;pim_catalog_image;attr_gr_8;"Est repudiandae nulla.";"Consequatur magni nemo.";0;0;png,jpg;;
attr_389;pim_catalog_text;attr_gr_0;"Quis illo natus.";"Eaque culpa.";0;0;;;
attr_390;pim_catalog_metric;attr_gr_8;"Iusto voluptatem.";"Veniam impedit.";0;0;;Length;METER
attr_391;pim_catalog_file;attr_gr_19;"Dolore omnis labore.";"Dolore ea occaecati.";0;0;png,pdf;;
attr_392;pim_catalog_date;attr_gr_0;"Tenetur nihil.";"Et iusto.";0;0;;;
attr_393;pim_catalog_boolean;attr_gr_10;"Molestiae assumenda.";"Facilis ut delectus.";0;0;;;
attr_394;pim_catalog_textarea;attr_gr_14;"Saepe deserunt quo.";"Ut architecto at.";0;0;;;
attr_395;pim_catalog_file;attr_gr_19;"Reprehenderit voluptatum.";"Voluptates ducimus.";0;0;jpg,png;;
attr_396;pim_catalog_text;attr_gr_12;"Veritatis harum.";"Esse vel corrupti.";0;0;;;
attr_397;pim_catalog_multiselect;attr_gr_9;"Eos blanditiis.";"Error modi iusto.";0;0;;;
attr_398;pim_catalog_text;attr_gr_19;"Sapiente explicabo dolor.";"Est voluptatibus ducimus.";0;0;;;
attr_399;pim_catalog_boolean;attr_gr_17;"Voluptate nesciunt.";"Illum autem dolor.";0;0;;;
attr_400;pim_catalog_textarea;attr_gr_6;"Quaerat modi.";"Voluptatem magni.";0;0;;;
attr_401;pim_catalog_price_collection;attr_gr_16;"Laboriosam veniam.";"Cum culpa.";0;0;;;
attr_402;pim_catalog_image;attr_gr_5;"Aliquid minus et.";"Et dolorem.";0;0;pdf,png;;
attr_403;pim_catalog_simpleselect;attr_gr_15;"Exercitationem est.";"Harum corrupti.";0;0;;;
attr_404;pim_catalog_multiselect;attr_gr_7;"Inventore a.";"Recusandae quod.";0;0;;;
attr_405;pim_catalog_simpleselect;attr_gr_3;"Aut rerum itaque.";"Corrupti et soluta.";0;0;;;
attr_406;pim_catalog_number;attr_gr_16;"Similique animi unde.";"Eaque et quae.";0;0;;;
attr_407;pim_catalog_date;attr_gr_16;"Facere minus.";"Nemo optio deleniti.";0;0;;;
attr_408;pim_catalog_multiselect;attr_gr_10;"Qui laudantium.";"Sapiente ut ea.";0;0;;;
attr_409;pim_catalog_text;attr_gr_3;"Eos quas consequatur.";"Rerum dolor officiis.";0;0;;;
attr_410;pim_catalog_text;attr_gr_7;"Ullam rem.";"Fugiat dolores.";0;0;;;
attr_411;pim_catalog_date;attr_gr_15;"Iure similique vel.";"Recusandae laudantium enim.";0;0;;;
attr_412;pim_catalog_boolean;attr_gr_19;"Dolores repellat laudantium.";"Repellendus ut.";0;0;;;
attr_413;pim_catalog_number;attr_gr_2;"Inventore assumenda.";"Cum ipsum fugiat.";0;0;;;
attr_414;pim_catalog_image;attr_gr_17;"Accusamus ad rerum.";"Quis consequatur tenetur.";0;0;pdf,png;;
attr_415;pim_catalog_textarea;attr_gr_3;"Harum omnis sint.";"Quos soluta.";0;0;;;
attr_416;pim_catalog_multiselect;attr_gr_19;"Eum ad sed.";"Alias quasi dolorum.";0;0;;;
attr_417;pim_catalog_textarea;attr_gr_16;"Aspernatur inventore.";"Aut minima facere.";0;0;;;
attr_418;pim_catalog_number;attr_gr_14;"Numquam tenetur sed.";"Ipsa facere.";0;0;;;
attr_419;pim_catalog_date;attr_gr_8;"Quidem voluptatem inventore.";"Eum rem repellendus.";0;0;;;
attr_420;pim_catalog_price_collection;attr_gr_17;"Voluptates cupiditate.";"Ut rerum ratione.";0;0;;;
attr_421;pim_catalog_image;attr_gr_11;"Dolorem natus autem.";"Doloribus quos.";0;0;pdf,jpg;;
attr_422;pim_catalog_price_collection;attr_gr_2;"Tempora minus.";"Magnam natus.";0;0;;;
attr_423;pim_catalog_date;attr_gr_4;"Hic totam.";"Adipisci vel sed.";0;0;;;
attr_424;pim_catalog_file;attr_gr_3;"Ea vel.";"Nihil qui.";0;0;pdf,jpg;;
attr_425;pim_catalog_file;attr_gr_4;"Quis omnis reprehenderit.";"Voluptate excepturi accusamus.";0;0;pdf,png;;
attr_426;pim_catalog_image;attr_gr_0;"Vero ullam.";"Enim ad nam.";0;0;jpg,png;;
attr_427;pim_catalog_number;attr_gr_11;"Ut rerum optio.";"Veritatis ut illo.";0;0;;;
attr_428;pim_catalog_boolean;attr_gr_7;"Quasi sint.";"Fugiat nihil.";0;0;;;
attr_429;pim_catalog_date;attr_gr_7;"Quae quibusdam.";"Et culpa.";0;0;;;
attr_430;pim_catalog_simpleselect;attr_gr_1;"Et quasi.";"Error consequatur.";0;0;;;
attr_431;pim_catalog_metric;attr_gr_19;"Ducimus doloribus.";"Dolorem ullam corporis.";0;0;;Length;METER
attr_432;pim_catalog_image;attr_gr_5;"Est repellat consequuntur.";"Voluptate esse quia.";0;0;jpg,png;;
attr_433;pim_catalog_image;attr_gr_13;"Dolore laborum.";"Error provident.";0;0;png,jpg;;
attr_434;pim_catalog_price_collection;attr_gr_16;"Nihil omnis.";"Doloribus id aut.";0;0;;;
attr_435;pim_catalog_price_collection;attr_gr_6;"Nihil et et.";"Maiores pariatur.";0;0;;;
attr_436;pim_catalog_date;attr_gr_7;"Dolores delectus.";"Est expedita est.";0;0;;;
attr_437;pim_catalog_file;attr_gr_19;"Atque reprehenderit.";"Consequatur repellat voluptas.";0;0;png,pdf;;
attr_438;pim_catalog_price_collection;attr_gr_11;"Molestiae asperiores eius.";"Illo laboriosam magnam.";0;0;;;
attr_439;pim_catalog_simpleselect;attr_gr_17;"Cum enim.";"Qui facilis.";0;0;;;
attr_440;pim_catalog_metric;attr_gr_11;"Et reiciendis suscipit.";"Dolor tenetur.";0;0;;Length;METER
attr_441;pim_catalog_image;attr_gr_16;"Dolorum ullam non.";"Harum molestiae.";0;0;png,pdf;;
attr_442;pim_catalog_text;attr_gr_18;"Quo aspernatur est.";"Nulla enim.";0;0;;;
attr_443;pim_catalog_file;attr_gr_5;"Adipisci rerum debitis.";"Suscipit dolorum velit.";0;0;jpg,png;;
attr_444;pim_catalog_image;attr_gr_14;"Blanditiis a quo.";"Nam molestiae reprehenderit.";0;0;pdf,png;;
attr_445;pim_catalog_price_collection;attr_gr_17;"Nostrum fugiat.";"Aspernatur ut illum.";0;0;;;
attr_446;pim_catalog_boolean;attr_gr_10;"Aliquam voluptatum ipsa.";"Pariatur sit occaecati.";0;0;;;
attr_447;pim_catalog_file;attr_gr_12;"Corporis voluptatum sapiente.";"Est eaque voluptatem.";0;0;png,jpg;;
attr_448;pim_catalog_number;attr_gr_7;"Voluptatibus dolores est.";"Dolore deleniti qui.";0;0;;;
attr_449;pim_catalog_metric;attr_gr_10;"Voluptates perspiciatis.";"Iusto voluptatem minima.";0;0;;Length;METER
attr_450;pim_catalog_image;attr_gr_7;"Eligendi culpa.";"Enim necessitatibus.";0;0;pdf,png;;
attr_451;pim_catalog_boolean;attr_gr_19;"Placeat sed neque.";"Placeat at.";0;0;;;
attr_452;pim_catalog_multiselect;attr_gr_15;"Sit earum accusantium.";"Autem molestias.";0;0;;;
attr_453;pim_catalog_boolean;attr_gr_6;"Consequatur nemo sed.";"Facere placeat.";0;0;;;
attr_454;pim_catalog_boolean;attr_gr_6;"Reiciendis officiis.";"Commodi non dolor.";0;0;;;
attr_455;pim_catalog_price_collection;attr_gr_15;"Voluptatem libero.";"In dolor cumque.";0;1;;;
attr_456;pim_catalog_metric;attr_gr_12;"Necessitatibus iusto nostrum.";"Similique maiores.";0;0;;Length;METER
attr_457;pim_catalog_date;attr_gr_2;"Et libero.";"Excepturi deleniti.";0;0;;;
attr_458;pim_catalog_price_collection;attr_gr_19;"Voluptatem ad.";"Fugiat illo.";0;0;;;
attr_459;pim_catalog_boolean;attr_gr_19;"Ipsam eveniet.";"Facilis culpa quia.";0;0;;;
attr_460;pim_catalog_price_collection;attr_gr_2;"Enim vero voluptas.";"Consequatur ipsum vitae.";0;0;;;
attr_461;pim_catalog_price_collection;attr_gr_19;"Exercitationem modi eos.";"Qui est sunt.";0;0;;;
attr_462;pim_catalog_number;attr_gr_16;"Occaecati asperiores.";"Ea deserunt.";0;0;;;
attr_463;pim_catalog_text;attr_gr_5;"At aut saepe.";"A cumque.";0;0;;;
attr_464;pim_catalog_multiselect;attr_gr_2;"Voluptatem eveniet excepturi.";"Similique dolorum.";0;0;;;
attr_465;pim_catalog_file;attr_gr_11;"Qui ex enim.";"Sequi est.";0;0;jpg,pdf;;
attr_466;pim_catalog_simpleselect;attr_gr_5;"Unde tempore sed.";"Ut ullam minima.";0;0;;;
attr_467;pim_catalog_image;attr_gr_1;"Harum accusantium.";"Expedita quo consequatur.";0;0;png,jpg;;
attr_468;pim_catalog_text;attr_gr_12;"Veritatis aliquam.";"Et non.";0;0;;;
attr_469;pim_catalog_metric;attr_gr_2;"Atque nihil laborum.";"Aut delectus.";0;0;;Length;METER
attr_470;pim_catalog_image;attr_gr_13;"Dignissimos et labore.";"Sed suscipit impedit.";0;0;jpg,png;;
attr_471;pim_catalog_number;attr_gr_2;"Autem ipsa.";"Aliquam quibusdam aut.";0;0;;;
attr_472;pim_catalog_multiselect;attr_gr_10;"Libero voluptatum.";"Optio quia itaque.";0;0;;;
attr_473;pim_catalog_simpleselect;attr_gr_1;"Quidem neque.";"Autem laudantium.";0;0;;;
attr_474;pim_catalog_text;attr_gr_2;"Ipsum praesentium quae.";"Voluptatem dolor recusandae.";0;0;;;
attr_475;pim_catalog_file;attr_gr_3;"Sit maiores.";"Ducimus rerum.";0;0;jpg,pdf;;
attr_476;pim_catalog_text;attr_gr_6;"Aut non.";"Minima quod explicabo.";0;0;;;
attr_477;pim_catalog_simpleselect;attr_gr_16;"Praesentium quo sunt.";"Maiores rerum.";0;0;;;
attr_478;pim_catalog_simpleselect;attr_gr_12;"Et ducimus.";"Ipsam qui.";0;0;;;
attr_479;pim_catalog_simpleselect;attr_gr_15;"Ratione minus.";"Amet possimus exercitationem.";0;0;;;
attr_480;pim_catalog_file;attr_gr_8;"Et consequatur.";"Dignissimos eum.";0;0;pdf,jpg;;
attr_481;pim_catalog_price_collection;attr_gr_15;"Recusandae laudantium tempora.";"Sint tempore ea.";0;0;;;
attr_482;pim_catalog_multiselect;attr_gr_5;"Quasi nisi.";"Saepe commodi.";0;0;;;
attr_483;pim_catalog_date;attr_gr_2;"Ex qui ut.";"Eveniet laudantium optio.";0;0;;;
attr_484;pim_catalog_image;attr_gr_5;"Odio in ab.";"Ex nemo et.";0;0;png,pdf;;
attr_485;pim_catalog_date;attr_gr_3;"Consequatur dolores deserunt.";"Reprehenderit repudiandae.";0;0;;;
attr_486;pim_catalog_date;attr_gr_12;"In ex.";"Distinctio rem.";0;0;;;
attr_487;pim_catalog_image;attr_gr_18;"Dolores quo.";"Ex quam.";0;0;jpg,pdf;;
attr_488;pim_catalog_price_collection;attr_gr_4;"Sunt autem doloribus.";"Error voluptatibus impedit.";0;0;;;
attr_489;pim_catalog_textarea;attr_gr_2;"Ut quas pariatur.";"Veritatis cumque quis.";0;0;;;
attr_490;pim_catalog_textarea;attr_gr_11;"Quia mollitia magni.";"Quos et.";0;0;;;
attr_491;pim_catalog_number;attr_gr_16;"Et explicabo.";"Eveniet quis.";0;0;;;
attr_492;pim_catalog_multiselect;attr_gr_5;"Iste voluptatibus pariatur.";"Odio quasi repellendus.";0;0;;;
attr_493;pim_catalog_simpleselect;attr_gr_14;"Rem voluptas et.";"Est et est.";0;0;;;
attr_494;pim_catalog_boolean;attr_gr_1;"Dicta ipsa eum.";"Est tenetur id.";0;0;;;
attr_495;pim_catalog_date;attr_gr_1;"Mollitia et.";"Amet consequatur modi.";0;0;;;
attr_496;pim_catalog_image;attr_gr_7;"Repellat quae qui.";"Ut necessitatibus nostrum.";0;0;png,pdf;;
attr_497;pim_catalog_textarea;attr_gr_18;"Totam nostrum dicta.";"Doloremque doloremque quibusdam.";0;0;;;
attr_498;pim_catalog_metric;attr_gr_2;"Ut qui ab.";"Officia porro molestiae.";0;0;;Length;METER
attr_499;pim_catalog_boolean;attr_gr_5;"Laborum et.";"Deleniti sequi.";0;0;;;
attr_500;pim_catalog_image;attr_gr_15;"Quo nihil et.";"Ipsum dolor placeat.";0;0;png,jpg;;
attr_501;pim_catalog_simpleselect;attr_gr_3;"Aut corporis.";"Aut nihil.";0;0;;;
attr_502;pim_catalog_text;attr_gr_1;"Similique qui.";"Eveniet sapiente.";1;0;;;
attr_503;pim_catalog_metric;attr_gr_14;"Dolore consequuntur.";"Itaque quia voluptas.";0;0;;Length;METER
attr_504;pim_catalog_boolean;attr_gr_4;"Asperiores fugit officia.";"Dolore iusto autem.";0;0;;;
attr_505;pim_catalog_multiselect;attr_gr_5;"Qui est quaerat.";"Alias beatae.";0;0;;;
attr_506;pim_catalog_number;attr_gr_16;"Voluptas maiores.";"Quo vero consectetur.";0;0;;;
attr_507;pim_catalog_textarea;attr_gr_16;"Nihil accusantium molestias.";"Illum consequatur.";0;0;;;
attr_508;pim_catalog_text;attr_gr_10;"Voluptatem facilis at.";"Eaque molestiae.";0;0;;;
attr_509;pim_catalog_number;attr_gr_10;"Culpa repellendus aut.";"Laudantium et dolorem.";0;0;;;
attr_510;pim_catalog_date;attr_gr_1;"Incidunt iusto.";"Fugiat laboriosam id.";0;0;;;
attr_511;pim_catalog_file;attr_gr_11;"Dolores et repudiandae.";"Est quasi.";0;0;pdf,jpg;;
attr_512;pim_catalog_number;attr_gr_8;"Perspiciatis laudantium.";"In velit libero.";0;0;;;
attr_513;pim_catalog_textarea;attr_gr_4;"Rerum debitis quia.";"Officiis sunt.";0;0;;;
attr_514;pim_catalog_simpleselect;attr_gr_5;"Temporibus aut optio.";"Impedit nesciunt quis.";0;0;;;
attr_515;pim_catalog_simpleselect;attr_gr_1;"Cumque non dignissimos.";"Sed voluptatum nihil.";0;0;;;
attr_516;pim_catalog_file;attr_gr_7;"Cumque provident.";"Nostrum cumque voluptas.";0;0;pdf,png;;
attr_517;pim_catalog_file;attr_gr_8;"Iure id at.";"Est adipisci.";0;0;jpg,pdf;;
attr_518;pim_catalog_price_collection;attr_gr_7;"Dolor soluta.";"Laboriosam eligendi nulla.";0;0;;;
attr_519;pim_catalog_boolean;attr_gr_0;"Eum libero quia.";"Provident in suscipit.";0;0;;;
attr_520;pim_catalog_simpleselect;attr_gr_0;"Repellendus ipsa.";"Autem tempore rerum.";0;0;;;
attr_521;pim_catalog_number;attr_gr_15;"Excepturi autem.";"Nulla adipisci.";0;0;;;
attr_522;pim_catalog_date;attr_gr_17;"Totam eligendi.";"Labore accusantium in.";0;0;;;
attr_523;pim_catalog_metric;attr_gr_0;"Vel fugiat qui.";"Incidunt fugiat porro.";0;0;;Length;METER
attr_524;pim_catalog_textarea;attr_gr_13;"Deleniti voluptatem.";"Doloremque aut est.";0;0;;;
attr_525;pim_catalog_multiselect;attr_gr_1;"Fuga laudantium.";"Tempora numquam.";0;0;;;
attr_526;pim_catalog_metric;attr_gr_5;"Autem dolorem aut.";"Commodi velit.";0;0;;Length;METER
attr_527;pim_catalog_text;attr_gr_8;"Consequatur pariatur sit.";"Tenetur voluptas.";0;0;;;
attr_528;pim_catalog_date;attr_gr_16;"Nam ea eum.";"Quam quis.";0;0;;;
attr_529;pim_catalog_date;attr_gr_11;"Minima officiis.";"Iure commodi.";0;0;;;
attr_530;pim_catalog_boolean;attr_gr_18;"Molestias rem ea.";"Sed eaque.";0;0;;;
attr_531;pim_catalog_image;attr_gr_6;"Inventore esse.";"Omnis magni.";0;0;png,jpg;;
attr_532;pim_catalog_file;attr_gr_15;"Ullam magni.";"Nostrum aspernatur cumque.";0;0;pdf,jpg;;
attr_533;pim_catalog_image;attr_gr_0;"Et dolorem.";"Ullam consectetur qui.";0;0;pdf,png;;
attr_534;pim_catalog_image;attr_gr_17;"Rerum optio.";"Sapiente quia.";0;0;png,jpg;;
attr_535;pim_catalog_date;attr_gr_9;"Necessitatibus sapiente.";"Fugit expedita sit.";0;0;;;
attr_536;pim_catalog_date;attr_gr_1;"Nobis quia maiores.";"Et architecto alias.";0;0;;;
attr_537;pim_catalog_boolean;attr_gr_6;"Sequi qui.";"Dolor quisquam.";0;0;;;
attr_538;pim_catalog_file;attr_gr_18;"Et autem ea.";"Maxime similique reprehenderit.";0;0;png,jpg;;
attr_539;pim_catalog_number;attr_gr_12;"Sequi sunt.";"Sit deserunt.";0;0;;;
attr_540;pim_catalog_textarea;attr_gr_6;"Voluptas eum error.";"Et nostrum.";0;0;;;
attr_541;pim_catalog_multiselect;attr_gr_18;"Est omnis.";"Voluptas excepturi.";0;0;;;
attr_542;pim_catalog_simpleselect;attr_gr_1;"At voluptatem.";"Et est nihil.";0;0;;;
attr_543;pim_catalog_text;attr_gr_5;"Excepturi a laborum.";"Laborum amet sunt.";0;0;;;
attr_544;pim_catalog_date;attr_gr_17;"Quo autem.";"Veritatis autem adipisci.";0;0;;;
attr_545;pim_catalog_textarea;attr_gr_13;"Perspiciatis velit culpa.";"In a.";0;0;;;
attr_546;pim_catalog_text;attr_gr_1;"Qui laborum est.";"Delectus sint.";0;0;;;
attr_547;pim_catalog_image;attr_gr_15;"Placeat qui.";"Et odit eligendi.";0;0;png,pdf;;
attr_548;pim_catalog_text;attr_gr_16;"Et dolorem blanditiis.";"Placeat aut autem.";0;0;;;
attr_549;pim_catalog_metric;attr_gr_13;"Facilis excepturi.";"Delectus et est.";0;0;;Length;METER
attr_550;pim_catalog_simpleselect;attr_gr_3;"Consequatur et.";"Et omnis.";0;0;;;
attr_551;pim_catalog_metric;attr_gr_11;"Laudantium sunt.";"Fugiat quasi.";0;0;;Length;METER
attr_552;pim_catalog_price_collection;attr_gr_7;"Sint sit corrupti.";"Vitae veritatis.";0;0;;;
attr_553;pim_catalog_metric;attr_gr_19;"Ut eos.";"Ut sed.";0;0;;Length;METER
attr_554;pim_catalog_multiselect;attr_gr_5;"Ipsa vitae.";"Ipsa velit ut.";0;0;;;
attr_555;pim_catalog_date;attr_gr_7;"Enim fugiat debitis.";"Et repudiandae necessitatibus.";0;0;;;
attr_556;pim_catalog_boolean;attr_gr_17;"Autem harum voluptate.";"Ex reprehenderit.";0;0;;;
attr_557;pim_catalog_boolean;attr_gr_9;"Asperiores excepturi.";"Qui quibusdam.";0;0;;;
attr_558;pim_catalog_date;attr_gr_7;"Accusamus ut aliquid.";"Nisi ut ut.";0;0;;;
attr_559;pim_catalog_metric;attr_gr_14;"Et provident fuga.";"A exercitationem ut.";0;0;;Length;METER
attr_560;pim_catalog_image;attr_gr_2;"Voluptatum ut et.";"Corrupti itaque.";0;0;png,pdf;;
attr_561;pim_catalog_image;attr_gr_10;"Odit sit voluptas.";"Voluptas quasi inventore.";0;0;jpg,pdf;;
attr_562;pim_catalog_multiselect;attr_gr_14;"A voluptatem tempora.";"In dicta.";0;0;;;
attr_563;pim_catalog_price_collection;attr_gr_8;"Rerum incidunt fugit.";"Iure sit.";0;0;;;
attr_564;pim_catalog_boolean;attr_gr_2;"Modi sit.";"Reiciendis et.";0;0;;;
attr_565;pim_catalog_number;attr_gr_7;"Quia voluptatem corrupti.";"Tenetur asperiores quia.";0;0;;;
attr_566;pim_catalog_metric;attr_gr_19;"Laudantium quis nisi.";"Qui quasi.";0;0;;Length;METER
attr_567;pim_catalog_boolean;attr_gr_17;"Culpa ut accusamus.";"Sint sit quis.";0;0;;;
attr_568;pim_catalog_metric;attr_gr_12;"Ut dolor velit.";"Asperiores aliquid.";0;0;;Length;METER
attr_569;pim_catalog_metric;attr_gr_3;"In esse.";"Eum temporibus sit.";0;0;;Length;METER
attr_570;pim_catalog_text;attr_gr_8;"Voluptatem totam.";"Et quaerat ipsa.";0;0;;;
attr_571;pim_catalog_number;attr_gr_0;"Veniam ratione.";"Qui eaque.";0;0;;;
attr_572;pim_catalog_price_collection;attr_gr_0;"Aut fuga deleniti.";"Est eius architecto.";0;0;;;
attr_573;pim_catalog_metric;attr_gr_16;"Eius deserunt debitis.";"Ratione et.";0;0;;Length;METER
attr_574;pim_catalog_file;attr_gr_15;"Veniam qui.";"Qui voluptates.";0;0;jpg,pdf;;
attr_575;pim_catalog_textarea;attr_gr_15;"Sunt enim.";"Nihil unde.";0;0;;;
attr_576;pim_catalog_textarea;attr_gr_16;"Autem animi consequatur.";"Dolorum saepe.";0;0;;;
attr_577;pim_catalog_number;attr_gr_4;"Maxime et.";"Deserunt corrupti doloremque.";0;0;;;
attr_578;pim_catalog_file;attr_gr_17;"Eius deleniti necessitatibus.";"Saepe tenetur et.";0;0;png,pdf;;
attr_579;pim_catalog_number;attr_gr_16;"Neque necessitatibus laboriosam.";"Et maxime qui.";0;0;;;
attr_580;pim_catalog_textarea;attr_gr_15;"Dolores iusto.";"Laboriosam omnis rerum.";0;0;;;
attr_581;pim_catalog_multiselect;attr_gr_17;"Voluptas vitae.";"Maxime eos aut.";0;0;;;
attr_582;pim_catalog_metric;attr_gr_3;"Possimus tenetur.";"Velit sed et.";0;0;;Length;METER
attr_583;pim_catalog_image;attr_gr_9;"Et sed fugiat.";"Et pariatur sed.";0;0;pdf,jpg;;
attr_584;pim_catalog_image;attr_gr_18;"Et consequatur eveniet.";"Quae omnis reprehenderit.";0;0;png,pdf;;
attr_585;pim_catalog_textarea;attr_gr_3;"Ipsum ut.";"Qui ipsa nihil.";0;0;;;
attr_586;pim_catalog_boolean;attr_gr_14;"Beatae doloribus.";"Sit sapiente.";0;0;;;
attr_587;pim_catalog_file;attr_gr_2;"Vitae et qui.";"Qui sequi.";0;0;jpg,png;;
attr_588;pim_catalog_file;attr_gr_11;"Ea explicabo.";"Consequatur reiciendis est.";0;0;png,pdf;;
attr_589;pim_catalog_file;attr_gr_3;"Distinctio dolor itaque.";"Nihil quis reprehenderit.";0;0;png,jpg;;
attr_590;pim_catalog_metric;attr_gr_4;"Aut quia.";"Accusantium et.";0;0;;Length;METER
attr_591;pim_catalog_image;attr_gr_3;"Aut voluptatem.";"Repellat quia.";0;0;jpg,png;;
attr_592;pim_catalog_boolean;attr_gr_1;"Quaerat aut qui.";"Voluptas iure.";0;0;;;
attr_593;pim_catalog_textarea;attr_gr_14;"Vel fugiat.";"Sed molestias similique.";0;0;;;
attr_594;pim_catalog_number;attr_gr_1;"Accusantium ducimus voluptatibus.";"Voluptatem explicabo possimus.";0;0;;;
attr_595;pim_catalog_metric;attr_gr_16;"Animi rerum.";"Incidunt dolor aperiam.";0;0;;Length;METER
attr_596;pim_catalog_number;attr_gr_2;"Necessitatibus officia.";"Natus magnam.";0;0;;;
attr_597;pim_catalog_price_collection;attr_gr_18;"Sapiente omnis.";"Id nam et.";0;0;;;
attr_598;pim_catalog_metric;attr_gr_8;"Expedita ipsum.";"Et esse saepe.";0;0;;Length;METER
attr_599;pim_catalog_price_collection;attr_gr_13;"Voluptas soluta.";"Repellat itaque.";0;0;;;
attr_600;pim_catalog_multiselect;attr_gr_19;"Ex quo et.";"Ut velit.";0;0;;;
attr_601;pim_catalog_textarea;attr_gr_7;"Ipsam perferendis laudantium.";"Vel inventore.";0;0;;;
attr_602;pim_catalog_date;attr_gr_2;"Est cumque.";"Qui in rerum.";0;0;;;
attr_603;pim_catalog_date;attr_gr_14;"Assumenda incidunt.";"Eveniet deserunt.";0;0;;;
attr_604;pim_catalog_file;attr_gr_19;"Explicabo qui.";"Officia excepturi.";0;0;pdf,png;;
attr_605;pim_catalog_multiselect;attr_gr_6;"Enim distinctio debitis.";"Quae officia possimus.";0;0;;;
attr_606;pim_catalog_simpleselect;attr_gr_4;"Saepe sequi.";"Aut corporis.";0;0;;;
attr_607;pim_catalog_number;attr_gr_7;"Mollitia rem.";"Consequatur consequatur.";0;0;;;
attr_608;pim_catalog_file;attr_gr_19;"Autem ut.";"Id hic et.";0;0;jpg,pdf;;
attr_609;pim_catalog_number;attr_gr_7;"Laborum consectetur.";"Qui autem ducimus.";0;0;;;
attr_610;pim_catalog_date;attr_gr_15;"Ex aut tempore.";"Dicta suscipit optio.";0;0;;;
attr_611;pim_catalog_multiselect;attr_gr_11;"Distinctio libero sed.";"Vel aut.";0;0;;;
attr_612;pim_catalog_boolean;attr_gr_11;"Necessitatibus corrupti.";"Porro placeat.";0;0;;;
attr_613;pim_catalog_image;attr_gr_8;"Molestiae error ipsa.";"Alias odit illum.";0;0;png,pdf;;
attr_614;pim_catalog_text;attr_gr_17;"Ipsam voluptas veritatis.";"Nisi aspernatur deserunt.";0;0;;;
attr_615;pim_catalog_textarea;attr_gr_12;"Itaque quos.";"Vitae minima.";0;0;;;
attr_616;pim_catalog_image;attr_gr_3;"Deserunt iusto aut.";"Nihil voluptatem.";0;0;jpg,png;;
attr_617;pim_catalog_metric;attr_gr_3;"Aspernatur facere quo.";"Quos autem.";0;0;;Length;METER
attr_618;pim_catalog_price_collection;attr_gr_13;"Praesentium tenetur.";"Delectus sed quae.";0;0;;;
attr_619;pim_catalog_metric;attr_gr_4;"Totam nisi.";"Iste vero.";0;0;;Length;METER
attr_620;pim_catalog_number;attr_gr_11;"Voluptatem in.";"Velit sint.";0;0;;;
attr_621;pim_catalog_boolean;attr_gr_0;"Consequuntur quis.";"Aliquid iure.";0;0;;;
attr_622;pim_catalog_image;attr_gr_6;"At inventore ut.";"Voluptate quo et.";0;0;png,jpg;;
attr_623;pim_catalog_date;attr_gr_5;"Eveniet ea.";"Quod iste.";0;0;;;
attr_624;pim_catalog_multiselect;attr_gr_14;"Quaerat amet laborum.";"Esse voluptatibus.";0;0;;;
attr_625;pim_catalog_text;attr_gr_10;"Facilis ut sed.";"Enim nostrum.";0;0;;;
attr_626;pim_catalog_file;attr_gr_10;"Dolores asperiores.";"Consectetur voluptatem.";0;0;pdf,jpg;;
attr_627;pim_catalog_number;attr_gr_11;"Praesentium labore neque.";"Est ut reiciendis.";0;0;;;
attr_628;pim_catalog_boolean;attr_gr_12;"Commodi exercitationem quibusdam.";"Id nihil ut.";0;0;;;
attr_629;pim_catalog_multiselect;attr_gr_14;"Ipsum modi expedita.";"Commodi non quisquam.";0;0;;;
attr_630;pim_catalog_boolean;attr_gr_15;"Consequatur rerum veritatis.";"Eius autem.";0;0;;;
attr_631;pim_catalog_boolean;attr_gr_11;"Neque necessitatibus.";"Molestias dolor error.";0;0;;;
attr_632;pim_catalog_multiselect;attr_gr_3;"Optio labore corrupti.";"Maiores laudantium.";1;0;;;
attr_633;pim_catalog_text;attr_gr_6;"Neque adipisci.";"Perspiciatis ea recusandae.";0;0;;;
attr_634;pim_catalog_price_collection;attr_gr_14;"Aliquam exercitationem.";"Reprehenderit ut deleniti.";0;0;;;
attr_635;pim_catalog_textarea;attr_gr_10;"Neque est voluptas.";"Ea suscipit commodi.";0;0;;;
attr_636;pim_catalog_metric;attr_gr_17;"Et sint.";"Sapiente rerum voluptatum.";0;0;;Length;METER
attr_637;pim_catalog_price_collection;attr_gr_9;"In reiciendis.";"Id quidem.";0;0;;;
attr_638;pim_catalog_textarea;attr_gr_4;"Et sunt.";"Voluptatem veritatis.";0;0;;;
attr_639;pim_catalog_metric;attr_gr_10;"Aut in.";"Excepturi beatae dolorem.";0;0;;Length;METER
attr_640;pim_catalog_metric;attr_gr_17;"Et amet.";"Et quae.";0;0;;Length;METER
attr_641;pim_catalog_price_collection;attr_gr_1;"Saepe beatae nobis.";"Consequuntur officiis.";0;0;;;
attr_642;pim_catalog_metric;attr_gr_8;"Autem tenetur.";"Explicabo quisquam.";0;0;;Length;METER
attr_643;pim_catalog_text;attr_gr_2;"Aspernatur quo enim.";"Reprehenderit fugit voluptate.";0;0;;;
attr_644;pim_catalog_number;attr_gr_13;"Et natus.";"Reiciendis molestias.";0;0;;;
attr_645;pim_catalog_text;attr_gr_15;"Quia quod.";"Sit laborum.";0;0;;;
attr_646;pim_catalog_simpleselect;attr_gr_0;"Ipsum voluptates.";"Fugit vel quaerat.";0;0;;;
attr_647;pim_catalog_boolean;attr_gr_7;"Asperiores in.";"Ut omnis error.";0;0;;;
attr_648;pim_catalog_boolean;attr_gr_15;"Nobis exercitationem incidunt.";"Hic accusantium.";0;0;;;
attr_649;pim_catalog_multiselect;attr_gr_13;"Aut quisquam.";"Facere illo.";0;0;;;
attr_650;pim_catalog_number;attr_gr_0;"Magnam nisi quia.";"Hic labore.";0;0;;;
attr_651;pim_catalog_metric;attr_gr_7;"Omnis ullam possimus.";"Adipisci aliquid.";0;0;;Length;METER
attr_652;pim_catalog_number;attr_gr_6;"Distinctio eligendi dolorum.";"Autem vel.";0;0;;;
attr_653;pim_catalog_date;attr_gr_6;"Veritatis et adipisci.";"Adipisci non ut.";0;0;;;
attr_654;pim_catalog_file;attr_gr_7;"Harum illo qui.";"Quo aut excepturi.";0;0;png,jpg;;
attr_655;pim_catalog_image;attr_gr_8;"Quibusdam vel unde.";"Officiis labore.";0;0;png,pdf;;
attr_656;pim_catalog_file;attr_gr_13;"Dolore sit.";"Voluptates alias.";0;0;png,pdf;;
attr_657;pim_catalog_number;attr_gr_19;"Et sed.";"Minima quae.";0;0;;;
attr_658;pim_catalog_image;attr_gr_6;"Occaecati nostrum id.";"Rerum corrupti.";0;1;png,jpg;;
attr_659;pim_catalog_boolean;attr_gr_16;"Laudantium fugiat est.";"Dolorem aut.";0;0;;;
attr_660;pim_catalog_text;attr_gr_8;"Itaque dolores et.";"Porro inventore voluptatem.";0;0;;;
attr_661;pim_catalog_price_collection;attr_gr_14;"Non eos.";"Et iste repellendus.";0;0;;;
attr_662;pim_catalog_file;attr_gr_5;"Minus odio.";"Laudantium amet omnis.";0;0;png,pdf;;
attr_663;pim_catalog_textarea;attr_gr_17;"Saepe ut omnis.";"Quidem exercitationem voluptatum.";0;0;;;
attr_664;pim_catalog_image;attr_gr_1;"Unde consequuntur doloremque.";"Dolores et.";0;0;png,pdf;;
attr_665;pim_catalog_metric;attr_gr_6;"Aut qui fugit.";"Praesentium minus.";0;0;;Length;METER
attr_666;pim_catalog_boolean;attr_gr_17;"Et rerum.";"Exercitationem molestiae sapiente.";0;0;;;
attr_667;pim_catalog_simpleselect;attr_gr_5;"Tenetur dolorum qui.";"Rerum accusantium.";0;0;;;
attr_668;pim_catalog_image;attr_gr_10;"Tenetur vero aut.";"Rem in esse.";0;0;pdf,jpg;;
attr_669;pim_catalog_textarea;attr_gr_11;"Sequi corporis sit.";"Blanditiis soluta.";0;0;;;
attr_670;pim_catalog_date;attr_gr_10;"Veniam nulla.";"Quia eos.";0;0;;;
attr_671;pim_catalog_metric;attr_gr_3;"Quam voluptatem dolorem.";"Et quas sint.";0;0;;Length;METER
attr_672;pim_catalog_price_collection;attr_gr_0;"Enim mollitia accusantium.";"Est est.";0;0;;;
attr_673;pim_catalog_textarea;attr_gr_1;"Sunt sunt aut.";"Repellendus aspernatur.";0;0;;;
attr_674;pim_catalog_price_collection;attr_gr_17;"Et ut corrupti.";"Libero labore.";0;0;;;
attr_675;pim_catalog_simpleselect;attr_gr_9;"Est vel.";"Assumenda dolor.";0;0;;;
attr_676;pim_catalog_textarea;attr_gr_15;"Ut provident voluptatibus.";"Cupiditate dolor hic.";0;0;;;
attr_677;pim_catalog_metric;attr_gr_3;"Et voluptate ad.";"Corrupti ut eius.";0;0;;Length;METER
attr_678;pim_catalog_date;attr_gr_15;"Et error vel.";"Vero non.";0;0;;;
attr_679;pim_catalog_boolean;attr_gr_16;"Aut quaerat maiores.";"Enim fuga.";0;0;;;
attr_680;pim_catalog_date;attr_gr_7;"Quia laboriosam enim.";"Inventore quo ipsum.";0;0;;;
attr_681;pim_catalog_image;attr_gr_11;"Soluta aspernatur illum.";"Aut perspiciatis alias.";0;0;png,jpg;;
attr_682;pim_catalog_file;attr_gr_8;"Fugiat consectetur.";"Neque explicabo assumenda.";0;0;png,pdf;;
attr_683;pim_catalog_simpleselect;attr_gr_3;"Fugiat sint.";"Accusantium dolores et.";0;0;;;
attr_684;pim_catalog_number;attr_gr_15;"Unde inventore et.";"Impedit aut.";0;0;;;
attr_685;pim_catalog_simpleselect;attr_gr_6;"Omnis quae ipsam.";"Pariatur sint animi.";0;0;;;
attr_686;pim_catalog_image;attr_gr_7;"Pariatur nihil odit.";"Assumenda ut voluptatibus.";0;0;jpg,png;;
attr_687;pim_catalog_date;attr_gr_17;"Consectetur et et.";"Voluptatibus provident occaecati.";0;0;;;
attr_688;pim_catalog_image;attr_gr_8;"Et dolores.";"Aperiam et consequuntur.";0;0;jpg,png;;
attr_689;pim_catalog_simpleselect;attr_gr_1;"Non est quaerat.";"Nam veniam temporibus.";0;0;;;
attr_690;pim_catalog_image;attr_gr_10;"Voluptatem ipsum.";"Corrupti rerum.";0;0;pdf,jpg;;
attr_691;pim_catalog_simpleselect;attr_gr_2;"Placeat eveniet veritatis.";"Quos et quaerat.";0;0;;;
attr_692;pim_catalog_multiselect;attr_gr_18;"Dolore veniam aliquid.";"At iure.";0;0;;;
attr_693;pim_catalog_multiselect;attr_gr_15;"Mollitia rerum vel.";"Quis aut fugiat.";0;0;;;
attr_694;pim_catalog_image;attr_gr_19;"Nulla qui nobis.";"Aut temporibus deserunt.";0;0;pdf,jpg;;
attr_695;pim_catalog_file;attr_gr_2;"Ad ducimus.";"Quisquam soluta.";0;0;png,jpg;;
attr_696;pim_catalog_metric;attr_gr_14;"Id exercitationem.";"Et impedit.";0;0;;Length;METER
attr_697;pim_catalog_number;attr_gr_12;"A molestiae.";"Amet iste soluta.";0;0;;;
attr_698;pim_catalog_price_collection;attr_gr_4;"Numquam illum deserunt.";"Dolores quo dolores.";0;0;;;
attr_699;pim_catalog_simpleselect;attr_gr_5;"Rerum possimus.";"Qui dolores molestias.";0;0;;;
attr_700;pim_catalog_price_collection;attr_gr_13;"Officiis veniam doloremque.";"Ut omnis exercitationem.";0;0;;;
attr_701;pim_catalog_text;attr_gr_6;"Exercitationem asperiores.";"Explicabo aliquam aut.";0;0;;;
attr_702;pim_catalog_text;attr_gr_16;"Nihil inventore.";"Facere laboriosam.";0;0;;;
attr_703;pim_catalog_image;attr_gr_0;"Soluta voluptatem.";"Asperiores error quidem.";0;0;jpg,png;;
attr_704;pim_catalog_boolean;attr_gr_14;"Temporibus ex.";"Autem sint.";0;0;;;
attr_705;pim_catalog_number;attr_gr_18;"Quia ut.";"Quia aut eos.";0;0;;;
attr_706;pim_catalog_number;attr_gr_11;"Eum enim.";"Totam rem omnis.";0;0;;;
attr_707;pim_catalog_text;attr_gr_2;"Rerum dolorum.";"Vel perspiciatis quasi.";0;0;;;
attr_708;pim_catalog_boolean;attr_gr_6;"Sed facere voluptatem.";"Nesciunt nulla.";0;0;;;
attr_709;pim_catalog_file;attr_gr_4;"Quisquam porro.";"Libero quasi.";0;0;pdf,png;;
attr_710;pim_catalog_multiselect;attr_gr_2;"Corrupti et officia.";"Et corrupti.";0;0;;;
attr_711;pim_catalog_textarea;attr_gr_14;"Nostrum a delectus.";"Rerum nemo minus.";0;0;;;
attr_712;pim_catalog_file;attr_gr_14;"Omnis sit quia.";"Id laudantium.";0;0;png,pdf;;
attr_713;pim_catalog_price_collection;attr_gr_16;"Suscipit ex.";"Facilis iusto.";0;0;;;
attr_714;pim_catalog_number;attr_gr_14;"Eligendi nobis et.";"Exercitationem autem ut.";0;0;;;
attr_715;pim_catalog_textarea;attr_gr_2;"Quasi enim nobis.";"Eum ea doloribus.";0;0;;;
attr_716;pim_catalog_boolean;attr_gr_14;"In doloremque.";"Est nostrum.";0;0;;;
attr_717;pim_catalog_file;attr_gr_14;"Provident iusto.";"Nesciunt vel.";0;0;pdf,jpg;;
attr_718;pim_catalog_multiselect;attr_gr_3;"Facere voluptas.";"Blanditiis voluptas.";0;0;;;
attr_719;pim_catalog_simpleselect;attr_gr_17;"Eligendi non.";"Delectus nihil.";0;0;;;
attr_720;pim_catalog_date;attr_gr_11;"Molestias perferendis.";"Quo magni impedit.";0;0;;;
attr_721;pim_catalog_multiselect;attr_gr_7;"Quia sit.";"Est officia.";0;0;;;
attr_722;pim_catalog_date;attr_gr_2;"Tenetur voluptates.";"Itaque et.";0;0;;;
attr_723;pim_catalog_file;attr_gr_19;"Facere rem voluptatem.";"Adipisci est harum.";0;0;jpg,pdf;;
attr_724;pim_catalog_textarea;attr_gr_9;"Sapiente aut voluptatem.";"Deleniti non.";0;0;;;
attr_725;pim_catalog_textarea;attr_gr_7;"Nemo cumque.";"Tempore quia dolores.";1;0;;;
attr_726;pim_catalog_image;attr_gr_14;"At et blanditiis.";"Assumenda vero.";0;0;jpg,pdf;;
attr_727;pim_catalog_image;attr_gr_11;"Est sit velit.";"Iure laboriosam.";0;0;pdf,jpg;;
attr_728;pim_catalog_image;attr_gr_2;"Consectetur fugiat.";"Voluptatem et facilis.";0;0;png,pdf;;
attr_729;pim_catalog_date;attr_gr_18;"Consequuntur iste.";"Quibusdam praesentium doloribus.";0;0;;;
attr_730;pim_catalog_simpleselect;attr_gr_13;"Voluptas voluptatem.";"Facere a qui.";0;0;;;
attr_731;pim_catalog_image;attr_gr_17;"Commodi omnis.";"Sint ratione.";0;0;png,jpg;;
attr_732;pim_catalog_date;attr_gr_3;"Iure nostrum.";"Voluptatum delectus quidem.";0;0;;;
attr_733;pim_catalog_text;attr_gr_18;"Expedita aut.";"Id numquam in.";0;0;;;
attr_734;pim_catalog_number;attr_gr_19;"Dignissimos et amet.";"Ducimus neque dignissimos.";0;0;;;
attr_735;pim_catalog_simpleselect;attr_gr_4;"Qui in eaque.";"Ab magni.";0;0;;;
attr_736;pim_catalog_multiselect;attr_gr_4;"Omnis dolorem adipisci.";"Quasi nihil.";0;0;;;
attr_737;pim_catalog_price_collection;attr_gr_4;"Ut voluptate.";"Veniam natus deserunt.";0;0;;;
attr_738;pim_catalog_file;attr_gr_8;"Consectetur accusantium.";"Corrupti et officia.";0;0;jpg,png;;
attr_739;pim_catalog_boolean;attr_gr_18;"Unde et.";"Perspiciatis non.";0;0;;;
attr_740;pim_catalog_file;attr_gr_10;"Eum tempore dolorum.";"Recusandae quaerat nemo.";0;0;pdf,png;;
attr_741;pim_catalog_simpleselect;attr_gr_14;"Aspernatur minus.";"Soluta eos temporibus.";0;0;;;
attr_742;pim_catalog_simpleselect;attr_gr_12;"Enim dolorem omnis.";"Fugiat et exercitationem.";0;0;;;
attr_743;pim_catalog_date;attr_gr_3;"Sit ea ea.";"Laborum veniam tempore.";0;0;;;
attr_744;pim_catalog_metric;attr_gr_6;"Libero officiis quis.";"Quia veniam ullam.";0;0;;Length;METER
attr_745;pim_catalog_metric;attr_gr_6;"Recusandae illum.";"Dolores sit.";0;0;;Length;METER
attr_746;pim_catalog_number;attr_gr_7;"Fugit dolorem.";"Aliquid omnis nisi.";0;0;;;
attr_747;pim_catalog_textarea;attr_gr_5;"Rem fuga.";"Eius ipsa.";0;0;;;
attr_748;pim_catalog_text;attr_gr_9;"Quam nemo voluptatem.";"Quae sit ipsum.";0;0;;;
attr_749;pim_catalog_number;attr_gr_19;"Facilis voluptas.";"Commodi quas.";0;0;;;
attr_750;pim_catalog_text;attr_gr_3;"Modi atque.";"Minima ut qui.";0;0;;;
attr_751;pim_catalog_multiselect;attr_gr_12;"Excepturi aut.";"Quo est numquam.";0;0;;;
attr_752;pim_catalog_text;attr_gr_1;"Illo repellat.";"Est voluptatum.";0;0;;;
attr_753;pim_catalog_simpleselect;attr_gr_7;"Est quia non.";"Voluptatibus eos.";0;0;;;
attr_754;pim_catalog_text;attr_gr_16;"Repellat est veniam.";"Accusamus est iste.";0;0;;;
attr_755;pim_catalog_file;attr_gr_13;"Est amet.";"Modi enim.";0;0;jpg,pdf;;
attr_756;pim_catalog_image;attr_gr_3;"Quisquam unde ex.";"Debitis sed.";0;0;pdf,jpg;;
attr_757;pim_catalog_price_collection;attr_gr_17;"Quas voluptatibus.";"Odit quam ipsam.";0;0;;;
attr_758;pim_catalog_text;attr_gr_11;"Minus corporis.";"Enim id velit.";0;0;;;
attr_759;pim_catalog_text;attr_gr_19;"Reprehenderit eligendi nostrum.";"Mollitia sed.";0;0;;;
attr_760;pim_catalog_date;attr_gr_2;"Officiis cupiditate eligendi.";"Eum omnis sed.";0;0;;;
attr_761;pim_catalog_number;attr_gr_0;"Dolore in.";"Ullam qui veritatis.";0;0;;;
attr_762;pim_catalog_metric;attr_gr_4;"Perspiciatis exercitationem rerum.";"Vel cupiditate.";0;0;;Length;METER
attr_763;pim_catalog_text;attr_gr_18;"Et vero ad.";"Ullam perferendis omnis.";0;0;;;
attr_764;pim_catalog_boolean;attr_gr_1;"Soluta quia.";"Magnam non sit.";0;0;;;
attr_765;pim_catalog_date;attr_gr_12;"Minus ut.";"Cum unde.";0;0;;;
attr_766;pim_catalog_simpleselect;attr_gr_9;"Iusto non.";"Qui est.";0;0;;;
attr_767;pim_catalog_simpleselect;attr_gr_2;"Molestiae unde.";"Sit sequi.";0;0;;;
attr_768;pim_catalog_metric;attr_gr_17;"Temporibus temporibus.";"Consequatur molestias.";0;0;;Length;METER
attr_769;pim_catalog_file;attr_gr_16;"Illum nihil.";"Minima fuga odio.";0;0;png,jpg;;
attr_770;pim_catalog_text;attr_gr_10;"Qui quo.";"Suscipit corrupti odio.";0;0;;;
attr_771;pim_catalog_metric;attr_gr_4;"Optio maxime.";"Aut sequi.";0;0;;Length;METER
attr_772;pim_catalog_file;attr_gr_3;"Quos quis.";"Qui quia ipsa.";0;0;pdf,png;;
attr_773;pim_catalog_multiselect;attr_gr_18;"Rerum quis harum.";"Corporis quisquam.";0;0;;;
attr_774;pim_catalog_boolean;attr_gr_7;"Saepe odit odit.";"Molestias et possimus.";0;0;;;
attr_775;pim_catalog_file;attr_gr_4;"Et sit.";"Quas amet.";0;0;pdf,jpg;;
attr_776;pim_catalog_text;attr_gr_10;"Consectetur ad tempora.";"Eligendi numquam facere.";0;0;;;
attr_777;pim_catalog_price_collection;attr_gr_7;"Quam soluta aliquam.";"Alias blanditiis voluptates.";0;0;;;
attr_778;pim_catalog_file;attr_gr_12;"Voluptas impedit.";"Itaque accusantium libero.";0;0;pdf,png;;
attr_779;pim_catalog_textarea;attr_gr_0;"Nihil ipsum est.";"Molestias maiores.";0;0;;;
attr_780;pim_catalog_metric;attr_gr_2;"Id quidem fugit.";"Voluptate qui.";0;0;;Length;METER
attr_781;pim_catalog_multiselect;attr_gr_17;"Tenetur dicta ratione.";"Autem eveniet.";0;0;;;
attr_782;pim_catalog_metric;attr_gr_9;"Non consequatur.";"Et minima voluptatem.";0;0;;Length;METER
attr_783;pim_catalog_simpleselect;attr_gr_10;"Est impedit.";"Sit aspernatur.";0;0;;;
attr_784;pim_catalog_image;attr_gr_10;"Consequuntur sit.";"Voluptatem cum.";0;0;jpg,pdf;;
attr_785;pim_catalog_date;attr_gr_1;"Sunt enim.";"Quos sit quidem.";0;0;;;
attr_786;pim_catalog_number;attr_gr_1;"Fuga corporis.";"Vitae eaque dolore.";0;0;;;
attr_787;pim_catalog_image;attr_gr_14;"Aliquam magni.";"Dolor hic.";0;0;pdf,jpg;;
attr_788;pim_catalog_date;attr_gr_16;"Sapiente asperiores eligendi.";"Omnis sint in.";1;0;;;
attr_789;pim_catalog_text;attr_gr_10;"Saepe sunt.";"Cupiditate sapiente.";0;0;;;
attr_790;pim_catalog_boolean;attr_gr_7;"Libero nemo.";"Accusamus nulla.";0;0;;;
attr_791;pim_catalog_textarea;attr_gr_5;"Ut temporibus.";"Blanditiis et.";0;0;;;
attr_792;pim_catalog_file;attr_gr_8;"Deleniti provident nemo.";"Nihil excepturi.";0;0;pdf,png;;
attr_793;pim_catalog_boolean;attr_gr_18;"Voluptas veniam quisquam.";"Aut ea.";0;0;;;
attr_794;pim_catalog_multiselect;attr_gr_5;"Dolores est.";"Aut corrupti consequatur.";0;0;;;
attr_795;pim_catalog_file;attr_gr_19;"Debitis sed.";"Neque odit.";0;0;png,pdf;;
attr_796;pim_catalog_multiselect;attr_gr_13;"Voluptatem mollitia.";"Ad nihil.";0;0;;;
attr_797;pim_catalog_file;attr_gr_7;"Molestiae voluptates.";"Sint minima.";0;0;png,jpg;;
attr_798;pim_catalog_metric;attr_gr_19;"Recusandae saepe.";"Omnis ratione nesciunt.";0;0;;Length;METER
attr_799;pim_catalog_text;attr_gr_7;"Doloribus illo.";"Vitae id pariatur.";0;0;;;
attr_800;pim_catalog_boolean;attr_gr_0;"Ratione delectus tenetur.";"Et voluptatem alias.";0;0;;;
attr_801;pim_catalog_number;attr_gr_8;"Dignissimos eum odio.";"Possimus et.";0;0;;;
attr_802;pim_catalog_text;attr_gr_16;"Pariatur debitis perferendis.";"Non dignissimos.";0;0;;;
attr_803;pim_catalog_file;attr_gr_12;"Nihil ullam.";"Sed rem totam.";0;0;jpg,pdf;;
attr_804;pim_catalog_image;attr_gr_19;"Quidem blanditiis.";"Accusamus in.";0;0;jpg,pdf;;
attr_805;pim_catalog_multiselect;attr_gr_17;"Ea nesciunt.";"Eos exercitationem.";0;0;;;
attr_806;pim_catalog_boolean;attr_gr_4;"Ex voluptatem ut.";"Repellat laboriosam.";0;0;;;
attr_807;pim_catalog_image;attr_gr_7;"Vero ut repellat.";"Quia enim ullam.";0;0;png,pdf;;
attr_808;pim_catalog_date;attr_gr_14;"Reiciendis qui itaque.";"Delectus cum.";0;0;;;
attr_809;pim_catalog_boolean;attr_gr_0;"Rem suscipit.";"Sunt molestiae.";0;0;;;
attr_810;pim_catalog_price_collection;attr_gr_4;"Magni est consectetur.";"Itaque aut quia.";0;0;;;
attr_811;pim_catalog_text;attr_gr_14;"Et et.";"Et dicta in.";0;0;;;
attr_812;pim_catalog_image;attr_gr_16;"Est neque qui.";"Aperiam recusandae et.";0;0;png,jpg;;
attr_813;pim_catalog_textarea;attr_gr_7;"Sunt et.";"Quaerat et quia.";0;0;;;
attr_814;pim_catalog_simpleselect;attr_gr_12;"Enim consectetur soluta.";"Velit ab.";0;0;;;
attr_815;pim_catalog_metric;attr_gr_5;"Iste officiis.";"Excepturi et dolorem.";0;0;;Length;METER
attr_816;pim_catalog_textarea;attr_gr_4;"Natus rerum expedita.";"Consequatur et.";0;0;;;
attr_817;pim_catalog_boolean;attr_gr_3;"Numquam aut in.";"Ut et dolore.";0;0;;;
attr_818;pim_catalog_boolean;attr_gr_14;"A nostrum eius.";"Incidunt quam.";0;0;;;
attr_819;pim_catalog_simpleselect;attr_gr_16;"Voluptatem atque.";"Sint provident eaque.";0;0;;;
attr_820;pim_catalog_multiselect;attr_gr_7;"Voluptatem omnis.";"Beatae quo illo.";0;0;;;
attr_821;pim_catalog_image;attr_gr_11;"Eos quia.";"Accusantium qui modi.";0;0;png,pdf;;
attr_822;pim_catalog_multiselect;attr_gr_12;"Corporis facere.";"Eveniet possimus.";0;0;;;
attr_823;pim_catalog_image;attr_gr_0;"Dolorum sapiente.";"Dolore officia fugit.";0;0;pdf,png;;
attr_824;pim_catalog_number;attr_gr_4;"Minima quae.";"Et et fugiat.";0;0;;;
attr_825;pim_catalog_text;attr_gr_4;"Voluptatem quia.";"Omnis sit.";0;0;;;
attr_826;pim_catalog_metric;attr_gr_2;"Quaerat voluptatem.";"Modi ex recusandae.";0;0;;Length;METER
attr_827;pim_catalog_simpleselect;attr_gr_14;"Dolor autem.";"Animi et.";0;0;;;
attr_828;pim_catalog_date;attr_gr_17;"Sit esse.";"Voluptate tenetur.";0;0;;;
attr_829;pim_catalog_simpleselect;attr_gr_16;"Deleniti a.";"Est quia.";0;0;;;
attr_830;pim_catalog_simpleselect;attr_gr_4;"Quia repellat mollitia.";"Quia et.";0;0;;;
attr_831;pim_catalog_price_collection;attr_gr_6;"Commodi nesciunt.";"Dolorum repellat rerum.";0;0;;;
attr_832;pim_catalog_textarea;attr_gr_10;"Deserunt ipsa.";"Voluptatem facere.";0;0;;;
attr_833;pim_catalog_textarea;attr_gr_14;"Est velit atque.";"Veritatis est.";0;0;;;
attr_834;pim_catalog_multiselect;attr_gr_6;"Impedit quia qui.";"Laborum ut.";0;0;;;
attr_835;pim_catalog_boolean;attr_gr_9;"Veritatis rerum architecto.";"Consequatur voluptates.";0;0;;;
attr_836;pim_catalog_simpleselect;attr_gr_9;"Harum in itaque.";"Sit laudantium.";0;0;;;
attr_837;pim_catalog_text;attr_gr_0;"Incidunt dolorem in.";"Animi omnis quas.";0;0;;;
attr_838;pim_catalog_textarea;attr_gr_4;"Doloremque voluptatem animi.";"Voluptas sit.";0;0;;;
attr_839;pim_catalog_image;attr_gr_10;"Accusamus assumenda beatae.";"Quas voluptatem consequatur.";0;0;pdf,jpg;;
attr_840;pim_catalog_number;attr_gr_6;"Velit impedit sint.";"Modi tempora qui.";0;0;;;
attr_841;pim_catalog_simpleselect;attr_gr_19;"Debitis dignissimos.";"Ab quaerat.";0;0;;;
attr_842;pim_catalog_image;attr_gr_5;"Autem numquam.";"Et et.";0;0;pdf,png;;
attr_843;pim_catalog_multiselect;attr_gr_5;"Amet quidem laborum.";"Natus odio.";0;0;;;
attr_844;pim_catalog_number;attr_gr_17;"Aliquid quas est.";"Sit illo sunt.";0;0;;;
attr_845;pim_catalog_image;attr_gr_18;"Nobis sed deserunt.";"Aspernatur sint nobis.";0;0;png,jpg;;
attr_846;pim_catalog_text;attr_gr_12;"Asperiores et.";"Id expedita exercitationem.";0;0;;;
attr_847;pim_catalog_simpleselect;attr_gr_17;"Quam ipsa.";"Et quaerat asperiores.";0;0;;;
attr_848;pim_catalog_number;attr_gr_17;"Aliquam maxime.";"Saepe quam.";0;0;;;
attr_849;pim_catalog_multiselect;attr_gr_10;"Eligendi odio quibusdam.";"Laboriosam commodi dolore.";0;0;;;
attr_850;pim_catalog_text;attr_gr_19;"Aut laboriosam voluptatem.";"Quo doloribus.";0;0;;;
attr_851;pim_catalog_file;attr_gr_3;"Quod eligendi.";"Culpa assumenda adipisci.";0;0;pdf,png;;
attr_852;pim_catalog_metric;attr_gr_4;"Quia delectus quas.";"Veniam aut ea.";0;0;;Length;METER
attr_853;pim_catalog_simpleselect;attr_gr_4;"Mollitia commodi doloremque.";"Ratione sit.";0;0;;;
attr_854;pim_catalog_metric;attr_gr_18;"Cumque voluptas eveniet.";"Maxime vero est.";0;0;;Length;METER
attr_855;pim_catalog_file;attr_gr_10;"At eius minima.";"Et rerum architecto.";0;0;pdf,png;;
attr_856;pim_catalog_date;attr_gr_8;"Aliquid dolorem et.";"Cumque sunt est.";0;0;;;
attr_857;pim_catalog_price_collection;attr_gr_15;"Fuga voluptatem at.";"Omnis omnis.";0;0;;;
attr_858;pim_catalog_simpleselect;attr_gr_14;"Minima voluptates similique.";"Rem est.";0;0;;;
attr_859;pim_catalog_boolean;attr_gr_12;"Ad officiis.";"Molestiae rerum libero.";0;0;;;
attr_860;pim_catalog_date;attr_gr_7;"Sint ut.";"Culpa a numquam.";0;0;;;
attr_861;pim_catalog_file;attr_gr_3;"Eius a similique.";"Quo est.";0;0;pdf,png;;
attr_862;pim_catalog_multiselect;attr_gr_0;"Consequuntur optio.";"Nesciunt fuga.";0;0;;;
attr_863;pim_catalog_boolean;attr_gr_14;"Ut dicta sapiente.";"Et atque ea.";0;0;;;
attr_864;pim_catalog_multiselect;attr_gr_14;"Officiis in incidunt.";"Voluptatem odit praesentium.";0;0;;;
attr_865;pim_catalog_file;attr_gr_18;"Esse molestiae culpa.";"Harum tempore.";0;0;jpg,png;;
attr_866;pim_catalog_simpleselect;attr_gr_19;"Suscipit eligendi.";"Enim maxime officiis.";0;0;;;
attr_867;pim_catalog_text;attr_gr_1;"Nihil repellendus.";"Cupiditate sunt.";1;0;;;
attr_868;pim_catalog_number;attr_gr_8;"Temporibus officia.";"Odio ducimus animi.";0;0;;;
attr_869;pim_catalog_simpleselect;attr_gr_18;"Repellendus nobis.";"In alias.";0;0;;;
attr_870;pim_catalog_simpleselect;attr_gr_15;"Error illo in.";"Quia velit et.";0;0;;;
attr_871;pim_catalog_boolean;attr_gr_1;"Rerum neque.";"Amet harum.";0;0;;;
attr_872;pim_catalog_metric;attr_gr_5;"Vero et suscipit.";"Dolorem dolor ipsam.";0;0;;Length;METER
attr_873;pim_catalog_image;attr_gr_7;"Inventore aut.";"Tenetur rerum.";0;0;jpg,png;;
attr_874;pim_catalog_text;attr_gr_8;"Et eveniet est.";"Fuga rerum sit.";0;0;;;
attr_875;pim_catalog_simpleselect;attr_gr_14;"Ea dolor est.";"Sit consequatur fugit.";0;0;;;
attr_876;pim_catalog_price_collection;attr_gr_1;"Ad blanditiis aliquam.";"Rerum deserunt.";0;0;;;
attr_877;pim_catalog_image;attr_gr_5;"Non enim.";"Aut ratione magnam.";0;0;jpg,png;;
attr_878;pim_catalog_multiselect;attr_gr_8;"Sequi aspernatur alias.";"Ut commodi.";0;0;;;
attr_879;pim_catalog_boolean;attr_gr_3;"Quia excepturi odio.";"Atque voluptatem nobis.";0;0;;;
attr_880;pim_catalog_simpleselect;attr_gr_9;"Tenetur sed qui.";"Inventore quasi.";0;0;;;
attr_881;pim_catalog_multiselect;attr_gr_3;"Id quam.";"Sit ipsa.";0;0;;;
attr_882;pim_catalog_price_collection;attr_gr_1;"Ad sunt earum.";"Et ipsa inventore.";0;0;;;
attr_883;pim_catalog_metric;attr_gr_6;"Error molestiae.";"Dignissimos illum.";0;0;;Length;METER
attr_884;pim_catalog_text;attr_gr_16;"Dignissimos unde.";"Quibusdam sunt eaque.";0;0;;;
attr_885;pim_catalog_text;attr_gr_3;"Consequatur consectetur.";"Voluptatem et neque.";0;0;;;
attr_886;pim_catalog_metric;attr_gr_1;"Quia cupiditate iusto.";"Commodi quia eveniet.";0;0;;Length;METER
attr_887;pim_catalog_date;attr_gr_8;"Ut harum.";"Sed et.";0;0;;;
attr_888;pim_catalog_image;attr_gr_9;"Rem eius quia.";"Sit perferendis.";0;0;png,pdf;;
attr_889;pim_catalog_boolean;attr_gr_5;"Ex error.";"Ex voluptate.";0;0;;;
attr_890;pim_catalog_boolean;attr_gr_10;"Accusamus aliquam velit.";"Assumenda enim.";0;0;;;
attr_891;pim_catalog_image;attr_gr_16;"Tempora voluptatem.";"Occaecati aspernatur ipsa.";0;0;pdf,jpg;;
attr_892;pim_catalog_boolean;attr_gr_16;"Et autem odio.";"Ea in eum.";0;0;;;
attr_893;pim_catalog_number;attr_gr_19;"Aliquam non.";"Blanditiis ea.";0;0;;;
attr_894;pim_catalog_multiselect;attr_gr_16;"Tempora quas.";"Omnis earum consequatur.";0;0;;;
attr_895;pim_catalog_simpleselect;attr_gr_0;"Maiores in.";"Molestiae necessitatibus.";0;0;;;
attr_896;pim_catalog_price_collection;attr_gr_18;"Omnis est.";"Voluptas autem.";0;0;;;
attr_897;pim_catalog_number;attr_gr_13;"In quia dolor.";"Rerum molestiae.";0;0;;;
attr_898;pim_catalog_date;attr_gr_19;"Quo id distinctio.";"Maxime porro sed.";0;0;;;
attr_899;pim_catalog_file;attr_gr_13;"Libero odio.";"Optio laborum quia.";0;0;pdf,jpg;;
attr_900;pim_catalog_boolean;attr_gr_11;"Deleniti molestias eos.";"Exercitationem quidem ut.";0;0;;;
attr_901;pim_catalog_simpleselect;attr_gr_6;"Est delectus.";"Ea accusantium soluta.";0;0;;;
attr_902;pim_catalog_textarea;attr_gr_12;"Illum in rerum.";"Nobis adipisci nemo.";1;0;;;
attr_903;pim_catalog_number;attr_gr_18;"Cumque eligendi.";"Cupiditate eaque repellendus.";0;0;;;
attr_904;pim_catalog_simpleselect;attr_gr_1;"Amet quod molestiae.";"Est sit laborum.";0;0;;;
attr_905;pim_catalog_date;attr_gr_18;"Rerum vel odio.";"Facere quo.";0;0;;;
attr_906;pim_catalog_textarea;attr_gr_7;"Laboriosam consectetur.";"Et similique.";0;0;;;
attr_907;pim_catalog_textarea;attr_gr_4;"Sit exercitationem.";"Ut placeat voluptate.";0;0;;;
attr_908;pim_catalog_textarea;attr_gr_14;"Ullam facere.";"Ut reiciendis.";0;0;;;
attr_909;pim_catalog_image;attr_gr_11;"Labore minima.";"Laboriosam fugiat in.";0;0;pdf,png;;
attr_910;pim_catalog_file;attr_gr_6;"Maxime laboriosam.";"In est.";0;0;pdf,png;;
attr_911;pim_catalog_textarea;attr_gr_6;"Sed distinctio doloremque.";"Porro tenetur autem.";0;0;;;
attr_912;pim_catalog_number;attr_gr_17;"Necessitatibus debitis voluptate.";"Praesentium libero occaecati.";0;0;;;
attr_913;pim_catalog_text;attr_gr_10;"Reiciendis velit voluptate.";"Aut ea consequatur.";0;0;;;
attr_914;pim_catalog_multiselect;attr_gr_12;"Eum ipsam.";"Quibusdam sed accusamus.";0;0;;;
attr_915;pim_catalog_file;attr_gr_3;"Autem maxime eaque.";"Quae incidunt id.";0;0;png,jpg;;
attr_916;pim_catalog_simpleselect;attr_gr_2;"Qui ut beatae.";"Vel quas.";0;0;;;
attr_917;pim_catalog_image;attr_gr_17;"Sunt dolor qui.";"Laudantium deleniti consequatur.";0;0;pdf,png;;
attr_918;pim_catalog_text;attr_gr_12;"Voluptatem voluptas.";"Ipsum praesentium.";0;0;;;
attr_919;pim_catalog_boolean;attr_gr_14;"Omnis nobis tempora.";"Modi et cupiditate.";0;0;;;
attr_920;pim_catalog_boolean;attr_gr_16;"Rerum rerum.";"Omnis veniam.";0;0;;;
attr_921;pim_catalog_price_collection;attr_gr_19;"Quisquam dolorum explicabo.";"Quasi harum ea.";0;0;;;
attr_922;pim_catalog_file;attr_gr_18;"Tempora dignissimos.";"Saepe nemo omnis.";0;0;png,jpg;;
attr_923;pim_catalog_text;attr_gr_0;"Quidem enim sint.";"Corrupti aliquid.";0;0;;;
attr_924;pim_catalog_text;attr_gr_1;"Quos nihil cumque.";"Perferendis sequi.";0;0;;;
attr_925;pim_catalog_metric;attr_gr_4;"Rerum quaerat.";"Velit sed.";0;0;;Length;METER
attr_926;pim_catalog_price_collection;attr_gr_2;"Explicabo dolor.";"Eos voluptate.";0;0;;;
attr_927;pim_catalog_file;attr_gr_6;"Nobis repellendus.";"Autem et.";0;0;png,jpg;;
attr_928;pim_catalog_file;attr_gr_16;"Repellat vero.";"Doloremque numquam maxime.";0;0;png,jpg;;
attr_929;pim_catalog_metric;attr_gr_14;"Laboriosam repudiandae.";"Perferendis doloremque rem.";0;0;;Length;METER
attr_930;pim_catalog_file;attr_gr_8;"Eaque omnis voluptatum.";"Dolores vero sed.";0;0;pdf,png;;
attr_931;pim_catalog_file;attr_gr_9;"Aut eos.";"Ipsa ducimus.";0;0;jpg,png;;
attr_932;pim_catalog_boolean;attr_gr_11;"Voluptas vitae.";"Sit explicabo.";0;0;;;
attr_933;pim_catalog_file;attr_gr_1;"Eum occaecati.";"Ab tenetur.";0;0;jpg,png;;
attr_934;pim_catalog_metric;attr_gr_5;"Qui aut illo.";"Consectetur placeat eum.";0;0;;Length;METER
attr_935;pim_catalog_textarea;attr_gr_11;"Necessitatibus omnis.";"Eveniet deserunt magnam.";0;0;;;
attr_936;pim_catalog_price_collection;attr_gr_12;"Harum esse perspiciatis.";"Ipsam ipsum.";0;0;;;
attr_937;pim_catalog_metric;attr_gr_4;"Dicta ut.";"Voluptatem occaecati distinctio.";0;0;;Length;METER
attr_938;pim_catalog_simpleselect;attr_gr_10;"Repellendus et doloremque.";"Qui dolorem.";0;0;;;
attr_939;pim_catalog_metric;attr_gr_18;"Quibusdam animi.";"Dolores vero libero.";0;0;;Length;METER
attr_940;pim_catalog_boolean;attr_gr_4;"Rerum ratione.";"Voluptatem delectus adipisci.";0;0;;;
attr_941;pim_catalog_multiselect;attr_gr_8;"Voluptatum rerum.";"Qui ratione.";0;0;;;
attr_942;pim_catalog_date;attr_gr_8;"Et possimus omnis.";"Quisquam cum dolorum.";0;0;;;
attr_943;pim_catalog_file;attr_gr_9;"In neque error.";"Aliquid vel praesentium.";0;0;pdf,jpg;;
attr_944;pim_catalog_textarea;attr_gr_14;"Commodi laboriosam.";"Incidunt qui.";0;0;;;
attr_945;pim_catalog_date;attr_gr_6;"Minus totam.";"Eum animi.";0;0;;;
attr_946;pim_catalog_multiselect;attr_gr_6;"Ipsum placeat et.";"Aliquid quod quo.";0;0;;;
attr_947;pim_catalog_date;attr_gr_11;"Velit suscipit.";"Excepturi sint.";0;0;;;
attr_948;pim_catalog_price_collection;attr_gr_0;"Harum molestiae incidunt.";"Architecto unde architecto.";0;0;;;
attr_949;pim_catalog_number;attr_gr_16;"Dicta dolore.";"Et quod voluptate.";0;0;;;
attr_950;pim_catalog_textarea;attr_gr_19;"Accusantium inventore.";"Et neque.";0;0;;;
attr_951;pim_catalog_file;attr_gr_17;"Quia sed.";"Odit dolores.";0;0;jpg,pdf;;
attr_952;pim_catalog_date;attr_gr_5;"Mollitia possimus enim.";"Quasi perferendis et.";0;0;;;
attr_953;pim_catalog_number;attr_gr_8;"Optio blanditiis quod.";"Et eos.";0;0;;;
attr_954;pim_catalog_file;attr_gr_4;"Itaque enim.";"Impedit veritatis laborum.";0;0;png,jpg;;
attr_955;pim_catalog_date;attr_gr_12;"Quo consequatur delectus.";"Repellendus fugiat dolorem.";0;0;;;
attr_956;pim_catalog_boolean;attr_gr_11;"Accusantium minima aut.";"Ratione voluptatem eum.";0;0;;;
attr_957;pim_catalog_metric;attr_gr_0;"Voluptatem dignissimos fuga.";"Quis eaque.";0;0;;Length;METER
attr_958;pim_catalog_multiselect;attr_gr_0;"Repellat reiciendis non.";"Aperiam neque quo.";0;0;;;
attr_959;pim_catalog_multiselect;attr_gr_5;"Dolor rerum.";"Illo voluptatum velit.";0;0;;;
attr_960;pim_catalog_boolean;attr_gr_9;"Id quaerat.";"Rerum amet.";0;0;;;
attr_961;pim_catalog_textarea;attr_gr_13;"Id a.";"Ad eos.";0;0;;;
attr_962;pim_catalog_file;attr_gr_12;"Quis assumenda et.";"Sed ut officiis.";0;0;jpg,png;;
attr_963;pim_catalog_image;attr_gr_1;"Corrupti maiores.";"Qui magnam et.";0;0;png,jpg;;
attr_964;pim_catalog_simpleselect;attr_gr_8;"Pariatur tenetur accusantium.";"Dolore molestiae.";0;0;;;
attr_965;pim_catalog_textarea;attr_gr_4;"Quae sint.";"Aut aut.";0;0;;;
attr_966;pim_catalog_simpleselect;attr_gr_3;"Quia atque.";"Dolor sit sit.";0;0;;;
attr_967;pim_catalog_boolean;attr_gr_0;"Odit qui aut.";"Dolorum labore et.";0;0;;;
attr_968;pim_catalog_price_collection;attr_gr_2;"Quidem quia maiores.";"Aut adipisci nihil.";0;0;;;
attr_969;pim_catalog_price_collection;attr_gr_17;"Aut et accusamus.";"Eaque eius.";0;0;;;
attr_970;pim_catalog_number;attr_gr_15;"Tenetur vero.";"Aut et explicabo.";0;0;;;
attr_971;pim_catalog_simpleselect;attr_gr_12;"Provident voluptatibus.";"Est consequatur.";0;0;;;
attr_972;pim_catalog_image;attr_gr_9;"Non quam esse.";"Cum illo.";0;0;jpg,pdf;;
attr_973;pim_catalog_metric;attr_gr_8;"Architecto voluptas aut.";"Id praesentium fuga.";0;0;;Length;METER
attr_974;pim_catalog_price_collection;attr_gr_6;"Atque et qui.";"Nisi aut error.";0;0;;;
attr_975;pim_catalog_number;attr_gr_0;"Earum voluptatibus nostrum.";"Veniam voluptas.";0;0;;;
attr_976;pim_catalog_text;attr_gr_6;"Non omnis.";"Illo sed tempore.";0;0;;;
attr_977;pim_catalog_price_collection;attr_gr_13;"Quis ab enim.";"Doloribus sequi eveniet.";0;0;;;
attr_978;pim_catalog_textarea;attr_gr_15;"Magni ipsum.";"Dicta voluptatibus.";0;0;;;
attr_979;pim_catalog_number;attr_gr_1;"Labore impedit.";"Est mollitia.";0;0;;;
attr_980;pim_catalog_boolean;attr_gr_15;"Corrupti nemo eligendi.";"Laboriosam placeat.";0;0;;;
attr_981;pim_catalog_number;attr_gr_12;"Tempora sed eligendi.";"Aut nobis natus.";0;0;;;
attr_982;pim_catalog_image;attr_gr_15;"Numquam reprehenderit.";"Est laborum dolore.";0;0;png,jpg;;
attr_983;pim_catalog_text;attr_gr_6;"Eos non.";"Est exercitationem blanditiis.";0;0;;;
attr_984;pim_catalog_boolean;attr_gr_10;"Odit accusantium doloremque.";"Voluptas tempore.";0;0;;;
attr_985;pim_catalog_text;attr_gr_9;"Est mollitia quo.";"Ducimus cum.";0;0;;;
attr_986;pim_catalog_multiselect;attr_gr_16;"Voluptas repudiandae.";"Iure quia libero.";0;0;;;
attr_987;pim_catalog_price_collection;attr_gr_4;"Nihil omnis.";"Distinctio et.";0;0;;;
attr_988;pim_catalog_date;attr_gr_3;"Et culpa in.";"Accusantium repellat.";0;0;;;
attr_989;pim_catalog_file;attr_gr_2;"Est eos.";"Sit ratione ut.";0;0;jpg,png;;
attr_990;pim_catalog_number;attr_gr_12;"Sit rem.";"Autem ad.";0;0;;;
attr_991;pim_catalog_file;attr_gr_4;"Pariatur nesciunt harum.";"Et ullam.";0;0;jpg,pdf;;
attr_992;pim_catalog_multiselect;attr_gr_3;"Non aspernatur.";"Ut debitis facilis.";1;0;;;
attr_993;pim_catalog_text;attr_gr_8;"Neque assumenda.";"Recusandae sed voluptas.";0;0;;;
attr_994;pim_catalog_number;attr_gr_5;"Eligendi consequuntur in.";"Sed beatae est.";0;0;;;
attr_995;pim_catalog_metric;attr_gr_11;"Incidunt necessitatibus.";"Eaque dolore aperiam.";0;0;;Length;METER
attr_996;pim_catalog_number;attr_gr_19;"Suscipit rem dignissimos.";"Qui cupiditate.";0;0;;;
attr_997;pim_catalog_simpleselect;attr_gr_5;"Maxime voluptatem.";"A eius.";0;0;;;
attr_998;pim_catalog_number;attr_gr_13;"Sint vel exercitationem.";"Itaque rerum.";1;0;;;
attr_999;pim_catalog_number;attr_gr_2;"Et sunt veniam.";"Vitae beatae.";0;0;;;
