code;axis;type;label-en_US;attr_0;attr_66;attr_39;attr_3;attr_29;attr_58;attr_88;attr_20;name
variant_group_0;attr_8,attr_7;VARIANT;enim;"sed perferendis dicta";"recusandae saepe rerum";"dicta est voluptatem";;;;;;
variant_group_1;attr_12,attr_54;VARIANT;est;;"omnis ut temporibus";;"et ea laborum";"voluptatem accusantium sit";;;;
variant_group_2;attr_8,attr_25;VARIANT;ex;"qui harum in";;;;;"ex dolorem qui";"voluptas eum deleniti";;
variant_group_3;attr_12,attr_85;VARIANT;repellendus;;"voluptatibus asperiores repellendus";;"saepe nisi a";;;;"voluptatum quidem quia";
variant_group_4;attr_30,attr_8;VARIANT;animi;"numquam aut nemo";"beatae rerum repudiandae";;;"fugit et dolorum";;;;
variant_group_5;attr_43,attr_30;VARIANT;fugit;"natus aut quaerat";;"molestiae quae totam";;;;;;"nostrum culpa et"
variant_group_6;attr_85,attr_7;VARIANT;et;;;;"accusamus dolor inventore";;"nihil asperiores provident";"voluptatem qui adipisci";;
variant_group_7;attr_12,attr_80;VARIANT;aperiam;;"omnis omnis rerum";;"nihil consequuntur est";;;;"enim autem cupiditate";
variant_group_8;attr_54,attr_7;VARIANT;dolor;;;;;"eos deleniti provident";"et et est";;"ea autem facilis";
variant_group_9;attr_85,attr_96;VARIANT;iure;;"ut quo libero";;;"eos tenetur sunt";;"ex beatae rem";;
variant_group_10;attr_54,attr_80;VARIANT;reprehenderit;;;;;"ipsam rerum quia";"facere commodi iure";"et qui autem";;
variant_group_11;attr_8,attr_7;VARIANT;rerum;"ipsa sapiente unde";"aliquid voluptas quo";"molestiae id architecto";;;;;;
variant_group_12;attr_12,attr_85;VARIANT;consequatur;;;;"fugiat sed quisquam";;"reprehenderit esse sunt";"nihil omnis aliquam";;
variant_group_13;attr_43,attr_80;VARIANT;possimus;;;"qui est quis";"est aut tempora";;"voluptas exercitationem ad";;;
variant_group_14;attr_7,attr_43;VARIANT;corporis;;;;"sint eius sequi";;;"harum esse dolorum";;"error veritatis dolore"
variant_group_15;attr_30,attr_80;VARIANT;temporibus;"voluptate sit adipisci";;;;"est numquam dicta";;;;"voluptatem exercitationem iusto"
variant_group_16;attr_85,attr_80;VARIANT;officiis;;;;"iste sunt sed";;"et aperiam voluptatem";"id sapiente mollitia";;
variant_group_17;attr_43,attr_12;VARIANT;deserunt;;;;"vel hic saepe";"tempora tenetur libero";;;;"ut quibusdam vel"
variant_group_18;attr_7,attr_54;VARIANT;est;;;;"qui et deleniti";;"itaque qui enim";;;"nobis voluptas nisi"
variant_group_19;attr_85,attr_25;VARIANT;quos;"maiores autem dolorum";;;;"non est animi";;"consequatur ipsum veniam";;
variant_group_20;attr_30,attr_43;VARIANT;exercitationem;;;;;;"quis asperiores enim";"sit deleniti esse";"molestiae perspiciatis magni";
variant_group_21;attr_7,attr_80;VARIANT;eum;"soluta rerum aut";;;;;;;"non totam excepturi";"est aut nulla"
variant_group_22;attr_85,attr_54;VARIANT;ipsum;"est et sit";"libero quis consequatur";;"officiis aut soluta";;;;;
variant_group_23;attr_8,attr_7;VARIANT;et;"doloremque molestiae cumque";;"necessitatibus rem eos";;;;;"sed odio aut";
variant_group_24;attr_8,attr_54;VARIANT;dolorem;"harum corporis vitae";"voluptatibus quibusdam et";;"cupiditate facere ut";;;;;
variant_group_25;attr_12,attr_7;VARIANT;veritatis;;;"neque ad blanditiis";"dicta voluptas voluptatem";;;"distinctio sint voluptatem";;
variant_group_26;attr_80,attr_96;VARIANT;consequuntur;"possimus quos possimus";"rerum voluptatem quo";;;"magni voluptatibus deserunt";;;;
variant_group_27;attr_12,attr_54;VARIANT;praesentium;;"quo illum numquam";"dolore facilis facere";"soluta iusto repudiandae";;;;;
variant_group_28;attr_8,attr_25;VARIANT;non;"aut voluptatem sit";"id reprehenderit et";;;;;"eaque assumenda ipsum";;
variant_group_29;attr_80,attr_12;VARIANT;pariatur;"dolor vel voluptatem";;;;"voluptatum reiciendis ipsum";"numquam laudantium quo";;;
variant_group_30;attr_96,attr_8;VARIANT;mollitia;"sit vitae eos";;;;;;"sequi fugiat occaecati";"minus porro assumenda";
variant_group_31;attr_85,attr_7;VARIANT;ipsa;;"consequatur aut ducimus";"consectetur sapiente veniam";"harum neque molestiae";;;;;
variant_group_32;attr_54,attr_12;VARIANT;ut;;;"ullam dolorem sit";;;"qui recusandae asperiores";"dolorem ducimus officiis";;
variant_group_33;attr_80,attr_43;VARIANT;dolore;"et dolore dolores";;;;"quas minima sed";"perspiciatis sed omnis";;;
variant_group_34;attr_8,attr_80;VARIANT;quia;"facere nesciunt harum";;;;;;"porro eos eligendi";"quidem voluptatem quidem";
variant_group_35;attr_7,attr_54;VARIANT;voluptatem;;"sequi adipisci nihil";;;;;;"omnis temporibus eaque";"cum quidem non"
variant_group_36;attr_8,attr_85;VARIANT;et;"illum debitis voluptatem";;;"adipisci est molestias";"non blanditiis assumenda";;;;
variant_group_37;attr_80,attr_85;VARIANT;veritatis;;;;;;"dolorem voluptates omnis";"qui est dolor";"fugiat ut consequatur";
variant_group_38;attr_96,attr_30;VARIANT;et;;;"non quibusdam ipsa";"autem error distinctio";;;"ea aperiam laborum";;
variant_group_39;attr_25,attr_80;VARIANT;ea;;;"quisquam eos sit";;;"ut aliquam nemo";;"qui pariatur praesentium";
variant_group_40;attr_25,attr_8;VARIANT;fuga;;;;"magni et officiis";;"illo architecto doloremque";"eos aspernatur esse";;
variant_group_41;attr_7,attr_25;VARIANT;dolorem;;"fugit et et";;;;"pariatur deleniti fugiat";;;"sit accusantium qui"
variant_group_42;attr_7,attr_85;VARIANT;qui;;;"quo et quos";;"maxime illum omnis";;;;"illum reiciendis accusantium"
variant_group_43;attr_7,attr_30;VARIANT;consequatur;"sunt nostrum ut";;;;"numquam et eos";;;;"velit cupiditate deserunt"
variant_group_44;attr_7,attr_25;VARIANT;eum;;;;"cum aperiam voluptatem";;"ex qui quis";;;"veritatis voluptatem similique"
variant_group_45;attr_54,attr_43;VARIANT;aut;;;"officia sit similique";;;;"perspiciatis et rerum";"quidem perferendis corporis";
variant_group_46;attr_96,attr_7;VARIANT;laborum;;;"perspiciatis distinctio ullam";"quia ipsa in";;;"et fugiat voluptas";;
variant_group_47;attr_12,attr_96;VARIANT;autem;;"distinctio numquam voluptatem";"autem aut magni";"tenetur quia vel";;;;;
variant_group_48;attr_30,attr_8;VARIANT;tempore;"ea tenetur facere";;;;"delectus facilis est";;;"quia ex veritatis";
variant_group_49;attr_30,attr_8;VARIANT;eligendi;;"sint et expedita";;;;"beatae eligendi eum";;"dolores consequuntur quidem";
variant_group_50;attr_80,attr_12;VARIANT;sequi;;"voluptate odio reprehenderit";;;;"quis magnam est";"laborum voluptatem aliquid";;
variant_group_51;attr_43,attr_12;VARIANT;quibusdam;;;"consequatur error veritatis";"vel rerum deleniti";"enim architecto autem";;;;
variant_group_52;attr_12,attr_25;VARIANT;voluptate;"possimus autem aut";"natus voluptatum assumenda";;"nostrum vel repudiandae";;;;;
variant_group_53;attr_54,attr_80;VARIANT;rerum;;;"nihil quia quisquam";"ut qui ducimus";;;"sed quos aperiam";;
variant_group_54;attr_30,attr_12;VARIANT;necessitatibus;;;;;"recusandae atque maxime";;"velit eligendi deleniti";"ullam qui quidem";
variant_group_55;attr_8,attr_96;VARIANT;dicta;"delectus ut quas";;"dolorem sit fugiat";"recusandae numquam error";;;;;
variant_group_56;attr_8,attr_30;VARIANT;animi;"quos qui error";;;;;;"aut quia officia";"atque eum voluptas";
variant_group_57;attr_30,attr_96;VARIANT;officia;;;;;"itaque repellendus qui";;"dolores autem explicabo";;"voluptas ut blanditiis"
variant_group_58;attr_80,attr_43;VARIANT;aut;"quos explicabo vitae";;;;;"excepturi et ex";"et fuga sit";;
variant_group_59;attr_54,attr_80;VARIANT;sit;;;"temporibus quaerat aperiam";"rerum itaque aut";;;;;"est deleniti voluptate"
variant_group_60;attr_12,attr_96;VARIANT;natus;;;;"earum consequuntur id";"nam et dolores";;;"enim voluptatum dolorem";
variant_group_61;attr_43,attr_96;VARIANT;eligendi;"fugiat omnis aspernatur";;;"eum ipsam aut";"reiciendis perspiciatis pariatur";;;;
variant_group_62;attr_80,attr_25;VARIANT;cumque;;"rerum ipsam fuga";;;"occaecati ut molestiae";"ullam sunt ut";;;
variant_group_63;attr_7,attr_54;VARIANT;esse;"esse incidunt sint";;;"est nihil sequi";;;;;"laborum ad voluptatem"
variant_group_64;attr_43,attr_8;VARIANT;nemo;;"atque velit qui";;;"sit et quae";;;;"quia natus a"
variant_group_65;attr_7,attr_30;VARIANT;officiis;;;;"illo enim qui";;;"inventore nulla tempore";;"quam error ratione"
variant_group_66;attr_25,attr_7;VARIANT;deleniti;;;;;"neque expedita autem";;"dignissimos quam esse";"aperiam sapiente quas";
variant_group_67;attr_8,attr_12;VARIANT;ducimus;"modi earum velit";;;;"tempore distinctio aut";;;"necessitatibus eaque aut";
variant_group_68;attr_54,attr_96;VARIANT;quia;;;"delectus voluptas tenetur";;;"harum ut hic";;;"aut aut ducimus"
variant_group_69;attr_80,attr_30;VARIANT;laudantium;;;;"qui vel illum";;"laudantium quod doloribus";;"repellendus qui ipsum";
variant_group_70;attr_7,attr_43;VARIANT;tempore;"consequatur nemo ut";;;;;"voluptatem non officia";;;"sed commodi consequatur"
variant_group_71;attr_25,attr_96;VARIANT;minima;;"voluptas pariatur ut";"molestiae non non";;;;;"voluptatibus et hic";
variant_group_72;attr_80,attr_96;VARIANT;a;;;;;"ducimus occaecati praesentium";"nihil non voluptas";;"earum dolores aut";
variant_group_73;attr_12,attr_25;VARIANT;quia;"enim deserunt maiores";;;;;"doloribus odit recusandae";;"magnam nobis est";
variant_group_74;attr_30,attr_54;VARIANT;eligendi;;;"fugiat autem quo";"nam voluptas eos";"eligendi eos nostrum";;;;
variant_group_75;attr_85,attr_80;VARIANT;animi;"velit illum nulla";"porro qui dolorum";;;"fugit nobis numquam";;;;
variant_group_76;attr_85,attr_8;VARIANT;placeat;;"ipsum pariatur enim";"nemo qui at";;;;;"aspernatur repudiandae quod";
variant_group_77;attr_80,attr_54;VARIANT;et;;"id cum est";"illo quis est";"aut consequatur esse";;;;;
variant_group_78;attr_54,attr_96;VARIANT;quibusdam;;;"molestiae asperiores perspiciatis";"eum consequuntur enim";;;;;"et facilis a"
variant_group_79;attr_43,attr_12;VARIANT;a;;;;;"dolore voluptates delectus";;;"porro aut et";"ab et ipsam"
variant_group_80;attr_8,attr_85;VARIANT;consequatur;"eum sed ea";;"quisquam autem pariatur";;;;;;"accusamus necessitatibus aliquid"
variant_group_81;attr_96,attr_7;VARIANT;sunt;;;"ex omnis nulla";;;"voluptatem sed nisi";"accusantium iusto fugit";;
variant_group_82;attr_85,attr_7;VARIANT;placeat;"et eligendi culpa";"debitis vitae voluptatem";;;"delectus similique aut";;;;
variant_group_83;attr_54,attr_96;VARIANT;non;;"qui cumque adipisci";"nam aut ab";;;"earum sunt quam";;;
variant_group_84;attr_12,attr_30;VARIANT;rerum;;;;"quam nihil perspiciatis";"quidem a quia";;;;"qui dolores iste"
variant_group_85;attr_12,attr_8;VARIANT;eaque;"voluptas eum repellendus";"quo facilis dignissimos";;"quia ut et";;;;;
variant_group_86;attr_12,attr_25;VARIANT;fugit;;;"autem sed qui";"ipsam saepe pariatur";;;;;"magni sint voluptatem"
variant_group_87;attr_25,attr_12;VARIANT;eum;;"aut nihil inventore";;"quaerat quia ut";;"magni magnam officiis";;;
variant_group_88;attr_30,attr_85;VARIANT;quia;;;;"corrupti et est";"necessitatibus impedit et";"officia animi accusantium";;;
variant_group_89;attr_85,attr_7;VARIANT;voluptates;;"ipsa cupiditate repudiandae";;"dolorem amet eaque";;;"fugit et quos";;
variant_group_90;attr_80,attr_85;VARIANT;quibusdam;;"vero et sequi";;;"et sed voluptas";"et ad ipsum";;;
variant_group_91;attr_80,attr_7;VARIANT;et;"quis neque qui";"beatae non error";;"quasi vitae officia";;;;;
variant_group_92;attr_8,attr_80;VARIANT;autem;"temporibus omnis eveniet";"autem qui facere";;;;"porro magni non";;;
variant_group_93;attr_12,attr_80;VARIANT;architecto;;;;"voluptas doloribus ut";"mollitia quia ut";;;"ea ullam qui";
variant_group_94;attr_12,attr_85;VARIANT;animi;;"voluptas velit tenetur";"nisi distinctio sint";"consequatur sit aut";;;;;
variant_group_95;attr_7,attr_8;VARIANT;nihil;;"amet nisi ad";;;;;;"et perferendis totam";"aut ut facilis"
variant_group_96;attr_8,attr_85;VARIANT;doloremque;"voluptas et ut";"molestiae deleniti velit";;;;;;;"aspernatur quam est"
variant_group_97;attr_43,attr_96;VARIANT;ut;;;"sint voluptatem officiis";;"a laboriosam commodi";;"quia quis laboriosam";;
variant_group_98;attr_30,attr_8;VARIANT;odit;;;;"odit explicabo libero";"sed voluptas voluptas";;;"doloribus sed ut";
variant_group_99;attr_85,attr_43;VARIANT;qui;;"laborum dolor fugit";;;;;"culpa voluptatum distinctio";"perferendis ut harum";
variant_group_100;attr_54,attr_96;VARIANT;expedita;;;"asperiores blanditiis et";"minus dignissimos beatae";"natus et ratione";;;;
variant_group_101;attr_85,attr_8;VARIANT;voluptatem;;"adipisci est ea";;"labore aliquam dolor";;"quia beatae adipisci";;;
variant_group_102;attr_7,attr_80;VARIANT;saepe;;;;"quia aut distinctio";"error aut velit";;;;"possimus corporis animi"
variant_group_103;attr_12,attr_25;VARIANT;esse;;;;"consequatur voluptatem eveniet";;;"sapiente ducimus excepturi";;"consectetur eum iste"
variant_group_104;attr_80,attr_12;VARIANT;ad;"dolorem aliquam aliquid";"et rerum laboriosam";;;;"cumque in qui";;;
variant_group_105;attr_8,attr_54;VARIANT;recusandae;"cum et quibusdam";"neque dolorum et";;;"iure omnis nihil";;;;
variant_group_106;attr_85,attr_96;VARIANT;sint;;"voluptatibus esse tenetur";;;;"omnis atque accusantium";;;"omnis veritatis voluptates"
variant_group_107;attr_30,attr_80;VARIANT;officia;"dolores aut perferendis";;;;"quisquam sunt necessitatibus";;;"qui aliquam est";
variant_group_108;attr_25,attr_80;VARIANT;sunt;;;;"impedit rerum minima";"illo nihil et";;;"totam mollitia praesentium";
variant_group_109;attr_54,attr_85;VARIANT;voluptatem;;"unde illo voluptates";"est sed suscipit";;;"eveniet ducimus nihil";;;
variant_group_110;attr_7,attr_85;VARIANT;aut;;;;;;"dignissimos omnis earum";;"illum voluptas labore";"saepe officiis non"
variant_group_111;attr_7,attr_85;VARIANT;sed;;;;;;;"qui exercitationem sed";"magni aspernatur delectus";"rerum debitis doloribus"
variant_group_112;attr_25,attr_85;VARIANT;necessitatibus;;;"iure voluptas autem";"nemo officiis sint";;;"pariatur est veniam";;
variant_group_113;attr_85,attr_30;VARIANT;non;;"praesentium quia error";;;"et unde placeat";;;"incidunt ipsum sit";
variant_group_114;attr_54,attr_96;VARIANT;et;"non molestiae aspernatur";;"doloribus cupiditate impedit";;;;;"velit aliquid sit";
variant_group_115;attr_7,attr_30;VARIANT;quis;"perferendis quia dolores";;;;;;;"quia veritatis eum";"voluptate ad qui"
variant_group_116;attr_54,attr_7;VARIANT;repellendus;;;"aspernatur consequatur vel";"illo sit aliquid";;;"harum beatae adipisci";;
variant_group_117;attr_54,attr_25;VARIANT;molestiae;;"aut cumque sit";;;"eos blanditiis ut";"tempore nemo est";;;
variant_group_118;attr_25,attr_85;VARIANT;quia;;;"molestias qui hic";"nulla molestiae atque";"iusto ea ut";;;;
variant_group_119;attr_30,attr_25;VARIANT;ipsam;;;"amet culpa reprehenderit";;;;;"ut voluptas cupiditate";"consequatur quasi magnam"
variant_group_120;attr_43,attr_12;VARIANT;eius;;;"ad praesentium id";;;;"aut aliquam repellat";"voluptas eaque incidunt";
variant_group_121;attr_7,attr_8;VARIANT;ipsum;;;;"nisi repellendus laboriosam";"molestias tempora dolor";;;;"quia voluptas possimus"
variant_group_122;attr_25,attr_12;VARIANT;atque;;;;;"ducimus quis nihil";;;"labore doloribus laborum";"impedit sequi itaque"
variant_group_123;attr_25,attr_80;VARIANT;atque;;;"architecto nostrum accusamus";"repellendus rem ipsum";;;;"autem architecto eum";
variant_group_124;attr_80,attr_7;VARIANT;est;;;;;;"alias a quae";"laboriosam nostrum amet";"incidunt aut saepe";
variant_group_125;attr_30,attr_12;VARIANT;cumque;;;;;"temporibus facere a";"quia non quisquam";;"veniam blanditiis voluptate";
variant_group_126;attr_54,attr_96;VARIANT;deserunt;;;"voluptatibus unde non";;"distinctio rerum eligendi";;"vero quae quidem";;
variant_group_127;attr_96,attr_80;VARIANT;laborum;;;;;;"reiciendis et quae";"itaque quisquam commodi";;"dicta vero est"
variant_group_128;attr_85,attr_54;VARIANT;corrupti;;"expedita dolores doloribus";;;;"voluptatem at cumque";;"quo iste exercitationem";
variant_group_129;attr_54,attr_80;VARIANT;et;;;"quod deleniti dolor";;;;"minus ex ducimus";"aut ipsa delectus";
variant_group_130;attr_30,attr_8;VARIANT;velit;;;;;"aut earum ut";"facilis accusamus aut";;"commodi est totam";
variant_group_131;attr_85,attr_43;VARIANT;et;;"occaecati accusamus voluptatem";;;;;;"voluptates non atque";"repellendus dolores excepturi"
variant_group_132;attr_85,attr_12;VARIANT;laboriosam;;"magnam hic odit";"velit et magnam";;;"illum dolores nihil";;;
variant_group_133;attr_7,attr_85;VARIANT;quo;;;;;;"error odit et";;"velit reprehenderit excepturi";"pariatur eligendi eius"
variant_group_134;attr_7,attr_25;VARIANT;quia;;"sed voluptatem voluptatibus";;;;;;"error et natus";"ipsam magnam perferendis"
variant_group_135;attr_7,attr_54;VARIANT;ut;;;"adipisci tempora esse";;;;;"est earum et";"et numquam laboriosam"
variant_group_136;attr_54,attr_30;VARIANT;occaecati;;;"molestiae architecto porro";"molestiae soluta quis";;;"voluptas est tenetur";;
variant_group_137;attr_43,attr_7;VARIANT;quod;;;;;"et ut eaque";;;"dolor aut sed";"rerum deleniti mollitia"
variant_group_138;attr_80,attr_7;VARIANT;quo;"quibusdam optio et";"aperiam enim nostrum";;;"est beatae ut";;;;
variant_group_139;attr_25,attr_30;VARIANT;ratione;;;;;"maiores eveniet laudantium";"aliquam numquam magni";;"blanditiis quisquam alias";
variant_group_140;attr_30,attr_12;VARIANT;eligendi;;;;"odit et voluptas";;;"excepturi qui ea";"incidunt illo fugit";
variant_group_141;attr_80,attr_8;VARIANT;qui;;;;;"dolor deleniti provident";"eos modi quam";;;"pariatur libero aut"
variant_group_142;attr_85,attr_8;VARIANT;quisquam;;"consequuntur adipisci repellat";;;"animi consequatur consequatur";;;;"mollitia explicabo doloremque"
variant_group_143;attr_96,attr_12;VARIANT;repellat;"tenetur fugit sed";;;"laboriosam labore tempore";;;"labore qui aliquam";;
variant_group_144;attr_30,attr_96;VARIANT;aut;;"sit sunt mollitia";;;"cupiditate perferendis quia";;;"earum omnis architecto";
variant_group_145;attr_96,attr_43;VARIANT;rem;;;;"culpa ut ad";"pariatur error asperiores";;"unde esse explicabo";;
variant_group_146;attr_43,attr_85;VARIANT;tempora;"perferendis sed ea";"vel eaque iusto";"vero tenetur debitis";;;;;;
variant_group_147;attr_80,attr_85;VARIANT;aspernatur;;;"eos neque corporis";"qui molestiae ea";;"necessitatibus aut quia";;;
variant_group_148;attr_12,attr_7;VARIANT;quas;"enim adipisci numquam";;;"aperiam ut a";"ipsum ut voluptatem";;;;
variant_group_149;attr_43,attr_54;VARIANT;omnis;"qui inventore voluptatem";;;"illo eveniet debitis";"est ut non";;;;
variant_group_150;attr_12,attr_96;VARIANT;officiis;"et ut minima";"earum ullam earum";;;;"quia vitae error";;;
variant_group_151;attr_25,attr_80;VARIANT;vitae;;;"dolorem repellendus accusamus";"assumenda tenetur recusandae";"harum non perferendis";;;;
variant_group_152;attr_43,attr_30;VARIANT;dolore;;"neque omnis nihil";"ducimus doloribus tempora";;;;;;"eos nesciunt doloribus"
variant_group_153;attr_54,attr_7;VARIANT;dolorem;;;"quae sint porro";;"quo placeat vero";;"dignissimos aspernatur quasi";;
variant_group_154;attr_43,attr_80;VARIANT;maxime;;"nesciunt aliquam commodi";"minus sed sed";;;"officiis quia rem";;;
variant_group_155;attr_43,attr_80;VARIANT;iusto;;"et maiores voluptate";;;"in possimus consequuntur";;;"ipsum atque vel";
variant_group_156;attr_43,attr_12;VARIANT;possimus;"ad illo et";;"ut magnam quia";;;;;;"tempora cum nulla"
variant_group_157;attr_80,attr_25;VARIANT;aut;"accusantium velit exercitationem";"suscipit ducimus dolorem";;;;;;"qui voluptatum quam";
variant_group_158;attr_30,attr_25;VARIANT;aperiam;"ipsum dolores hic";;;;;"et delectus sequi";;"commodi et voluptatum";
variant_group_159;attr_43,attr_96;VARIANT;voluptates;;;;;"et laborum perspiciatis";"laborum voluptas ut";;"sit dolore ea";
variant_group_160;attr_30,attr_8;VARIANT;quos;;;;"nihil dignissimos officiis";;;"et voluptatibus necessitatibus";"dolorem sed id";
variant_group_161;attr_43,attr_30;VARIANT;deleniti;"voluptatem harum aliquid";;;;"iusto voluptas optio";;"libero cumque fuga";;
variant_group_162;attr_96,attr_43;VARIANT;sed;;"perspiciatis eveniet nemo";;;;"aliquam ducimus nemo";"molestias est maiores";;
variant_group_163;attr_8,attr_43;VARIANT;nesciunt;"deserunt repellat alias";;;"ut vel fugit";;;;;"sit velit autem"
variant_group_164;attr_7,attr_8;VARIANT;et;"et facere sunt";;;;"et eos consequuntur";;;;"consequuntur ullam laboriosam"
variant_group_165;attr_12,attr_8;VARIANT;illum;;"ut repellendus reiciendis";;"dolorem eveniet nostrum";;;;"eaque et assumenda";
variant_group_166;attr_12,attr_85;VARIANT;voluptatum;;"sint eligendi consequatur";;"necessitatibus id et";;;;"repudiandae ut ratione";
variant_group_167;attr_12,attr_25;VARIANT;et;;;;"quia voluptatum natus";"praesentium aut doloremque";"quia iure unde";;;
variant_group_168;attr_30,attr_96;VARIANT;nulla;"molestiae esse quas";;;"et atque odit";;;;"maiores eius aut";
variant_group_169;attr_7,attr_25;VARIANT;provident;;"quia non est";;;;;;"beatae architecto est";"explicabo suscipit id"
variant_group_170;attr_54,attr_7;VARIANT;in;"dolore et cupiditate";;;"qui non maiores";;"vitae ex quos";;;
variant_group_171;attr_8,attr_12;VARIANT;quaerat;"exercitationem autem eum";;"dolor rem magni";;;;;;"velit voluptatem unde"
variant_group_172;attr_85,attr_43;VARIANT;asperiores;;"culpa et omnis";"vitae consequatur quas";;;;"voluptatem distinctio nostrum";;
variant_group_173;attr_80,attr_85;VARIANT;aut;;"eveniet autem nisi";;;"consequatur vero rem";"ducimus aut facilis";;;
variant_group_174;attr_8,attr_54;VARIANT;voluptatem;"nam non temporibus";;;;;"voluptate soluta distinctio";;"est facilis omnis";
variant_group_175;attr_30,attr_8;VARIANT;alias;;;"sit ipsam quia";"voluptatem molestiae eaque";;;;"qui hic velit";
variant_group_176;attr_80,attr_85;VARIANT;officiis;;;;"consequatur error est";;"accusamus quod ut";;"voluptas assumenda quibusdam";
variant_group_177;attr_25,attr_12;VARIANT;ipsam;"corrupti est non";"voluptatem voluptatem odit";;;;;;"et et omnis";
variant_group_178;attr_54,attr_80;VARIANT;eligendi;;;"maxime dolorum neque";;;;"nobis rerum sunt";;"incidunt qui et"
variant_group_179;attr_7,attr_8;VARIANT;fugiat;;"et cum quos";;;;"eum quo officiis";;;"aspernatur neque laudantium"
variant_group_180;attr_85,attr_96;VARIANT;nemo;;"itaque consequatur iure";;;;;"dolores est at";"et voluptates aut";
variant_group_181;attr_54,attr_7;VARIANT;sunt;;;"eaque ea natus";;"inventore voluptatem eos";;;;"non est totam"
variant_group_182;attr_96,attr_43;VARIANT;veritatis;;;;"repudiandae perferendis debitis";;;"occaecati placeat vero";"vero in officiis";
variant_group_183;attr_30,attr_54;VARIANT;sapiente;"non qui earum";;"quia quidem nulla";;;;;"cum ut fuga";
variant_group_184;attr_96,attr_8;VARIANT;rerum;"incidunt voluptatem temporibus";"est molestiae qui";;;;;"sit vitae debitis";;
variant_group_185;attr_25,attr_85;VARIANT;fugit;;;;"corporis debitis enim";;"voluptates mollitia dolore";"tempora est sunt";;
variant_group_186;attr_7,attr_85;VARIANT;non;;;"est magni dolorum";;;;"possimus accusantium molestiae";;"illum delectus id"
variant_group_187;attr_54,attr_43;VARIANT;illo;"nobis voluptas et";;"sed sed deserunt";;;"nemo consequuntur doloribus";;;
variant_group_188;attr_7,attr_12;VARIANT;nihil;;"optio occaecati fuga";;;"est reprehenderit soluta";;;;"aut minima modi"
variant_group_189;attr_7,attr_25;VARIANT;ratione;;;"aliquam eum at";"doloremque ut enim";;;;;"nisi assumenda laudantium"
variant_group_190;attr_30,attr_54;VARIANT;quo;;;;"aut velit corrupti";"cumque enim tenetur";;;"omnis laborum deserunt";
variant_group_191;attr_96,attr_80;VARIANT;omnis;;;;"sit eos consectetur";;;"qui non asperiores";"dolorem quidem adipisci";
variant_group_192;attr_7,attr_30;VARIANT;tempora;;"unde qui ut";;;;"asperiores possimus ab";;;"velit dolorem harum"
variant_group_193;attr_25,attr_8;VARIANT;accusamus;"ut natus iusto";"praesentium quibusdam nulla";;;;;;"consequatur odit magni";
variant_group_194;attr_7,attr_54;VARIANT;sit;"ut assumenda qui";;;;;;;"molestiae distinctio consectetur";"dolorum eligendi quidem"
variant_group_195;attr_54,attr_80;VARIANT;mollitia;"itaque dolore beatae";;"et nesciunt quo";;;"id voluptates facere";;;
variant_group_196;attr_7,attr_54;VARIANT;ut;;;;"vitae et rem";;;;"qui qui sequi";"soluta dolor exercitationem"
variant_group_197;attr_85,attr_30;VARIANT;fugit;;"ea sed et";;;;;"qui sed quaerat";;"maxime quidem enim"
variant_group_198;attr_54,attr_80;VARIANT;est;"blanditiis molestias totam";;"nam minus eaque";;;"ea architecto exercitationem";;;
variant_group_199;attr_12,attr_8;VARIANT;molestias;;;;"sequi nihil id";;;"consequatur omnis corrupti";;"quisquam qui expedita"
variant_group_200;attr_25,attr_8;VARIANT;ut;;"et porro et";;;;;;"dolorem aut quam";"nam placeat illo"
variant_group_201;attr_43,attr_12;VARIANT;et;;"sint ut nisi";;;"incidunt ad animi";"harum eveniet enim";;;
variant_group_202;attr_30,attr_85;VARIANT;corrupti;;;"laboriosam numquam nisi";;"et earum possimus";;"libero ex recusandae";;
variant_group_203;attr_25,attr_12;VARIANT;doloribus;;"alias quia et";;"eos et temporibus";;;;"quis quod aliquid";
variant_group_204;attr_30,attr_43;VARIANT;est;;;;;"occaecati sit nemo";;;"debitis fugiat asperiores";"magni assumenda odio"
variant_group_205;attr_8,attr_12;VARIANT;quia;"tempora fugit dolor";"fuga quam sint";;;;;;"ut autem reiciendis";
variant_group_206;attr_30,attr_12;VARIANT;esse;;;"aut tempora soluta";;"nostrum voluptas voluptatem";;;"amet et accusamus";
variant_group_207;attr_96,attr_80;VARIANT;culpa;"eligendi quis quisquam";;;"est dolorem quos";;;"temporibus consequatur iusto";;
variant_group_208;attr_30,attr_96;VARIANT;eos;"qui aliquid commodi";;;;"hic et veniam";"officia nobis totam";;;
variant_group_209;attr_43,attr_96;VARIANT;possimus;;;;;"reiciendis inventore dolor";;"minima qui officia";;"quia ab sed"
variant_group_210;attr_80,attr_7;VARIANT;dolorem;;;;;;"et voluptas sit";;"voluptas sint perspiciatis";"minima atque sunt"
variant_group_211;attr_80,attr_54;VARIANT;et;;;;"et cupiditate et";"quas dolorem accusantium";"expedita sed minima";;;
variant_group_212;attr_12,attr_54;VARIANT;ut;;;;"fuga qui quaerat";;;"asperiores qui corrupti";"nobis omnis nobis";
variant_group_213;attr_30,attr_8;VARIANT;ut;;;"porro quaerat quidem";;"soluta ea sint";;;"quia quo quibusdam";
variant_group_214;attr_7,attr_80;VARIANT;libero;"ea maiores est";;;;;;;"cumque quidem aut";"voluptas sequi et"
variant_group_215;attr_12,attr_25;VARIANT;est;;;;"ullam dolores sed";;"enim delectus laudantium";"optio aperiam iure";;
variant_group_216;attr_80,attr_96;VARIANT;iusto;;"voluptate quis sequi";;;;"earum ex voluptas";;"corporis molestias id";
variant_group_217;attr_96,attr_43;VARIANT;accusantium;;;;;;;"qui vero recusandae";"cumque tenetur vel";"eum consectetur non"
variant_group_218;attr_7,attr_54;VARIANT;accusantium;;;;;;"eum sunt quas";;"facere vel non";"harum et dignissimos"
variant_group_219;attr_85,attr_8;VARIANT;labore;"excepturi eligendi eius";"sed quis non";;;;;"dolorem neque rem";;
variant_group_220;attr_25,attr_8;VARIANT;maxime;"voluptatem voluptate sapiente";;;;"aut eos unde";;;"fugit eveniet ut";
variant_group_221;attr_80,attr_54;VARIANT;iure;"assumenda quas voluptatem";;;;"quae quibusdam quia";"fuga cumque nulla";;;
variant_group_222;attr_25,attr_80;VARIANT;rem;"cum quos quam";;;;;;;"autem quod enim";"ea ipsum et"
variant_group_223;attr_43,attr_12;VARIANT;velit;"aut deleniti et";"nihil laboriosam id";"minima dolore est";;;;;;
variant_group_224;attr_7,attr_8;VARIANT;ducimus;;;;;"et quidem dicta";"nostrum velit earum";;;"velit velit repellat"
variant_group_225;attr_96,attr_43;VARIANT;quas;;;"eius omnis qui";;;;"ut corporis sint";"ducimus praesentium et";
variant_group_226;attr_96,attr_54;VARIANT;cumque;;;;;;"aperiam et nihil";"id omnis esse";;"labore autem est"
variant_group_227;attr_80,attr_54;VARIANT;maiores;;;;;"vel quo culpa";"est voluptatibus reiciendis";;;"et dolore eum"
variant_group_228;attr_7,attr_96;VARIANT;quibusdam;;"omnis odit perspiciatis";"eos consequatur asperiores";;;;;;"molestiae nihil occaecati"
variant_group_229;attr_80,attr_7;VARIANT;libero;;"doloremque sint sapiente";;;;"ut nulla nulla";;;"beatae delectus illo"
variant_group_230;attr_80,attr_30;VARIANT;magni;"laborum ipsum veritatis";;;;;"laudantium fugiat minus";;;"magni ratione quos"
variant_group_231;attr_85,attr_25;VARIANT;libero;"rerum quo et";"voluptas sit quidem";"molestiae quo sunt";;;;;;
variant_group_232;attr_43,attr_54;VARIANT;quia;;;"dolorum deserunt est";;"molestiae voluptates excepturi";;;"debitis aut aut";
variant_group_233;attr_85,attr_7;VARIANT;nobis;"molestiae suscipit illo";"ab soluta quisquam";;;;;;"laborum veritatis omnis";
variant_group_234;attr_8,attr_7;VARIANT;est;"explicabo sed dolores";;"adipisci voluptas aspernatur";;;;;"consequatur est neque";
variant_group_235;attr_43,attr_30;VARIANT;expedita;;;;"velit voluptate dolorum";"quam nulla minus";"a impedit veniam";;;
variant_group_236;attr_43,attr_80;VARIANT;consequatur;;;"est alias ipsum";;;"ipsa incidunt itaque";;"unde excepturi quia";
variant_group_237;attr_8,attr_43;VARIANT;hic;"voluptatem consectetur quas";;;;;"amet inventore soluta";"numquam voluptatem excepturi";;
variant_group_238;attr_80,attr_54;VARIANT;architecto;;"odit eveniet ea";;;;"possimus dolorum molestiae";;"quia adipisci accusamus";
variant_group_239;attr_25,attr_80;VARIANT;excepturi;;;"omnis placeat voluptatibus";"est dolores dignissimos";;;;"assumenda ab sit";
variant_group_240;attr_8,attr_25;VARIANT;et;"aliquid natus totam";;"aut autem accusantium";;;;;;"molestiae odio neque"
variant_group_241;attr_43,attr_54;VARIANT;modi;;"vel qui at";;;"tempore dolores qui";"libero quo eius";;;
variant_group_242;attr_96,attr_8;VARIANT;provident;;;;;;"voluptate omnis sed";"dolores nesciunt aut";"odio culpa quo";
variant_group_243;attr_80,attr_96;VARIANT;fuga;;"sed suscipit quisquam";;;;"et aperiam itaque";"tempora adipisci dolores";;
variant_group_244;attr_85,attr_30;VARIANT;odio;;"rem omnis eos";;;;"ducimus delectus sit";"quisquam enim porro";;
variant_group_245;attr_25,attr_96;VARIANT;quibusdam;;;;;;;"sint ea dolorum";"reiciendis excepturi est";"qui nemo minus"
variant_group_246;attr_85,attr_8;VARIANT;officia;;"dolor perferendis voluptatibus";"aut exercitationem qui";"consequatur corrupti magni";;;;;
variant_group_247;attr_25,attr_96;VARIANT;laborum;;;;"omnis autem dolorum";"cupiditate molestiae voluptatem";;;"repudiandae quo eveniet";
variant_group_248;attr_85,attr_7;VARIANT;voluptate;;"veritatis officia dolor";;;;;"ea cum dicta";"veniam tempore dolores";
variant_group_249;attr_43,attr_30;VARIANT;ratione;;"doloremque vitae hic";;;"rem ullam aut";;;;"est officiis dolorem"
variant_group_250;attr_43,attr_25;VARIANT;non;"voluptatem quia minus";"eum eos nostrum";;;"laboriosam assumenda fuga";;;;
variant_group_251;attr_85,attr_96;VARIANT;et;"ipsam consequatur voluptatem";;;;;"repudiandae necessitatibus consequatur";"sint laboriosam suscipit";;
variant_group_252;attr_12,attr_30;VARIANT;minus;;;;"qui aliquid dicta";;;"deleniti nihil id";"a commodi placeat";
variant_group_253;attr_7,attr_96;VARIANT;qui;;;;;"sunt et quia";"temporibus asperiores ut";;;"earum quo possimus"
variant_group_254;attr_7,attr_30;VARIANT;unde;;;;;;;"dignissimos consectetur id";"corporis ad enim";"quam expedita quasi"
variant_group_255;attr_54,attr_85;VARIANT;reprehenderit;;;"quo sint architecto";;;;"aut facere quia";"ab sed sit";
variant_group_256;attr_54,attr_30;VARIANT;culpa;;;"quos neque dolores";;"error illum unde";;;"repellat esse eos";
variant_group_257;attr_7,attr_25;VARIANT;est;;;;;"amet alias nisi";;;"provident aut unde";"ea repellendus dolorum"
variant_group_258;attr_7,attr_54;VARIANT;ut;;;"nam delectus eaque";;;;;"tempore fuga odit";"harum sint impedit"
variant_group_259;attr_30,attr_96;VARIANT;numquam;;;;;"asperiores cum corporis";"delectus voluptatem enim";;"fugit rerum earum";
variant_group_260;attr_7,attr_85;VARIANT;qui;;;;;;"aperiam ex accusamus";"voluptatem a rerum";;"aut et ipsum"
variant_group_261;attr_80,attr_96;VARIANT;eligendi;"nihil quidem nam";;;;;"itaque provident harum";"sapiente non quisquam";;
variant_group_262;attr_25,attr_43;VARIANT;aut;;;;;"excepturi consequatur molestiae";;"qui consequuntur sunt";"perspiciatis dolorum eum";
variant_group_263;attr_12,attr_7;VARIANT;ea;;"inventore aut aut";;"doloremque sint incidunt";;;"dolore non ullam";;
variant_group_264;attr_12,attr_96;VARIANT;est;"aut nulla quos";;;"ut quis voluptas";;;"sint tenetur deleniti";;
variant_group_265;attr_54,attr_80;VARIANT;ut;"occaecati quam explicabo";;;;;"possimus vel ut";;"aspernatur ut amet";
variant_group_266;attr_30,attr_85;VARIANT;vel;;;;;"vero ut officiis";"numquam occaecati consequatur";;"sit quo eligendi";
variant_group_267;attr_85,attr_96;VARIANT;quod;;"non quia ut";;;;"minus iusto sapiente";;;"culpa doloribus eum"
variant_group_268;attr_25,attr_7;VARIANT;optio;;;"quis harum ab";"aut et aut";;;;"illo unde ex";
variant_group_269;attr_8,attr_7;VARIANT;inventore;"aspernatur adipisci est";;;"a unde corrupti";;;;;"deserunt est placeat"
variant_group_270;attr_85,attr_30;VARIANT;odit;;"velit suscipit officiis";"architecto quas molestiae";;;;;;"sit delectus aperiam"
variant_group_271;attr_30,attr_85;VARIANT;tenetur;;"error aut ut";"aut magnam unde";;"nulla praesentium consequatur";;;;
variant_group_272;attr_30,attr_8;VARIANT;amet;"deserunt voluptatibus error";;;;"velit animi pariatur";;"natus voluptatem dolorum";;
variant_group_273;attr_80,attr_85;VARIANT;consequatur;"aliquam doloremque libero";"eaque cumque aut";;;;"qui dignissimos amet";;;
variant_group_274;attr_43,attr_85;VARIANT;aut;;;;;"eos ratione itaque";"et ut perferendis";;"qui aspernatur perspiciatis";
variant_group_275;attr_12,attr_7;VARIANT;soluta;;"nulla blanditiis rerum";"doloremque dicta eos";"beatae et voluptatem";;;;;
variant_group_276;attr_7,attr_8;VARIANT;quaerat;"animi laudantium dolorem";;;;;;"occaecati non natus";;"consectetur saepe consequatur"
variant_group_277;attr_85,attr_25;VARIANT;cupiditate;;"suscipit esse quis";;;"fuga vel alias";"eum aut at";;;
variant_group_278;attr_25,attr_8;VARIANT;facere;"dolorem quo vel";;;"sequi sunt rem";;;;"earum sequi vel";
variant_group_279;attr_85,attr_96;VARIANT;voluptatum;;"repellat tempore quia";"rerum natus nemo";;;;;"occaecati id voluptatem";
variant_group_280;attr_25,attr_12;VARIANT;ipsum;;"minima eum ut";;;;"beatae et ducimus";;"minima id quia";
variant_group_281;attr_12,attr_80;VARIANT;dolores;;;"et corporis architecto";"temporibus suscipit dolor";;"quae molestiae deserunt";;;
variant_group_282;attr_8,attr_43;VARIANT;vero;"sed et sit";;;"enim incidunt laudantium";;;;;"dolorem voluptas repudiandae"
variant_group_283;attr_96,attr_8;VARIANT;et;;;"sequi incidunt in";"blanditiis ullam omnis";;;"eos officiis magni";;
variant_group_284;attr_8,attr_30;VARIANT;facere;;;"sit voluptatem nesciunt";"excepturi ad ut";;;;;"molestiae eum rem"
variant_group_285;attr_7,attr_30;VARIANT;inventore;;;;"placeat ex provident";"nulla qui ratione";;;;"ducimus voluptatem earum"
variant_group_286;attr_25,attr_12;VARIANT;qui;;;;;"dolor voluptatum rerum";;;"eius ratione laboriosam";"molestiae quia in"
variant_group_287;attr_80,attr_96;VARIANT;voluptates;;;;;;"itaque qui tempore";"iusto neque deserunt";;"non omnis est"
variant_group_288;attr_85,attr_54;VARIANT;eaque;"dolores animi tempore";"eligendi et debitis";;;;"sit optio ex";;;
variant_group_289;attr_25,attr_43;VARIANT;ea;;;"dolores quibusdam qui";;;;;"natus quasi ratione";"aut laborum alias"
variant_group_290;attr_8,attr_12;VARIANT;error;"et quasi molestiae";"suscipit sapiente eligendi";;;"a dolorem iure";;;;
variant_group_291;attr_96,attr_85;VARIANT;at;"aut vero reprehenderit";;;;"iste voluptates iusto";;"eum distinctio nulla";;
variant_group_292;attr_85,attr_96;VARIANT;et;;"earum dolorum aut";;;"ut ratione dolores";"ab quos ullam";;;
variant_group_293;attr_54,attr_30;VARIANT;consectetur;;;"ea optio voluptas";;"a sint sit";;;"totam quo sequi";
variant_group_294;attr_8,attr_54;VARIANT;pariatur;"nam praesentium quod";"eum voluptas voluptas";"perferendis deserunt sed";;;;;;
variant_group_295;attr_30,attr_12;VARIANT;ratione;"enim quo expedita";"autem maiores qui";;;"blanditiis numquam et";;;;
variant_group_296;attr_43,attr_85;VARIANT;voluptatem;;;;"voluptas et cum";"qui fugiat et";"ut reprehenderit autem";;;
variant_group_297;attr_43,attr_25;VARIANT;voluptates;;"accusamus deleniti numquam";"non commodi fugit";;"sint qui ut";;;;
variant_group_298;attr_30,attr_54;VARIANT;occaecati;"repellendus impedit molestiae";"laudantium et et";;;"soluta adipisci odit";;;;
variant_group_299;attr_54,attr_30;VARIANT;sequi;;"odit veniam autem";"explicabo quae est";;;"esse animi ut";;;
