code;type;group;label-de_DE;label-en_US;label-es_ES;label-fr_FR;localizable;scopable;allowed_extensions;metric_family;default_metric_unit
sku;pim_catalog_identifier;attr_gr_0;;;;;;;;;
attr_0;pim_catalog_text;attr_gr_1;"Quibusdam tenetur sunt.";"Quia non.";"Voluptas et unde.";"Iste harum.";0;0;;;
attr_1;pim_catalog_multiselect;attr_gr_11;"Iste mollitia est.";"Et excepturi.";"Facilis eum et.";"Modi porro.";0;0;;;
attr_2;pim_catalog_text;attr_gr_0;"Occaecati quis iusto.";"Laboriosam aliquid.";"Ea incidunt et.";"At aut harum.";0;0;;;
attr_3;pim_catalog_date;attr_gr_0;"Distinctio enim illo.";"Et delectus et.";"Dolorem ea commodi.";"Dolorem non quia.";1;0;;;
attr_4;pim_catalog_file;attr_gr_13;"Consequuntur velit tempore.";"Fuga perspiciatis corrupti.";"Tempora dicta.";"Occaecati voluptatem totam.";0;0;jpg,pdf;;
attr_5;pim_catalog_image;attr_gr_11;"Dolorem nostrum totam.";"Ex voluptas.";"Ex illum.";"Dolores numquam.";0;0;jpg,png;;
attr_6;pim_catalog_multiselect;attr_gr_2;"Quidem eos accusamus.";"Doloribus nihil.";"Dolorem voluptas iusto.";"Beatae rerum.";0;0;;;
attr_7;pim_catalog_metric;attr_gr_6;"Et et dicta.";"Nihil sed.";"Deleniti non sed.";"Quo reiciendis aut.";0;1;;Length;METER
attr_8;pim_catalog_date;attr_gr_9;"Quia facere.";"Eveniet alias quis.";"Sint magni esse.";"Eum laudantium voluptates.";0;0;;;
attr_9;pim_catalog_price_collection;attr_gr_3;"Id voluptatem.";"Et quasi.";"Explicabo distinctio.";"Assumenda quaerat unde.";0;0;;;
attr_10;pim_catalog_file;attr_gr_10;"Repellat blanditiis quo.";"Corporis consequatur enim.";"Autem delectus quod.";"Qui non qui.";0;0;png,jpg;;
attr_11;pim_catalog_metric;attr_gr_11;"Culpa perspiciatis.";"Sint nihil cum.";"Nisi aut veritatis.";"Cum sit ut.";0;0;;Length;METER
attr_12;pim_catalog_metric;attr_gr_13;"Voluptatem ea deserunt.";"Nesciunt voluptatibus.";"Incidunt odit quasi.";"Ducimus voluptas ea.";0;0;;Length;METER
attr_13;pim_catalog_metric;attr_gr_10;"Distinctio nostrum rem.";"Magnam rerum illum.";"Officia enim.";"Quidem deserunt dolores.";0;0;;Length;METER
attr_14;pim_catalog_text;attr_gr_8;"Id aliquam voluptatem.";"Ex quae nam.";"Expedita deleniti impedit.";"Quia consequuntur.";1;0;;;
attr_15;pim_catalog_number;attr_gr_7;"Voluptas qui rerum.";"Voluptas qui et.";"Iusto est.";"Vel ut.";0;0;;;
attr_16;pim_catalog_metric;attr_gr_7;"Sint enim.";"Qui quo.";"Ut quia.";"Quo dolor quae.";0;0;;Length;METER
attr_17;pim_catalog_simpleselect;attr_gr_4;"Ut quia sunt.";"Explicabo esse rerum.";"Quia vitae ipsam.";"Ad ullam.";0;0;;;
attr_18;pim_catalog_multiselect;attr_gr_9;"Ut quaerat ut.";"Facilis maxime.";"Beatae temporibus.";"Repellat consequatur eius.";0;0;;;
attr_19;pim_catalog_price_collection;attr_gr_5;"Sint non.";"Cumque aut dolorem.";"Sunt dolore fugiat.";"Sunt accusamus.";0;0;;;
attr_20;pim_catalog_text;attr_gr_13;"Culpa quasi.";"Error consectetur in.";"Ad et omnis.";"Iusto est ea.";0;0;;;
attr_21;pim_catalog_file;attr_gr_11;"Eius omnis.";"Voluptatibus et.";"Error eius impedit.";"Adipisci quod minima.";0;0;png,jpg;;
attr_22;pim_catalog_file;attr_gr_7;"Commodi fugiat.";"Non sed numquam.";"Doloribus ullam.";"Qui voluptatum quisquam.";0;0;png,jpg;;
attr_23;pim_catalog_file;attr_gr_5;"Eos vitae unde.";"Eaque at libero.";"Est ut.";"Ipsa non.";0;0;jpg,png;;
attr_24;pim_catalog_text;attr_gr_13;"Quasi eaque.";"Eius a.";"Repellat ab.";"Id nisi possimus.";0;0;;;
attr_25;pim_catalog_image;attr_gr_12;"Non magni corrupti.";"Ut fugiat blanditiis.";"Voluptatibus sit.";"Possimus animi.";0;0;jpg,png;;
attr_26;pim_catalog_simpleselect;attr_gr_9;"Voluptatem voluptas repellendus.";"Nostrum ea molestiae.";"Mollitia repudiandae enim.";"Et voluptatibus modi.";0;0;;;
attr_27;pim_catalog_image;attr_gr_11;"Autem aut nisi.";"Et delectus possimus.";"Eum ratione placeat.";"Aut aspernatur dolorem.";0;0;png,pdf;;
attr_28;pim_catalog_file;attr_gr_6;"Nihil id nobis.";"Voluptatem eum.";"Commodi animi ea.";"Atque quod non.";0;0;png,jpg;;
attr_29;pim_catalog_textarea;attr_gr_1;"Facilis doloribus.";"Consequuntur aut voluptas.";"Maxime numquam.";"Aut id omnis.";0;0;;;
attr_30;pim_catalog_image;attr_gr_2;"Error iusto.";"Animi praesentium.";"Mollitia minima.";"Ratione voluptatibus omnis.";0;0;jpg,png;;
attr_31;pim_catalog_metric;attr_gr_11;"Et sint.";"Ea quasi odio.";"Non mollitia eos.";"Quam illo sint.";0;1;;Length;METER
attr_32;pim_catalog_multiselect;attr_gr_13;"Dicta voluptatem quos.";"Quo corrupti quam.";"Quo et optio.";"Accusantium eveniet.";0;0;;;
attr_33;pim_catalog_text;attr_gr_10;"Cum soluta.";"Esse possimus eum.";"Dolores assumenda.";"Consectetur officiis.";0;0;;;
attr_34;pim_catalog_number;attr_gr_4;"In repellendus.";"Repellendus sapiente optio.";"Blanditiis quisquam.";"Quo inventore.";0;0;;;
attr_35;pim_catalog_multiselect;attr_gr_0;"Blanditiis ullam ut.";"Nam iure voluptatem.";"In cumque.";"Quam doloribus.";0;0;;;
attr_36;pim_catalog_multiselect;attr_gr_2;"Delectus quam.";"Earum reiciendis.";"Quis excepturi.";"Voluptas nulla laborum.";0;0;;;
attr_37;pim_catalog_multiselect;attr_gr_2;"Vero iusto placeat.";"Ullam sit.";"Ut molestiae recusandae.";"Id ut.";0;0;;;
attr_38;pim_catalog_date;attr_gr_5;"Distinctio aut.";"Quas consequatur.";"Fugit occaecati.";"Debitis et.";0;0;;;
attr_39;pim_catalog_boolean;attr_gr_6;"Incidunt optio et.";"Tenetur alias facere.";"Tempore id eos.";"Numquam laudantium.";0;0;;;
attr_40;pim_catalog_image;attr_gr_3;"Incidunt pariatur.";"Inventore quisquam autem.";"Facilis amet eius.";"Nisi impedit illo.";0;0;pdf,png;;
attr_41;pim_catalog_image;attr_gr_11;"Aut rerum.";"Aut ut.";"Quia amet.";"Explicabo modi eum.";0;0;jpg,pdf;;
attr_42;pim_catalog_price_collection;attr_gr_11;"Ut est.";"Unde praesentium.";"Nam asperiores voluptatum.";"Esse et.";0;0;;;
attr_43;pim_catalog_file;attr_gr_6;"Minus doloribus.";"Nulla est.";"Minima recusandae.";"Illo ducimus consequuntur.";0;0;jpg,png;;
attr_44;pim_catalog_date;attr_gr_10;"Cumque dicta et.";"Enim pariatur qui.";"Nisi consequatur.";"Et ipsum.";0;0;;;
attr_45;pim_catalog_price_collection;attr_gr_13;"Placeat praesentium occaecati.";"Ducimus alias.";"Quas praesentium et.";"Ex qui.";0;0;;;
attr_46;pim_catalog_metric;attr_gr_6;"Nisi sapiente temporibus.";"Ad error.";"Et eos velit.";"Eveniet modi dicta.";0;0;;Length;METER
attr_47;pim_catalog_boolean;attr_gr_4;"Consequatur repellat vero.";"Itaque aut quidem.";"Perferendis maiores.";"Expedita minima.";0;0;;;
attr_48;pim_catalog_multiselect;attr_gr_9;"Cupiditate provident.";"Non at vel.";"Accusamus aperiam.";"Dolore rerum tenetur.";0;0;;;
attr_49;pim_catalog_multiselect;attr_gr_4;"Id distinctio rerum.";"Sint ducimus.";"Quaerat voluptatibus aperiam.";"Qui consectetur.";1;1;;;
attr_50;pim_catalog_textarea;attr_gr_12;"Dolorem provident quis.";"Cum voluptatum distinctio.";"Qui tenetur laudantium.";"Iure unde inventore.";0;0;;;
attr_51;pim_catalog_file;attr_gr_10;"Inventore pariatur.";"Repellendus eveniet exercitationem.";"Impedit laudantium.";"Ducimus dicta harum.";0;0;pdf,jpg;;
attr_52;pim_catalog_price_collection;attr_gr_8;"Exercitationem rerum.";"Aperiam aperiam.";"Sunt omnis.";"Tenetur ullam.";0;0;;;
attr_53;pim_catalog_textarea;attr_gr_2;"Sapiente corrupti sunt.";"Quia ipsa.";"Qui quia.";"Quos animi et.";0;0;;;
attr_54;pim_catalog_price_collection;attr_gr_0;"Vel vel.";"Natus nobis et.";"Beatae reiciendis.";"Neque optio.";0;0;;;
attr_55;pim_catalog_text;attr_gr_14;"Cupiditate unde eveniet.";"Mollitia vitae.";"Molestiae temporibus.";"Nemo sed.";0;0;;;
attr_56;pim_catalog_simpleselect;attr_gr_3;"Voluptatum rem necessitatibus.";"Illum quas.";"Optio assumenda.";"Aut est quia.";0;0;;;
attr_57;pim_catalog_number;attr_gr_1;"Sunt architecto.";"Quo iusto iure.";"Iste et dolor.";"Fugit architecto.";0;0;;;
attr_58;pim_catalog_date;attr_gr_13;"Error temporibus.";"Eaque est dolorem.";"Ut non unde.";"Perferendis voluptas.";0;0;;;
attr_59;pim_catalog_image;attr_gr_5;"Ipsum perspiciatis ut.";"Explicabo iure.";"Voluptas at.";"Et quo.";0;0;pdf,png;;
attr_60;pim_catalog_textarea;attr_gr_8;"Dolor officiis quia.";"Reiciendis officiis qui.";"Iusto et.";"Velit sapiente.";0;0;;;
attr_61;pim_catalog_boolean;attr_gr_1;"Sed expedita tenetur.";"Sint optio.";"Accusantium enim.";"Quaerat ullam voluptatem.";0;0;;;
attr_62;pim_catalog_multiselect;attr_gr_12;"Omnis et voluptatibus.";"Minima cupiditate ipsam.";"Vitae reprehenderit.";"Modi voluptatem.";0;0;;;
attr_63;pim_catalog_text;attr_gr_7;"Vero maiores.";"Ratione dolores provident.";"Eos reprehenderit iure.";"Et nam id.";0;0;;;
attr_64;pim_catalog_text;attr_gr_12;"Odio non et.";"Cumque veniam nulla.";"Enim numquam distinctio.";"Consectetur molestiae.";1;0;;;
attr_65;pim_catalog_simpleselect;attr_gr_13;"Quidem voluptatem et.";"Nihil iusto omnis.";"Tenetur quia.";"Neque quaerat.";0;0;;;
attr_66;pim_catalog_multiselect;attr_gr_0;"Vel error voluptatem.";"Quasi dolor.";"Earum rem sit.";"Quisquam quasi error.";0;0;;;
attr_67;pim_catalog_boolean;attr_gr_5;"Aut ad omnis.";"Aut accusamus debitis.";"Minus consequatur neque.";"Quis quis cupiditate.";0;0;;;
attr_68;pim_catalog_multiselect;attr_gr_3;"Maiores sint et.";"Tempore commodi.";"Possimus cum sit.";"Esse reprehenderit unde.";0;0;;;
attr_69;pim_catalog_textarea;attr_gr_12;"Autem ipsa.";"Qui eum vel.";"Magni architecto vel.";"Sit accusamus enim.";0;0;;;
attr_70;pim_catalog_date;attr_gr_7;"Aperiam alias.";"Consequuntur earum.";"Sit molestiae.";"Odio veritatis aut.";0;0;;;
attr_71;pim_catalog_text;attr_gr_9;"Doloribus repellendus nesciunt.";"Ut dolor animi.";"Qui dolores.";"Cum quam.";0;0;;;
attr_72;pim_catalog_date;attr_gr_11;"Cupiditate soluta omnis.";"Voluptatem enim.";"Ratione dolores eos.";"Voluptas architecto et.";0;0;;;
attr_73;pim_catalog_boolean;attr_gr_10;"Ut sit.";"Nesciunt distinctio.";"Placeat neque reprehenderit.";"Animi consectetur.";0;0;;;
attr_74;pim_catalog_multiselect;attr_gr_3;"Nulla sed.";"Aut iusto temporibus.";"Ut est harum.";"Assumenda recusandae maiores.";0;1;;;
attr_75;pim_catalog_date;attr_gr_4;"Consectetur impedit dolores.";"Odio non.";"Qui sunt velit.";"Tenetur delectus in.";0;0;;;
attr_76;pim_catalog_date;attr_gr_6;"Reprehenderit aut hic.";"Ut est.";"Debitis iusto rerum.";"Nihil sed natus.";0;0;;;
attr_77;pim_catalog_date;attr_gr_2;"Blanditiis quaerat.";"Libero magnam quia.";"Quia et odio.";"Et quod cum.";0;0;;;
attr_78;pim_catalog_textarea;attr_gr_12;"Reiciendis culpa incidunt.";"Reiciendis cum nam.";"Et unde.";"Vitae quasi temporibus.";0;1;;;
attr_79;pim_catalog_number;attr_gr_2;"Corporis iure vel.";"Occaecati repellat.";"Voluptatem quia harum.";"Cumque reprehenderit.";0;0;;;
attr_80;pim_catalog_image;attr_gr_0;"Non itaque.";"Itaque quisquam unde.";"Sit reprehenderit.";"Dolorem blanditiis qui.";0;0;png,jpg;;
attr_81;pim_catalog_multiselect;attr_gr_12;"Praesentium eum id.";"Iusto fugiat.";"Rem molestias labore.";"Quam rerum.";0;0;;;
attr_82;pim_catalog_multiselect;attr_gr_12;"Ea est.";"Officiis mollitia aut.";"Totam voluptatem dolor.";"Rerum eum omnis.";0;0;;;
attr_83;pim_catalog_multiselect;attr_gr_11;"Consectetur eligendi.";"Ut quia quidem.";"Non commodi recusandae.";"Earum sed incidunt.";0;0;;;
attr_84;pim_catalog_textarea;attr_gr_0;"Ut repellat.";"Et dolores vero.";"Iure cumque.";"Porro dolore non.";1;1;;;
attr_85;pim_catalog_number;attr_gr_1;"Sunt inventore.";"Dolorem omnis.";"Qui magni.";"Est illo.";0;0;;;
attr_86;pim_catalog_text;attr_gr_2;"Itaque a.";"Et similique ut.";"Sed reprehenderit.";"Deleniti fugit dolore.";0;0;;;
attr_87;pim_catalog_simpleselect;attr_gr_12;"Et sed.";"Voluptatem sed eaque.";"Soluta assumenda molestiae.";"Ut architecto repellendus.";0;0;;;
attr_88;pim_catalog_textarea;attr_gr_9;"Eius aut.";"Odit quod architecto.";"Iure provident.";"Sed excepturi.";0;0;;;
attr_89;pim_catalog_image;attr_gr_3;"Id id doloribus.";"Itaque aspernatur.";"Laborum beatae dolor.";"Laudantium ad quaerat.";0;0;png,jpg;;
attr_90;pim_catalog_date;attr_gr_9;"Assumenda omnis sit.";"Numquam reiciendis nihil.";"Quibusdam ea.";"Quia dolores corporis.";0;0;;;
attr_91;pim_catalog_boolean;attr_gr_12;"Et placeat id.";"Sed similique.";"Aliquid consequatur.";"Ad debitis.";0;0;;;
attr_92;pim_catalog_simpleselect;attr_gr_0;"Sed ut.";"Magni molestias voluptatem.";"Enim enim.";"Voluptas sunt.";0;0;;;
attr_93;pim_catalog_price_collection;attr_gr_1;"Ea corrupti.";"Consequatur ullam incidunt.";"Facere et.";"Voluptatibus ut praesentium.";0;0;;;
attr_94;pim_catalog_text;attr_gr_13;"Accusamus ut.";"Mollitia sint.";"Consequatur beatae et.";"Tempora et.";0;0;;;
attr_95;pim_catalog_price_collection;attr_gr_6;"Quia consequatur possimus.";"Quae exercitationem.";"Voluptatibus et sequi.";"Vitae dolorum similique.";0;0;;;
attr_96;pim_catalog_simpleselect;attr_gr_13;"Est qui laboriosam.";"Autem veniam non.";"Fuga rerum dolor.";"Sunt quidem.";0;0;;;
attr_97;pim_catalog_image;attr_gr_4;"Ut rerum deserunt.";"Nihil ratione.";"Provident ipsum iure.";"Perspiciatis aut.";0;0;png,jpg;;
attr_98;pim_catalog_metric;attr_gr_13;"Ut ullam voluptas.";"Tempora est.";"Dolores voluptate.";"Et unde natus.";0;0;;Length;METER
attr_99;pim_catalog_multiselect;attr_gr_10;"Fuga vel.";"Debitis occaecati.";"Expedita quos inventore.";"Fugiat deserunt ut.";0;0;;;
attr_100;pim_catalog_simpleselect;attr_gr_5;"Facilis est dolorum.";"Et et excepturi.";"Consequatur est voluptates.";"Tempora eaque.";0;0;;;
attr_101;pim_catalog_price_collection;attr_gr_4;"Sed sed quam.";"Minus aut.";"Necessitatibus hic harum.";"Dolor dolore.";0;0;;;
attr_102;pim_catalog_date;attr_gr_4;"Maiores ut harum.";"Et id temporibus.";"Labore quo.";"Quos magni reprehenderit.";0;0;;;
attr_103;pim_catalog_textarea;attr_gr_14;"Accusamus impedit rerum.";"Consequatur modi.";"Molestiae provident voluptates.";"Ex repellendus.";0;0;;;
attr_104;pim_catalog_price_collection;attr_gr_14;"Qui omnis.";"Quis sit.";"Ducimus iste adipisci.";"Ut sit.";0;1;;;
attr_105;pim_catalog_text;attr_gr_6;"Vel molestiae.";"Et et blanditiis.";"Velit totam et.";"Et rerum.";0;0;;;
attr_106;pim_catalog_date;attr_gr_4;"Debitis quidem.";"Non rem.";"Eum pariatur voluptatum.";"Enim eum.";0;0;;;
attr_107;pim_catalog_number;attr_gr_1;"Voluptatibus sequi hic.";"Fugiat et.";"Quod dolores vel.";"Sed itaque deleniti.";0;0;;;
attr_108;pim_catalog_simpleselect;attr_gr_4;"Laboriosam quia sunt.";"Odit qui.";"Explicabo quas qui.";"Voluptatem blanditiis blanditiis.";0;0;;;
attr_109;pim_catalog_number;attr_gr_9;"Quam magnam.";"Non voluptas iste.";"Qui est occaecati.";"Ea ut sed.";0;0;;;
attr_110;pim_catalog_simpleselect;attr_gr_4;"Dignissimos accusamus.";"In pariatur quo.";"Quam nostrum.";"Maiores quidem.";0;0;;;
attr_111;pim_catalog_text;attr_gr_14;"Amet iure delectus.";"Voluptatem rem.";"Ut aliquam et.";"Omnis iure reprehenderit.";0;0;;;
attr_112;pim_catalog_date;attr_gr_3;"Est nihil.";"Id aut et.";"Inventore quas.";"Vel ad.";1;0;;;
attr_113;pim_catalog_textarea;attr_gr_2;"Accusamus quod.";"Quis tempore a.";"Velit delectus numquam.";"Voluptate et.";0;0;;;
attr_114;pim_catalog_file;attr_gr_7;"Odio rerum suscipit.";"Optio nulla quia.";"Ut quia.";"Corporis rem sunt.";0;0;png,jpg;;
attr_115;pim_catalog_boolean;attr_gr_3;"Sit facilis.";"Adipisci eveniet.";"Commodi id hic.";"Suscipit illum reiciendis.";0;0;;;
attr_116;pim_catalog_price_collection;attr_gr_8;"Illum tenetur.";"Eos enim qui.";"Doloribus necessitatibus doloremque.";"Voluptatem et.";0;0;;;
attr_117;pim_catalog_metric;attr_gr_1;"Molestiae quidem laborum.";"Quibusdam omnis.";"Repudiandae autem.";"Dolore ex.";0;0;;Length;METER
attr_118;pim_catalog_text;attr_gr_0;"Inventore et.";"Ab aperiam.";"Culpa odio quia.";"Ea commodi rerum.";0;0;;;
attr_119;pim_catalog_date;attr_gr_14;"Maiores aliquam.";"Et impedit.";"Occaecati tempora a.";"Deserunt deleniti alias.";0;0;;;
attr_120;pim_catalog_textarea;attr_gr_12;"Officia esse perspiciatis.";"Id harum.";"Accusamus ratione dolor.";"Libero consequuntur.";0;0;;;
attr_121;pim_catalog_simpleselect;attr_gr_6;"Ipsam ut fugiat.";"Eum sunt dolorum.";"Assumenda harum.";"Aperiam quia.";0;0;;;
attr_122;pim_catalog_text;attr_gr_6;"Magni odit est.";"Porro asperiores.";"Asperiores nihil.";"Ut aut.";0;0;;;
attr_123;pim_catalog_metric;attr_gr_5;"Ullam est et.";"Voluptatem et facilis.";"Deserunt et enim.";"Placeat cum.";1;0;;Length;METER
attr_124;pim_catalog_image;attr_gr_4;"Quos voluptate.";"Rerum maxime dolor.";"Voluptatum aperiam nisi.";"Sequi sed ut.";0;0;pdf,png;;
attr_125;pim_catalog_text;attr_gr_0;"Rerum soluta est.";"Necessitatibus commodi.";"Nesciunt quaerat provident.";"Officia et.";0;0;;;
attr_126;pim_catalog_textarea;attr_gr_4;"Voluptas aut eum.";"Commodi qui.";"Voluptatibus quo.";"Occaecati et.";0;0;;;
attr_127;pim_catalog_price_collection;attr_gr_11;"Ipsam necessitatibus.";"Id exercitationem autem.";"Beatae sapiente.";"Voluptate cupiditate.";0;0;;;
attr_128;pim_catalog_date;attr_gr_0;"Aut qui qui.";"Architecto ipsam tempora.";"Est dolores.";"Quis nisi.";0;0;;;
attr_129;pim_catalog_multiselect;attr_gr_3;"Incidunt quia sit.";"Voluptatem sit.";"Quis at quis.";"Repellendus consectetur.";0;0;;;
attr_130;pim_catalog_image;attr_gr_4;"Culpa provident minus.";"Aut quisquam molestias.";"Libero modi sit.";"Alias quo.";0;0;pdf,png;;
attr_131;pim_catalog_number;attr_gr_0;"Dolorem aliquid.";"Id dolore sit.";"Sunt quo mollitia.";"Aut esse molestias.";0;0;;;
attr_132;pim_catalog_date;attr_gr_13;"Tempore maxime.";"Deserunt ut.";"Voluptatem est.";"Iusto sint deserunt.";0;0;;;
attr_133;pim_catalog_image;attr_gr_14;"Adipisci ratione.";"Quia voluptate.";"Molestias eum.";"Ipsam doloribus.";0;0;pdf,png;;
attr_134;pim_catalog_price_collection;attr_gr_6;"Autem voluptatum.";"Perspiciatis eligendi.";"Officiis possimus nulla.";"Id ipsum.";0;0;;;
attr_135;pim_catalog_textarea;attr_gr_8;"Provident ipsam dolor.";"Perferendis nostrum.";"Magnam et et.";"Similique odit.";0;0;;;
attr_136;pim_catalog_multiselect;attr_gr_14;"Corporis aliquam.";"Qui aut qui.";"Eveniet perspiciatis aut.";"Est aut.";0;0;;;
attr_137;pim_catalog_text;attr_gr_13;"Impedit ex non.";"Sit beatae est.";"Iusto ut velit.";"Quisquam animi modi.";0;0;;;
attr_138;pim_catalog_date;attr_gr_3;"Autem beatae cupiditate.";"Et quisquam dolor.";"Nam qui.";"Pariatur expedita maiores.";0;0;;;
attr_139;pim_catalog_metric;attr_gr_2;"Et saepe perferendis.";"Magni temporibus.";"Necessitatibus possimus fugiat.";"Qui libero id.";0;0;;Length;METER
attr_140;pim_catalog_simpleselect;attr_gr_12;"Eveniet eum quae.";"Quo ut voluptas.";"Id vitae inventore.";"Aut dignissimos eos.";0;0;;;
attr_141;pim_catalog_file;attr_gr_14;"Ipsum pariatur.";"Molestiae eos.";"At et architecto.";"Culpa ut qui.";0;0;jpg,png;;
attr_142;pim_catalog_number;attr_gr_0;"Ipsa delectus omnis.";"Non minus.";"Rerum corporis velit.";"Alias distinctio velit.";0;0;;;
attr_143;pim_catalog_text;attr_gr_5;"Eligendi quo.";"Est cum.";"Velit veniam.";"Blanditiis aut iure.";0;0;;;
attr_144;pim_catalog_textarea;attr_gr_7;"Similique est iusto.";"Ut voluptate ea.";"Aut deleniti dolor.";"Laudantium rem.";0;0;;;
attr_145;pim_catalog_multiselect;attr_gr_3;"Ab assumenda sint.";"Minus sed placeat.";"Inventore atque debitis.";"Hic voluptatem.";0;0;;;
attr_146;pim_catalog_date;attr_gr_1;"Saepe hic nesciunt.";"Debitis iste voluptates.";"Autem provident.";"Laudantium nemo quam.";0;0;;;
attr_147;pim_catalog_textarea;attr_gr_1;"Voluptatum dolorem.";"Molestiae ea.";"Ut natus veniam.";"Dolore est.";0;0;;;
attr_148;pim_catalog_file;attr_gr_11;"Vel qui dicta.";"Voluptatem natus.";"Voluptas voluptatem quia.";"Quaerat odit cum.";0;0;png,pdf;;
attr_149;pim_catalog_number;attr_gr_14;"Ipsam quibusdam sunt.";"Eos odit et.";"Consectetur dolores at.";"Dignissimos fugiat tempora.";0;0;;;
attr_150;pim_catalog_text;attr_gr_13;"Itaque ut voluptatibus.";"Omnis voluptatem cupiditate.";"Omnis et necessitatibus.";"Nobis occaecati.";0;0;;;
attr_151;pim_catalog_file;attr_gr_10;"Magnam ad.";"Molestias reiciendis.";"Quasi quia.";"Rerum ullam quod.";0;0;pdf,jpg;;
attr_152;pim_catalog_metric;attr_gr_2;"Quis et ut.";"Enim nihil.";"Laboriosam beatae.";"Earum iure.";0;0;;Length;METER
attr_153;pim_catalog_price_collection;attr_gr_3;"Praesentium voluptas et.";"Nostrum dolor.";"Et impedit est.";"Nisi natus.";0;0;;;
attr_154;pim_catalog_number;attr_gr_0;"Natus ipsam.";"Laboriosam rerum corporis.";"Amet nihil corporis.";"Quo commodi ipsa.";0;0;;;
attr_155;pim_catalog_price_collection;attr_gr_13;"In consequatur ut.";"Laudantium in.";"Ad rerum.";"Accusamus sint.";0;0;;;
attr_156;pim_catalog_price_collection;attr_gr_5;"Reprehenderit aspernatur sequi.";"Dolor et.";"Expedita ut facere.";"Corporis ipsam.";0;0;;;
attr_157;pim_catalog_image;attr_gr_6;"Eos nihil voluptates.";"Voluptas soluta aspernatur.";"Reprehenderit aut autem.";"Ipsum vero.";1;0;png,jpg;;
attr_158;pim_catalog_date;attr_gr_6;"Illo laborum.";"Nesciunt fugit molestiae.";"Vero repudiandae.";"Ut omnis.";0;0;;;
attr_159;pim_catalog_multiselect;attr_gr_11;"Aut porro.";"Aut repellat.";"Nihil quaerat suscipit.";"Harum voluptatem dolor.";0;0;;;
attr_160;pim_catalog_price_collection;attr_gr_14;"Maiores repellendus ea.";"Est totam consequatur.";"Voluptates ullam.";"Ipsa rerum.";0;0;;;
attr_161;pim_catalog_price_collection;attr_gr_13;"Esse quibusdam.";"Sunt quos.";"Vel magnam soluta.";"Dolore minima recusandae.";0;0;;;
attr_162;pim_catalog_boolean;attr_gr_5;"Consectetur vitae.";"Corrupti voluptate eveniet.";"Quo quibusdam.";"Unde cupiditate.";0;0;;;
attr_163;pim_catalog_text;attr_gr_14;"Modi sit.";"Adipisci quisquam.";"Quia et voluptatem.";"Et ut.";0;0;;;
attr_164;pim_catalog_image;attr_gr_5;"Quaerat voluptas vitae.";"Autem quia.";"Commodi quis tempore.";"Quas quia a.";0;0;jpg,pdf;;
attr_165;pim_catalog_price_collection;attr_gr_14;"Molestiae dolorem sed.";"Est rerum.";"Odit aliquam iusto.";"Quam eius.";0;0;;;
attr_166;pim_catalog_number;attr_gr_13;"Praesentium nihil optio.";"Cupiditate et et.";"Cupiditate facere occaecati.";"Cum corporis.";0;0;;;
attr_167;pim_catalog_boolean;attr_gr_11;"Repellendus sint.";"Est minima voluptas.";"Aliquam blanditiis ut.";"Optio delectus est.";0;0;;;
attr_168;pim_catalog_textarea;attr_gr_2;"Iure et.";"Sint id vel.";"Voluptatem vitae.";"Unde ut.";0;0;;;
attr_169;pim_catalog_simpleselect;attr_gr_3;"Et voluptatum quo.";"Numquam enim.";"Id tempore.";"Et ut.";0;0;;;
attr_170;pim_catalog_image;attr_gr_7;"Eum et.";"Temporibus quis molestias.";"Sed ut.";"Delectus voluptatibus id.";0;0;pdf,jpg;;
attr_171;pim_catalog_price_collection;attr_gr_1;"Voluptas velit sunt.";"Similique aliquid.";"Quo asperiores.";"Fugit dolor.";1;0;;;
attr_172;pim_catalog_price_collection;attr_gr_10;"Aut itaque iste.";"Repudiandae sint.";"Tempora sapiente.";"Amet natus totam.";0;0;;;
attr_173;pim_catalog_file;attr_gr_5;"Aperiam laboriosam.";"Excepturi odio nihil.";"Impedit qui deserunt.";"Dolores tempore asperiores.";0;0;png,pdf;;
attr_174;pim_catalog_textarea;attr_gr_13;"Ea delectus alias.";"Eos omnis.";"Fugiat nihil non.";"Inventore fuga.";0;0;;;
attr_175;pim_catalog_price_collection;attr_gr_3;"Incidunt sint est.";"Vel quam delectus.";"Ducimus laborum.";"Quae accusantium omnis.";0;0;;;
attr_176;pim_catalog_simpleselect;attr_gr_14;"Id nulla aspernatur.";"Sapiente ab dolor.";"Quae officiis laborum.";"Eum accusantium blanditiis.";0;0;;;
attr_177;pim_catalog_simpleselect;attr_gr_9;"Aut autem totam.";"Distinctio nisi ipsam.";"Repudiandae ullam officiis.";"Ut veritatis hic.";0;0;;;
attr_178;pim_catalog_price_collection;attr_gr_0;"Accusamus quos.";"Quia qui.";"Distinctio deserunt.";"Autem at.";0;0;;;
attr_179;pim_catalog_number;attr_gr_9;"Veritatis dignissimos.";"Aut aliquam et.";"Omnis quis.";"Est placeat.";0;0;;;
attr_180;pim_catalog_text;attr_gr_8;"Laboriosam repudiandae maiores.";"Dolores autem.";"Maxime sunt.";"Quibusdam eius labore.";0;0;;;
attr_181;pim_catalog_boolean;attr_gr_13;"Voluptas voluptas.";"Cum voluptatem eum.";"Dolorem culpa.";"Sed veniam expedita.";0;0;;;
attr_182;pim_catalog_simpleselect;attr_gr_3;"Voluptatem accusantium quis.";"Odit quas.";"Maiores eum qui.";"Porro omnis.";0;0;;;
attr_183;pim_catalog_metric;attr_gr_8;"Dolorem et corporis.";"Tempore delectus vero.";"Consequatur in.";"Excepturi sed omnis.";0;0;;Length;METER
attr_184;pim_catalog_text;attr_gr_2;"Dolores velit.";"Sed architecto mollitia.";"Quia molestias totam.";"Exercitationem autem ut.";0;0;;;
attr_185;pim_catalog_text;attr_gr_14;"Optio ut.";"Sed distinctio.";"Nesciunt quo.";"Nobis dolor impedit.";0;0;;;
attr_186;pim_catalog_simpleselect;attr_gr_1;"Laudantium eaque.";"Adipisci fuga repudiandae.";"Incidunt enim unde.";"Minima recusandae.";0;0;;;
attr_187;pim_catalog_date;attr_gr_13;"Non nesciunt maiores.";"Modi ab.";"Et saepe quo.";"Ut accusantium.";0;0;;;
attr_188;pim_catalog_boolean;attr_gr_6;"Aut magnam.";"Laborum nihil modi.";"Ullam quidem.";"Ut eos veniam.";0;0;;;
attr_189;pim_catalog_metric;attr_gr_1;"Sunt ut quidem.";"Quae ut natus.";"Voluptas voluptate.";"Ea et.";0;0;;Length;METER
attr_190;pim_catalog_multiselect;attr_gr_9;"Amet et dolorem.";"Unde sapiente.";"Tempora in possimus.";"Doloribus temporibus.";0;0;;;
attr_191;pim_catalog_price_collection;attr_gr_6;"Ut et.";"In sint.";"Sapiente commodi.";"Aliquam et dolor.";0;0;;;
attr_192;pim_catalog_simpleselect;attr_gr_0;"Facilis quaerat.";"Repudiandae ipsum commodi.";"Odio et reprehenderit.";"Atque corporis omnis.";0;0;;;
attr_193;pim_catalog_date;attr_gr_8;"Optio sunt.";"Illum excepturi.";"Odit alias.";"Officiis et.";0;0;;;
attr_194;pim_catalog_boolean;attr_gr_14;"Possimus optio.";"Minus enim.";"Architecto est.";"Nisi quo vitae.";0;0;;;
attr_195;pim_catalog_date;attr_gr_7;"Non molestias omnis.";"Blanditiis perferendis.";"Qui sequi.";"Quas quisquam.";0;0;;;
attr_196;pim_catalog_metric;attr_gr_13;"Dolorum ducimus.";"Quam velit.";"Neque sequi.";"Alias velit natus.";0;0;;Length;METER
attr_197;pim_catalog_textarea;attr_gr_11;"Fuga omnis earum.";"Quidem accusamus illo.";"Ut ut.";"Aliquam dolorum.";0;0;;;
attr_198;pim_catalog_price_collection;attr_gr_14;"Omnis repudiandae nemo.";"Voluptas aut.";"Iusto omnis quo.";"Quo minima aspernatur.";0;0;;;
attr_199;pim_catalog_boolean;attr_gr_9;"Possimus repellendus qui.";"Labore voluptas odit.";"Et sunt.";"Consequuntur blanditiis.";0;0;;;
attr_200;pim_catalog_date;attr_gr_10;"Dolores dolor optio.";"Ducimus beatae et.";"Consequatur illo doloremque.";"Eos nemo et.";0;0;;;
attr_201;pim_catalog_number;attr_gr_11;"Harum commodi.";"Eveniet ut ullam.";"Minima ab.";"Id et nemo.";0;0;;;
attr_202;pim_catalog_date;attr_gr_1;"Maxime mollitia culpa.";"Officia a.";"Quia quod.";"Veniam animi.";0;0;;;
attr_203;pim_catalog_metric;attr_gr_6;"Cumque commodi.";"Ducimus rerum consectetur.";"Illo voluptatibus doloremque.";"Unde qui.";0;0;;Length;METER
attr_204;pim_catalog_metric;attr_gr_0;"Repudiandae placeat.";"Dignissimos quidem.";"Facere et.";"Possimus saepe.";0;0;;Length;METER
attr_205;pim_catalog_number;attr_gr_0;"Blanditiis ut enim.";"Voluptas dicta.";"Non tenetur nemo.";"Facere consequatur.";0;0;;;
attr_206;pim_catalog_simpleselect;attr_gr_7;"Repellendus non.";"Reiciendis laborum.";"Totam mollitia.";"Omnis amet suscipit.";0;0;;;
attr_207;pim_catalog_number;attr_gr_2;"Reprehenderit qui iusto.";"Id illum est.";"Velit dolores iusto.";"Rerum voluptas.";0;0;;;
attr_208;pim_catalog_multiselect;attr_gr_5;"Ea totam dolore.";"Molestiae vel expedita.";"Quidem et ipsum.";"Beatae molestias.";0;0;;;
attr_209;pim_catalog_text;attr_gr_2;"Laboriosam et.";"Omnis eum a.";"Natus et autem.";"Sit similique.";0;0;;;
attr_210;pim_catalog_boolean;attr_gr_7;"Magni laboriosam.";"Quia voluptas rem.";"Eveniet laboriosam.";"Eligendi ex.";0;0;;;
attr_211;pim_catalog_image;attr_gr_1;"Ad veniam.";"Est porro ea.";"Tempore excepturi.";"Iusto ut dolore.";0;0;png,jpg;;
attr_212;pim_catalog_text;attr_gr_5;"Voluptas reprehenderit.";"Eveniet in eum.";"Quia aperiam.";"Et aut.";0;0;;;
attr_213;pim_catalog_simpleselect;attr_gr_7;"Voluptatibus consequatur fuga.";"Sunt deleniti praesentium.";"Consequatur quia et.";"Est incidunt est.";0;0;;;
attr_214;pim_catalog_image;attr_gr_9;"Debitis ullam autem.";"Aut inventore sapiente.";"Qui repellendus consequatur.";"Vel quam quia.";0;0;png,pdf;;
attr_215;pim_catalog_simpleselect;attr_gr_10;"Corporis nisi doloribus.";"Id temporibus.";"Natus perspiciatis officia.";"Molestiae voluptate.";0;0;;;
attr_216;pim_catalog_multiselect;attr_gr_11;"Consequatur architecto assumenda.";"Dicta rerum et.";"Animi deserunt incidunt.";"Quia aliquam maxime.";0;0;;;
attr_217;pim_catalog_text;attr_gr_5;"Architecto nisi.";"Dolor vel minus.";"Eum numquam.";"Voluptatibus et neque.";0;0;;;
attr_218;pim_catalog_text;attr_gr_7;"Aut aut veritatis.";"Rerum in.";"Qui sunt.";"Voluptatem dicta doloribus.";0;0;;;
attr_219;pim_catalog_file;attr_gr_2;"Dolorem unde aut.";"Non ullam.";"Magni quis consequatur.";"Repellat aut.";0;0;png,pdf;;
attr_220;pim_catalog_date;attr_gr_7;"Assumenda quo.";"Et sequi facere.";"In ipsum accusamus.";"Dolore numquam a.";0;0;;;
attr_221;pim_catalog_image;attr_gr_2;"Ex placeat.";"Inventore distinctio repellat.";"Officiis eligendi sit.";"Facere nostrum.";0;0;png,pdf;;
attr_222;pim_catalog_metric;attr_gr_3;"Nemo magni.";"Saepe quod.";"Voluptatem et.";"Non quasi.";0;0;;Length;METER
attr_223;pim_catalog_simpleselect;attr_gr_10;"Eaque et.";"Et commodi consequatur.";"Eligendi ratione.";"Rerum et hic.";0;0;;;
attr_224;pim_catalog_price_collection;attr_gr_6;"Rerum nobis.";"Possimus et.";"Quisquam id.";"Deserunt aspernatur.";0;0;;;
attr_225;pim_catalog_text;attr_gr_4;"Possimus sunt.";"Est magni qui.";"Ducimus eius ipsa.";"Ipsam iste est.";0;0;;;
attr_226;pim_catalog_file;attr_gr_8;"Omnis doloremque ratione.";"Repellat sint et.";"Pariatur aperiam maiores.";"Minima natus.";1;0;jpg,pdf;;
attr_227;pim_catalog_number;attr_gr_2;"Quisquam quos.";"Nemo modi.";"Quaerat ut.";"Ullam quasi ab.";0;0;;;
attr_228;pim_catalog_image;attr_gr_6;"Qui qui.";"Optio et.";"Nihil et recusandae.";"Ut id quidem.";0;0;pdf,png;;
attr_229;pim_catalog_multiselect;attr_gr_4;"Cum iure.";"Quibusdam exercitationem sit.";"Nostrum architecto qui.";"Id quos officiis.";0;0;;;
attr_230;pim_catalog_boolean;attr_gr_12;"In ab.";"Sit modi atque.";"Consequuntur voluptas.";"Magni tempore magnam.";0;0;;;
attr_231;pim_catalog_date;attr_gr_3;"Ipsam voluptatem reprehenderit.";"Atque et quidem.";"Ut id.";"Totam harum.";0;0;;;
attr_232;pim_catalog_textarea;attr_gr_1;"Iste sint nulla.";"Ea voluptatem enim.";"Ut enim.";"Facere rem.";0;0;;;
attr_233;pim_catalog_boolean;attr_gr_2;"Libero omnis.";"Et ut.";"Minus assumenda aut.";"Tempore aut placeat.";0;0;;;
attr_234;pim_catalog_number;attr_gr_0;"Doloribus recusandae.";"Repellat fugit quam.";"Corporis blanditiis voluptatem.";"Explicabo corporis.";0;0;;;
attr_235;pim_catalog_simpleselect;attr_gr_2;"Voluptatem dolorem.";"Ullam perferendis.";"Nemo eum non.";"Distinctio distinctio autem.";0;0;;;
attr_236;pim_catalog_text;attr_gr_3;"Nulla laboriosam.";"Sed earum dolor.";"Adipisci ab.";"Temporibus voluptas.";0;0;;;
attr_237;pim_catalog_textarea;attr_gr_5;"Eveniet voluptatem.";"Adipisci ad.";"Ut molestiae.";"Aliquam quia.";0;0;;;
attr_238;pim_catalog_simpleselect;attr_gr_1;"Eius sequi.";"Ullam et.";"Omnis est eveniet.";"Quae velit.";0;0;;;
attr_239;pim_catalog_simpleselect;attr_gr_1;"Possimus dignissimos.";"Corporis velit.";"Praesentium voluptatem rerum.";"Vitae quo voluptatem.";0;0;;;
attr_240;pim_catalog_file;attr_gr_10;"Aut qui.";"Nulla facilis.";"Ea fugit.";"Labore animi earum.";0;0;jpg,png;;
attr_241;pim_catalog_textarea;attr_gr_13;"Sunt totam.";"Et officiis hic.";"Exercitationem veritatis.";"Vel doloremque dolores.";0;0;;;
attr_242;pim_catalog_text;attr_gr_2;"Est eos excepturi.";"Omnis aperiam quam.";"Ex vero.";"Ut laboriosam.";0;0;;;
attr_243;pim_catalog_image;attr_gr_8;"Sed quaerat nisi.";"Nihil deleniti praesentium.";"Iste veritatis.";"Reprehenderit officiis.";0;0;png,jpg;;
attr_244;pim_catalog_file;attr_gr_8;"Pariatur officiis.";"Ipsum tenetur sapiente.";"Inventore voluptates ut.";"Voluptas quae.";0;0;png,pdf;;
attr_245;pim_catalog_image;attr_gr_9;"Voluptatem vitae.";"Et voluptas quo.";"Officia deleniti.";"Eveniet tempora aliquam.";0;0;jpg,png;;
attr_246;pim_catalog_file;attr_gr_7;"Illo doloremque molestiae.";"Quasi aut ut.";"In dolores eius.";"Sit harum.";0;0;jpg,png;;
attr_247;pim_catalog_image;attr_gr_13;"Tempora consequatur.";"Eos in.";"Officiis aliquid.";"Delectus dolor error.";0;0;png,jpg;;
attr_248;pim_catalog_text;attr_gr_14;"Et aliquam eveniet.";"Odit et non.";"Harum dolorem.";"Eum sed.";0;0;;;
attr_249;pim_catalog_text;attr_gr_10;"Inventore sint placeat.";"Ratione dolore sed.";"Ipsam voluptatibus.";"Aut ut ea.";0;0;;;
attr_250;pim_catalog_file;attr_gr_7;"Harum in voluptates.";"Harum minus.";"Quae quam.";"Quod est quis.";0;0;pdf,jpg;;
attr_251;pim_catalog_simpleselect;attr_gr_5;"Cum ut.";"Illum quia.";"Maiores praesentium itaque.";"Fugit asperiores.";0;0;;;
attr_252;pim_catalog_date;attr_gr_4;"Sunt ad molestias.";"Maxime ut reprehenderit.";"Et et.";"Doloribus consequatur.";0;0;;;
attr_253;pim_catalog_text;attr_gr_8;"Dolorem quod ut.";"Possimus quod.";"Sint placeat doloribus.";"Laudantium eos ut.";0;0;;;
attr_254;pim_catalog_boolean;attr_gr_11;"In eum.";"Harum debitis voluptas.";"Exercitationem esse.";"Ut ab consequatur.";0;0;;;
attr_255;pim_catalog_date;attr_gr_3;"Praesentium necessitatibus.";"Nihil atque veritatis.";"Dolor aliquid ut.";"Optio ex.";0;0;;;
attr_256;pim_catalog_metric;attr_gr_1;"Eum dolores voluptatem.";"Architecto impedit.";"Ipsum facere inventore.";"Facilis quas.";0;0;;Length;METER
attr_257;pim_catalog_price_collection;attr_gr_6;"Quod quasi.";"Id fugiat culpa.";"Aut sunt.";"Qui ut placeat.";0;0;;;
attr_258;pim_catalog_date;attr_gr_4;"Voluptas nostrum.";"Sint nisi enim.";"Itaque autem vel.";"Quis mollitia.";0;0;;;
attr_259;pim_catalog_boolean;attr_gr_1;"Dolores laborum harum.";"Tenetur pariatur consequatur.";"Quam vitae consequuntur.";"Id nulla.";0;0;;;
attr_260;pim_catalog_textarea;attr_gr_10;"Voluptas et.";"Animi sunt.";"Velit voluptatibus deleniti.";"Dolor in.";0;0;;;
attr_261;pim_catalog_price_collection;attr_gr_11;"Rerum impedit.";"Ut minima.";"Ea eligendi.";"Non sit.";0;0;;;
attr_262;pim_catalog_text;attr_gr_11;"Accusamus laudantium.";"Animi tempora.";"Consectetur et.";"Dignissimos ducimus sapiente.";0;0;;;
attr_263;pim_catalog_multiselect;attr_gr_6;"Quis fugiat.";"Sequi delectus sint.";"Eveniet incidunt incidunt.";"Dicta earum sint.";0;0;;;
attr_264;pim_catalog_image;attr_gr_8;"Corrupti nobis ut.";"Voluptatem facere libero.";"Vel nulla.";"Sed doloremque.";0;0;pdf,jpg;;
attr_265;pim_catalog_date;attr_gr_7;"Dolor tempore dolores.";"Minus quae.";"Et dolorem.";"Recusandae voluptatem natus.";0;0;;;
attr_266;pim_catalog_price_collection;attr_gr_2;"Consectetur ut numquam.";"Et fugiat architecto.";"Odio sint.";"Quis ipsam.";0;0;;;
attr_267;pim_catalog_text;attr_gr_11;"Maiores consequatur neque.";"Sapiente ut cum.";"Eum rerum.";"Adipisci sit.";0;0;;;
attr_268;pim_catalog_number;attr_gr_11;"Sunt sint aut.";"Dignissimos non sunt.";"Aliquam et eos.";"Voluptatibus voluptatem ut.";0;0;;;
attr_269;pim_catalog_image;attr_gr_5;"Corrupti cupiditate corporis.";"Unde consectetur.";"Eum ex corrupti.";"Voluptatem tempora natus.";0;0;png,pdf;;
attr_270;pim_catalog_image;attr_gr_4;"Voluptates magni fuga.";"Omnis iste.";"Tempore voluptas recusandae.";"Quae laudantium.";0;0;png,jpg;;
attr_271;pim_catalog_textarea;attr_gr_13;"Dolores velit eum.";"Est voluptate porro.";"Aut hic et.";"Inventore eveniet.";0;0;;;
attr_272;pim_catalog_price_collection;attr_gr_2;"Magnam eum.";"Ut voluptatem odit.";"Voluptatum ut cum.";"Sunt dolores nihil.";0;0;;;
attr_273;pim_catalog_file;attr_gr_3;"Asperiores iure quae.";"Rerum ad.";"Et odio officia.";"Quidem voluptatem.";0;0;pdf,png;;
attr_274;pim_catalog_price_collection;attr_gr_14;"Ad consectetur esse.";"Hic accusamus libero.";"Fugiat dolorum.";"Consequatur consequatur.";0;0;;;
attr_275;pim_catalog_metric;attr_gr_5;"Et et ut.";"Aliquam eligendi qui.";"Corrupti vero maiores.";"Tempore et.";0;0;;Length;METER
attr_276;pim_catalog_number;attr_gr_0;"Doloremque et laudantium.";"Nam consequatur minus.";"Praesentium tempora.";"Dignissimos rerum.";0;0;;;
attr_277;pim_catalog_number;attr_gr_2;"Vel iste.";"Ipsum velit.";"Officia accusamus.";"Illo rerum vel.";0;0;;;
attr_278;pim_catalog_metric;attr_gr_0;"Qui accusantium sed.";"Illo vel perferendis.";"Nostrum ut.";"Quas autem.";0;0;;Length;METER
attr_279;pim_catalog_simpleselect;attr_gr_1;"Quos omnis sequi.";"Ea amet.";"Qui voluptas aut.";"Et consequatur.";0;1;;;
attr_280;pim_catalog_text;attr_gr_2;"Quia omnis et.";"Deserunt ducimus nihil.";"Rerum nisi.";"Nam omnis quia.";0;0;;;
attr_281;pim_catalog_simpleselect;attr_gr_2;"Dolorum et deserunt.";"Aut in.";"Deleniti vel eaque.";"Omnis error.";0;0;;;
attr_282;pim_catalog_multiselect;attr_gr_6;"Iure ipsam.";"Et nostrum minima.";"Est unde.";"Quae voluptatem.";0;0;;;
attr_283;pim_catalog_text;attr_gr_7;"Nihil omnis.";"Et saepe.";"Laboriosam sequi consequuntur.";"Placeat voluptatibus impedit.";0;0;;;
attr_284;pim_catalog_text;attr_gr_4;"Et nisi.";"Possimus eos voluptatibus.";"Eaque quibusdam cupiditate.";"Ad illum et.";0;0;;;
attr_285;pim_catalog_boolean;attr_gr_4;"Et architecto harum.";"Itaque et dolorum.";"Perferendis corrupti commodi.";"Est delectus.";0;0;;;
attr_286;pim_catalog_textarea;attr_gr_6;"Sint dignissimos sit.";"Ut fugit minus.";"Enim ut.";"Saepe est sit.";0;0;;;
attr_287;pim_catalog_simpleselect;attr_gr_5;"Illum qui rerum.";"Sed id.";"Nostrum qui iste.";"Doloribus consequuntur.";0;0;;;
attr_288;pim_catalog_price_collection;attr_gr_13;"Facilis et.";"Eos voluptas.";"Modi perferendis.";"Tempora maiores.";0;0;;;
attr_289;pim_catalog_date;attr_gr_14;"Aut sed qui.";"In illo.";"Dolores voluptates labore.";"Architecto dolorum magni.";0;0;;;
attr_290;pim_catalog_multiselect;attr_gr_11;"Et officia occaecati.";"Aut dolores.";"Facere voluptatem.";"Ut et.";0;0;;;
attr_291;pim_catalog_metric;attr_gr_10;"Consequatur omnis.";"Qui deleniti provident.";"Possimus ea.";"Optio quasi officia.";0;0;;Length;METER
attr_292;pim_catalog_boolean;attr_gr_12;"Perspiciatis hic omnis.";"Quidem sed.";"Adipisci et quia.";"Nesciunt beatae doloremque.";0;0;;;
attr_293;pim_catalog_multiselect;attr_gr_11;"At maiores.";"Quia dolores.";"Temporibus rem consequatur.";"Nulla excepturi modi.";0;0;;;
attr_294;pim_catalog_date;attr_gr_13;"Aut assumenda occaecati.";"Aperiam voluptate officiis.";"Soluta molestiae.";"Et quibusdam.";0;0;;;
attr_295;pim_catalog_simpleselect;attr_gr_12;"Molestias facilis.";"Corrupti iusto sint.";"Fuga magnam eaque.";"Facilis aut perferendis.";0;0;;;
attr_296;pim_catalog_price_collection;attr_gr_7;"Perspiciatis cupiditate.";"Qui hic.";"Enim voluptas.";"Eum quisquam qui.";0;0;;;
attr_297;pim_catalog_text;attr_gr_1;"Et quia.";"Et ut ut.";"Dolorem nemo numquam.";"Tenetur est qui.";0;0;;;
attr_298;pim_catalog_file;attr_gr_2;"Ut similique.";"Perspiciatis consectetur ullam.";"Illo similique.";"Voluptate eligendi.";0;0;jpg,pdf;;
attr_299;pim_catalog_multiselect;attr_gr_4;"Qui consequuntur nulla.";"Maxime voluptatem soluta.";"Sit molestiae molestiae.";"Aut architecto.";0;0;;;
attr_300;pim_catalog_price_collection;attr_gr_7;"Itaque quasi voluptatibus.";"Voluptas quibusdam ut.";"Id veniam quasi.";"Id at non.";0;0;;;
attr_301;pim_catalog_metric;attr_gr_5;"In vero.";"Id sunt.";"Reiciendis iure.";"Porro voluptatem.";0;0;;Length;METER
attr_302;pim_catalog_file;attr_gr_2;"Consequatur a excepturi.";"Rem facilis.";"Optio possimus a.";"Hic nihil.";0;0;pdf,jpg;;
attr_303;pim_catalog_simpleselect;attr_gr_14;"Est aliquid quae.";"Ut nihil.";"Laboriosam magnam et.";"Libero non et.";0;0;;;
attr_304;pim_catalog_date;attr_gr_9;"Assumenda repellendus.";"Eum maiores quis.";"Iusto quae est.";"Accusantium iusto.";0;0;;;
attr_305;pim_catalog_price_collection;attr_gr_7;"Distinctio libero.";"Sed et.";"Amet illo.";"Asperiores laudantium non.";0;0;;;
attr_306;pim_catalog_boolean;attr_gr_9;"Est qui error.";"Dolorem quia officiis.";"Magni voluptas praesentium.";"Animi in dolorem.";0;0;;;
attr_307;pim_catalog_price_collection;attr_gr_10;"Error dolorem.";"Fugit nihil.";"Quasi sunt.";"Magnam eos iure.";0;0;;;
attr_308;pim_catalog_number;attr_gr_0;"Qui suscipit.";"Perspiciatis quo natus.";"Eos reprehenderit consequuntur.";"Hic aperiam unde.";0;0;;;
attr_309;pim_catalog_number;attr_gr_6;"Ipsam nihil animi.";"Harum doloremque nisi.";"Corporis error minima.";"Distinctio enim.";0;0;;;
attr_310;pim_catalog_textarea;attr_gr_3;"Numquam adipisci.";"Odit voluptatem.";"In sint minima.";"Dignissimos libero corrupti.";0;0;;;
attr_311;pim_catalog_date;attr_gr_6;"Alias soluta alias.";"Et ut culpa.";"Delectus numquam ut.";"Sunt omnis.";0;0;;;
attr_312;pim_catalog_textarea;attr_gr_6;"Perspiciatis eaque.";"A assumenda.";"Ut temporibus beatae.";"Magni sunt.";0;0;;;
attr_313;pim_catalog_price_collection;attr_gr_6;"Quia vel.";"Ut eos minus.";"Dolore nihil.";"Ut aut incidunt.";0;0;;;
attr_314;pim_catalog_simpleselect;attr_gr_2;"Pariatur nihil rerum.";"Quas rerum nam.";"Enim ipsam.";"Et sint.";0;0;;;
attr_315;pim_catalog_simpleselect;attr_gr_3;"Ratione aperiam veniam.";"Deserunt natus.";"Similique suscipit.";"Ducimus vel qui.";0;0;;;
attr_316;pim_catalog_metric;attr_gr_9;"Sint quis atque.";"Qui distinctio debitis.";"Incidunt dolor provident.";"Quam sit velit.";0;0;;Length;METER
attr_317;pim_catalog_metric;attr_gr_11;"Et molestiae laudantium.";"Qui illum.";"Quaerat dolores rerum.";"Tenetur consectetur error.";0;0;;Length;METER
attr_318;pim_catalog_price_collection;attr_gr_8;"Voluptas et.";"Aut qui temporibus.";"Itaque voluptatem.";"Doloremque minus reprehenderit.";0;0;;;
attr_319;pim_catalog_price_collection;attr_gr_14;"Molestias molestiae.";"Et atque.";"Animi nam rem.";"Enim earum.";0;0;;;
attr_320;pim_catalog_textarea;attr_gr_9;"Aut totam.";"Corporis alias animi.";"Itaque ut.";"Non ad.";0;0;;;
attr_321;pim_catalog_date;attr_gr_7;"Consectetur eum.";"Sint est iste.";"Ut qui.";"Molestiae voluptatibus.";0;0;;;
attr_322;pim_catalog_file;attr_gr_6;"Quasi deleniti.";"Quibusdam qui enim.";"Odit aliquid.";"Mollitia culpa animi.";0;0;png,jpg;;
attr_323;pim_catalog_text;attr_gr_4;"Autem quia.";"Sed voluptatibus.";"Nam doloremque consequatur.";"Aliquam excepturi dolorem.";0;0;;;
attr_324;pim_catalog_multiselect;attr_gr_10;"Et quasi in.";"Natus fugiat.";"Nesciunt hic.";"Et similique.";0;0;;;
attr_325;pim_catalog_boolean;attr_gr_3;"Qui nulla.";"Tempora vel sunt.";"Inventore unde ut.";"Est iste rerum.";0;0;;;
attr_326;pim_catalog_boolean;attr_gr_4;"Cumque amet.";"Animi nam.";"Molestiae tenetur.";"Rerum ut perferendis.";0;0;;;
attr_327;pim_catalog_textarea;attr_gr_6;"Est porro incidunt.";"Expedita magni.";"Qui autem.";"Est minus provident.";0;0;;;
attr_328;pim_catalog_text;attr_gr_4;"Qui id.";"Nesciunt saepe.";"Animi dicta aut.";"Eum maxime labore.";0;0;;;
attr_329;pim_catalog_text;attr_gr_2;"Placeat aut animi.";"Voluptas et asperiores.";"Debitis aut nesciunt.";"Soluta perspiciatis voluptatem.";0;0;;;
attr_330;pim_catalog_number;attr_gr_2;"Aut voluptate.";"Voluptas est.";"Est voluptas.";"Blanditiis illum dolorum.";0;0;;;
attr_331;pim_catalog_image;attr_gr_9;"Magnam reiciendis dolore.";"Saepe voluptatem tenetur.";"Voluptas dolor ratione.";"Totam qui.";0;0;jpg,pdf;;
attr_332;pim_catalog_text;attr_gr_11;"Quas sed.";"Doloremque iste eum.";"Eius aspernatur.";"Fugit velit.";0;0;;;
attr_333;pim_catalog_textarea;attr_gr_4;"Corporis suscipit.";"Et tempora.";"Consectetur sit in.";"Quam harum eum.";0;0;;;
attr_334;pim_catalog_textarea;attr_gr_4;"Nihil reiciendis.";"Enim tenetur et.";"Et dolorem quia.";"Autem aut.";0;0;;;
attr_335;pim_catalog_textarea;attr_gr_2;"Aliquam consequatur eos.";"Mollitia rem odit.";"Amet qui et.";"Itaque non.";0;0;;;
attr_336;pim_catalog_metric;attr_gr_9;"Tenetur laboriosam ut.";"Rerum tempora inventore.";"Ut perferendis.";"Vel est.";0;0;;Length;METER
attr_337;pim_catalog_text;attr_gr_8;"Minus tempora sint.";"Libero numquam aliquam.";"Illum voluptatem ratione.";"Ut est.";0;0;;;
attr_338;pim_catalog_number;attr_gr_0;"Ullam sit exercitationem.";"Maxime animi.";"Est sed id.";"Iste praesentium.";0;0;;;
attr_339;pim_catalog_text;attr_gr_7;"Necessitatibus consequatur neque.";"Sit est repudiandae.";"Velit fugiat perspiciatis.";"Eum ducimus.";0;0;;;
attr_340;pim_catalog_textarea;attr_gr_11;"Et animi tempore.";"Eum voluptas.";"Similique nisi corrupti.";"Qui tempore.";0;0;;;
attr_341;pim_catalog_date;attr_gr_1;"Nobis non mollitia.";"Assumenda eligendi.";"Et nemo alias.";"Esse molestiae enim.";0;0;;;
attr_342;pim_catalog_multiselect;attr_gr_9;"Ipsa numquam omnis.";"Error quo incidunt.";"Maiores vel distinctio.";"Consequatur est.";1;0;;;
attr_343;pim_catalog_simpleselect;attr_gr_5;"Asperiores quia.";"Et molestiae voluptatum.";"Nostrum ex eos.";"Commodi doloribus impedit.";0;0;;;
attr_344;pim_catalog_multiselect;attr_gr_7;"Facilis asperiores quo.";"A dicta.";"Rerum corporis et.";"Quis repellendus dolorem.";0;0;;;
attr_345;pim_catalog_boolean;attr_gr_9;"Ipsa aut est.";"Aliquam sit vero.";"Fugiat eveniet vero.";"Omnis voluptates deserunt.";0;0;;;
attr_346;pim_catalog_price_collection;attr_gr_2;"Illo unde eveniet.";"Est sit omnis.";"Consequatur pariatur quae.";"Error nesciunt eum.";0;0;;;
attr_347;pim_catalog_file;attr_gr_8;"Ipsa assumenda non.";"Excepturi excepturi.";"Perspiciatis dolorem.";"Et voluptatem fuga.";0;0;png,pdf;;
attr_348;pim_catalog_file;attr_gr_1;"Dolorum perspiciatis ut.";"Sint ut dolores.";"Corrupti doloremque.";"Ea voluptas.";0;0;jpg,pdf;;
attr_349;pim_catalog_textarea;attr_gr_3;"Atque pariatur.";"Minus natus maiores.";"Dolores id.";"Facere ex.";0;0;;;
attr_350;pim_catalog_simpleselect;attr_gr_9;"Et dicta est.";"Aliquam dolores doloremque.";"Culpa temporibus quis.";"Et nostrum rerum.";0;0;;;
attr_351;pim_catalog_number;attr_gr_6;"Consectetur sit corporis.";"Quasi ullam.";"Doloribus dolor.";"Dolorem id saepe.";0;0;;;
attr_352;pim_catalog_textarea;attr_gr_7;"Consequatur temporibus doloremque.";"Consequatur voluptas.";"Sint dolore.";"Officiis doloribus.";0;0;;;
attr_353;pim_catalog_boolean;attr_gr_12;"Enim at ut.";"Aut numquam.";"Id quae.";"Mollitia nesciunt.";0;1;;;
attr_354;pim_catalog_price_collection;attr_gr_2;"Rerum numquam voluptas.";"Fugiat perspiciatis mollitia.";"Nemo quisquam.";"Ad rerum.";0;0;;;
attr_355;pim_catalog_multiselect;attr_gr_5;"Provident quasi minus.";"Minima deleniti.";"Qui qui.";"Omnis reiciendis doloribus.";0;0;;;
attr_356;pim_catalog_image;attr_gr_0;"Odit blanditiis.";"Aliquam omnis non.";"Omnis quasi atque.";"Sequi deleniti quos.";0;0;jpg,png;;
attr_357;pim_catalog_textarea;attr_gr_9;"Nemo dolor.";"Aliquid quo est.";"Doloribus fugiat.";"Minima asperiores at.";0;0;;;
attr_358;pim_catalog_image;attr_gr_4;"Distinctio voluptate unde.";"Ipsam similique in.";"Aut repellat.";"Et possimus.";0;0;png,pdf;;
attr_359;pim_catalog_date;attr_gr_5;"Doloremque officiis.";"Eum id esse.";"Dolor molestias placeat.";"Ullam tempora.";0;0;;;
attr_360;pim_catalog_price_collection;attr_gr_13;"Placeat alias quasi.";"Ad vero.";"Id recusandae omnis.";"Voluptas ipsum id.";0;0;;;
attr_361;pim_catalog_date;attr_gr_6;"Et qui aut.";"Provident deleniti.";"Veniam atque.";"Velit et.";0;0;;;
attr_362;pim_catalog_text;attr_gr_4;"Suscipit ea qui.";"Odit quia fugit.";"Rerum quis.";"Autem saepe.";0;0;;;
attr_363;pim_catalog_number;attr_gr_13;"Itaque earum.";"Animi nam quis.";"Deserunt vel adipisci.";"Aliquam distinctio.";0;0;;;
attr_364;pim_catalog_multiselect;attr_gr_14;"Voluptas veritatis commodi.";"Fugiat amet.";"Cum cupiditate et.";"Minima quo.";0;0;;;
attr_365;pim_catalog_number;attr_gr_3;"Consequuntur autem.";"Nemo vel.";"Aut sed modi.";"Voluptatem nisi nihil.";0;0;;;
attr_366;pim_catalog_simpleselect;attr_gr_11;"Quod voluptate.";"Totam distinctio.";"Vel sapiente.";"Est sint quae.";0;0;;;
attr_367;pim_catalog_multiselect;attr_gr_7;"Magnam qui libero.";"Dolorem ratione.";"Temporibus dolore est.";"Excepturi non architecto.";0;0;;;
attr_368;pim_catalog_price_collection;attr_gr_10;"Cum error.";"Natus dolorem deleniti.";"Sit vel asperiores.";"Dolore fugit et.";0;0;;;
attr_369;pim_catalog_file;attr_gr_2;"Dolores sed nisi.";"Est aut non.";"Et quis.";"Perspiciatis voluptatem.";1;0;pdf,png;;
attr_370;pim_catalog_text;attr_gr_5;"Consectetur qui.";"Non autem.";"Earum nulla.";"Laudantium aut et.";0;0;;;
attr_371;pim_catalog_metric;attr_gr_11;"Eum molestiae.";"Ut sint.";"Quia dignissimos dolorem.";"Qui odit eligendi.";0;0;;Length;METER
attr_372;pim_catalog_price_collection;attr_gr_8;"Non voluptatum.";"Qui qui aperiam.";"Ipsam ipsam omnis.";"Et ea.";0;0;;;
attr_373;pim_catalog_simpleselect;attr_gr_8;"Nihil pariatur.";"Facere aut minus.";"Rerum culpa.";"Quidem esse molestiae.";0;0;;;
attr_374;pim_catalog_text;attr_gr_11;"Voluptatem non.";"Impedit quasi.";"Et eaque aut.";"Suscipit non.";0;0;;;
attr_375;pim_catalog_metric;attr_gr_9;"Possimus est quasi.";"Ut voluptatem delectus.";"Cupiditate corrupti id.";"Ut ut.";0;0;;Length;METER
attr_376;pim_catalog_image;attr_gr_11;"Debitis illo facilis.";"Nesciunt in.";"Aliquid alias labore.";"Saepe quasi sed.";0;0;png,pdf;;
attr_377;pim_catalog_multiselect;attr_gr_11;"Veniam nisi.";"Asperiores officia.";"Vitae repellendus.";"Ut rerum corporis.";0;0;;;
attr_378;pim_catalog_number;attr_gr_6;"Sed deserunt necessitatibus.";"Optio dignissimos.";"Qui ipsa.";"A qui.";0;0;;;
attr_379;pim_catalog_image;attr_gr_8;"Dolorem necessitatibus.";"Debitis et odit.";"Ratione minus et.";"Minus quia cupiditate.";0;0;pdf,png;;
attr_380;pim_catalog_date;attr_gr_14;"Sequi est nemo.";"Debitis eaque non.";"Expedita perferendis.";"Aut aut sunt.";0;0;;;
attr_381;pim_catalog_date;attr_gr_10;"Eius exercitationem.";"Asperiores magni.";"Voluptatum et.";"Rerum ex tenetur.";1;0;;;
attr_382;pim_catalog_boolean;attr_gr_9;"Quia reprehenderit iste.";"Accusamus sed ut.";"Quibusdam est et.";"Laboriosam praesentium labore.";0;0;;;
attr_383;pim_catalog_text;attr_gr_3;"Molestiae molestiae.";"Quae quaerat.";"Corporis excepturi.";"Qui rerum ipsum.";0;0;;;
attr_384;pim_catalog_metric;attr_gr_13;"Illo rerum.";"Quia corrupti illo.";"Facilis quos.";"Non ducimus nulla.";0;0;;Length;METER
attr_385;pim_catalog_simpleselect;attr_gr_10;"Similique nobis.";"Vero quaerat delectus.";"Reiciendis nihil non.";"Voluptatibus rerum quo.";0;0;;;
attr_386;pim_catalog_file;attr_gr_5;"Qui rerum et.";"Ipsam quisquam dignissimos.";"Quidem quidem dolores.";"Iusto et.";0;0;pdf,png;;
attr_387;pim_catalog_price_collection;attr_gr_1;"Sit nostrum autem.";"Maxime ut.";"Facere non illo.";"Autem quod.";0;0;;;
attr_388;pim_catalog_file;attr_gr_11;"Nesciunt magnam.";"Quia atque.";"Magnam provident.";"Quae et ea.";0;0;jpg,png;;
attr_389;pim_catalog_simpleselect;attr_gr_1;"Ipsum fugiat.";"Odio adipisci quas.";"Quidem facere veniam.";"A quo.";0;0;;;
attr_390;pim_catalog_number;attr_gr_7;"Ea ut et.";"Fugiat sed.";"Quidem eum officia.";"Iste dolorem.";0;0;;;
attr_391;pim_catalog_file;attr_gr_1;"Sequi molestiae itaque.";"Provident molestiae quia.";"Repellat mollitia numquam.";"Consequuntur earum.";0;0;pdf,jpg;;
attr_392;pim_catalog_metric;attr_gr_2;"Odit ut nobis.";"Laudantium rem.";"Ut suscipit doloribus.";"Enim deserunt.";1;0;;Length;METER
attr_393;pim_catalog_price_collection;attr_gr_9;"Omnis et.";"Minima molestiae.";"Id autem magni.";"Harum est ut.";0;0;;;
attr_394;pim_catalog_simpleselect;attr_gr_8;"Similique officiis expedita.";"Dolore minima.";"Commodi veritatis.";"Ipsa beatae.";0;0;;;
attr_395;pim_catalog_textarea;attr_gr_3;"Consectetur et.";"Provident porro.";"Eligendi dolorem voluptatum.";"Commodi vero.";0;0;;;
attr_396;pim_catalog_file;attr_gr_0;"Autem porro dignissimos.";"Aut quidem.";"Ducimus eaque qui.";"Quis nihil doloremque.";0;0;pdf,jpg;;
attr_397;pim_catalog_multiselect;attr_gr_9;"Maiores aut quidem.";"Eius animi minus.";"Ratione molestiae.";"Facilis rerum.";0;0;;;
attr_398;pim_catalog_number;attr_gr_7;"Quia assumenda.";"Recusandae expedita quos.";"Et accusantium.";"Eveniet expedita assumenda.";0;0;;;
attr_399;pim_catalog_file;attr_gr_2;"Et qui.";"Eum quod.";"Provident et sed.";"Nihil dolor est.";0;0;jpg,pdf;;
