code;type;group;label-fr_FR;label-en_US;label-ru_RU;label-it_IT;localizable;scopable;metric_family;default_metric_unit;allowed_extensions
sku;pim_catalog_identifier;attr_gr_14;;;;;;;;;
name;pim_catalog_text;attr_gr_6;;;;;;;;;
attr_0;pim_catalog_metric;attr_gr_12;"Assumenda dolores.";"Vel voluptatem repellat.";"Officiis reiciendis.";"Deleniti beatae rem.";0;0;Length;METER;
attr_1;pim_catalog_multiselect;attr_gr_13;"Ipsam id.";"Non vel labore.";"Nam qui atque.";"Amet rerum.";0;0;;;
attr_2;pim_catalog_date;attr_gr_7;"Inventore qui.";"Eveniet omnis.";"Commodi ipsa enim.";"Dignissimos optio.";0;0;;;
attr_3;pim_catalog_metric;attr_gr_13;"Illo magnam eveniet.";"Consequatur veniam voluptas.";"Ut ea perspiciatis.";"Est voluptatem quia.";0;0;Length;METER;
attr_4;pim_catalog_number;attr_gr_8;"Adipisci aspernatur libero.";"Odit explicabo.";"Voluptates laudantium.";"Impedit qui ut.";0;0;;;
attr_5;pim_catalog_textarea;attr_gr_8;"Explicabo suscipit.";"Quis iure.";"Aut harum.";"Et qui similique.";0;0;;;
attr_6;pim_catalog_price_collection;attr_gr_4;"Omnis distinctio.";"Aut ratione.";"Dolorem soluta.";"Suscipit quod eius.";0;0;;;
attr_7;pim_catalog_number;attr_gr_1;"Molestiae veniam.";"Aliquid quia.";"Nisi quia non.";"Quod voluptatum.";0;0;;;
attr_8;pim_catalog_price_collection;attr_gr_4;"Nostrum suscipit quo.";"Quo est eum.";"Atque esse facilis.";"Sed et.";0;0;;;
attr_9;pim_catalog_metric;attr_gr_8;"Illum tenetur.";"Saepe doloremque.";"Dolore modi et.";"Facilis temporibus mollitia.";0;0;Length;METER;
attr_10;pim_catalog_number;attr_gr_11;"Similique eos.";"Nemo esse dicta.";"Qui sunt.";"Ex placeat maiores.";0;0;;;
attr_11;pim_catalog_metric;attr_gr_3;"Et est quaerat.";"Iure libero velit.";"Aut tenetur.";"Ut delectus.";0;0;Length;METER;
attr_12;pim_catalog_boolean;attr_gr_11;"Rerum quae iure.";"Nemo qui.";"Incidunt sed ut.";"Praesentium architecto ut.";0;0;;;
attr_13;pim_catalog_number;attr_gr_3;"Alias iste eos.";"Debitis expedita.";"Expedita rem.";"Inventore consequuntur est.";0;0;;;
attr_14;pim_catalog_date;attr_gr_8;"Sed ex.";"Perspiciatis molestias.";"Eum unde.";"Minus ipsum.";0;0;;;
attr_15;pim_catalog_number;attr_gr_11;"Ab aut.";"Vel quae dolorem.";"Ut quaerat ut.";"Reprehenderit velit voluptas.";0;0;;;
attr_16;pim_catalog_price_collection;attr_gr_14;"Magni distinctio dolores.";"Ut nobis.";"Sed accusamus aut.";"Laborum voluptatem.";0;0;;;
attr_17;pim_catalog_text;attr_gr_11;"Non aliquam.";"Enim in.";"Non aut.";"Rerum nihil eaque.";0;0;;;
attr_18;pim_catalog_date;attr_gr_9;"Qui at.";"Libero nihil.";"Aut itaque.";"Quod facere.";0;0;;;
attr_19;pim_catalog_metric;attr_gr_11;"Omnis in.";"Odit quia quaerat.";"Et iusto.";"Est molestiae.";0;0;Length;METER;
attr_20;pim_catalog_image;attr_gr_1;"Quia et.";"Vero quis quas.";"Dicta ut.";"Aut est maiores.";0;0;;;jpg,png
attr_21;pim_catalog_textarea;attr_gr_6;"Reprehenderit aut.";"Voluptatem commodi cumque.";"Eum quam.";"Est eveniet.";0;0;;;
attr_22;pim_catalog_date;attr_gr_0;"Quis qui id.";"Quae accusantium.";"Beatae non.";"Eum et dolor.";0;0;;;
attr_23;pim_catalog_textarea;attr_gr_5;"Veniam sequi.";"Consequatur a.";"Et officiis.";"Aliquid laudantium et.";0;0;;;
attr_24;pim_catalog_date;attr_gr_3;"Nostrum illo itaque.";"Repudiandae soluta.";"Qui in.";"Voluptatum quo enim.";0;0;;;
attr_25;pim_catalog_price_collection;attr_gr_0;"Quas deserunt excepturi.";"Sed soluta labore.";"Non sit exercitationem.";"Hic sit.";0;0;;;
attr_26;pim_catalog_date;attr_gr_14;"Nihil quis earum.";"Et laboriosam rem.";"Velit eos dolore.";"Consectetur nihil cupiditate.";0;0;;;
attr_27;pim_catalog_price_collection;attr_gr_5;"In officia.";"Culpa dolores voluptatem.";"Animi consectetur ullam.";"Repellendus omnis.";0;0;;;
attr_28;pim_catalog_image;attr_gr_4;"Placeat quo.";"Aliquam est quia.";"Similique voluptas.";"Est autem id.";0;0;;;jpg,pdf
attr_29;pim_catalog_boolean;attr_gr_6;"Quis qui.";"Blanditiis omnis ea.";"Suscipit architecto.";"Quos recusandae.";0;0;;;
attr_30;pim_catalog_multiselect;attr_gr_1;"Praesentium harum autem.";"Qui magnam sed.";"Quaerat non nisi.";"Qui aliquam sed.";0;0;;;
attr_31;pim_catalog_boolean;attr_gr_10;"Dignissimos nam est.";"Quod et.";"Veritatis laboriosam.";"Saepe atque eius.";0;0;;;
attr_32;pim_catalog_text;attr_gr_5;"Cum commodi repellat.";"Assumenda praesentium.";"Minima et.";"Cupiditate iusto ipsam.";0;0;;;
attr_33;pim_catalog_metric;attr_gr_2;"Est qui doloremque.";"Et repudiandae.";"Qui consequatur.";"Ratione ut.";0;0;Length;METER;
attr_34;pim_catalog_date;attr_gr_4;"Occaecati qui.";"Unde occaecati ratione.";"Optio temporibus harum.";"Optio quidem dolore.";0;0;;;
attr_35;pim_catalog_simpleselect;attr_gr_12;"Et inventore quasi.";"Incidunt distinctio sint.";"Illum harum.";"Non voluptatem consequatur.";0;0;;;
attr_36;pim_catalog_multiselect;attr_gr_6;"Omnis maxime.";"Odio commodi distinctio.";"Unde harum omnis.";"Sit et dolor.";0;0;;;
attr_37;pim_catalog_multiselect;attr_gr_12;"Explicabo culpa nihil.";"Maiores aut.";"Tenetur dolore est.";"Sunt ex voluptatem.";0;0;;;
attr_38;pim_catalog_textarea;attr_gr_6;"Veniam reprehenderit qui.";"Quo praesentium.";"Corporis alias magni.";"Libero rerum.";0;0;;;
attr_39;pim_catalog_simpleselect;attr_gr_12;"Quidem vel eum.";"Et consectetur.";"Dolor recusandae deleniti.";"Aut magni.";0;0;;;
attr_40;pim_catalog_textarea;attr_gr_14;"Aut voluptatem ut.";"Incidunt debitis fugiat.";"Repellat non.";"Magni praesentium laudantium.";0;0;;;
attr_41;pim_catalog_file;attr_gr_14;"Rem deserunt voluptatem.";"Voluptatibus dignissimos facere.";"Nemo quaerat consequatur.";"Blanditiis unde tenetur.";0;0;;;jpg,png
attr_42;pim_catalog_price_collection;attr_gr_13;"Repudiandae quisquam nisi.";"Aut ab.";"Et ipsum sed.";"Occaecati explicabo placeat.";0;0;;;
attr_43;pim_catalog_text;attr_gr_6;"Ut quod omnis.";"Repudiandae laboriosam est.";"Optio quisquam.";"Beatae et amet.";0;0;;;
attr_44;pim_catalog_file;attr_gr_14;"Omnis mollitia.";"Rerum voluptatibus nobis.";"Similique et.";"Atque nobis.";0;0;;;pdf,jpg
attr_45;pim_catalog_multiselect;attr_gr_7;"Possimus et.";"Et molestias eveniet.";"Alias repellat.";"Aut corrupti vel.";0;0;;;
attr_46;pim_catalog_number;attr_gr_3;"Labore qui.";"Sed sed.";"Soluta aut.";"Eius repellendus possimus.";0;0;;;
attr_47;pim_catalog_textarea;attr_gr_3;"Et vel sit.";"Maiores nam.";"Et consequuntur veritatis.";"Illo ex quo.";0;0;;;
attr_48;pim_catalog_date;attr_gr_12;"Sit iste.";"Maiores quo possimus.";"Laudantium qui.";"Natus nihil.";0;0;;;
attr_49;pim_catalog_multiselect;attr_gr_2;"Numquam nulla.";"Fugiat quae rerum.";"Repellat sed.";"Distinctio soluta.";0;0;;;
attr_50;pim_catalog_metric;attr_gr_9;"Sit perferendis.";"Quo qui quis.";"Non nulla.";"Accusantium doloremque id.";0;0;Length;METER;
attr_51;pim_catalog_number;attr_gr_5;"Sequi voluptatem cumque.";"Dolore hic omnis.";"Quidem voluptas.";"Odio et eveniet.";0;0;;;
attr_52;pim_catalog_image;attr_gr_2;"Est esse.";"Cum iste.";"Molestiae nam.";"Itaque at suscipit.";0;0;;;jpg,png
attr_53;pim_catalog_file;attr_gr_11;"Sit in qui.";"Voluptatem cupiditate quisquam.";"Consequatur optio.";"Numquam nemo molestiae.";0;0;;;jpg,pdf
attr_54;pim_catalog_date;attr_gr_3;"Nesciunt asperiores.";"Voluptas culpa architecto.";"Error veritatis cupiditate.";"Repellat ad.";0;0;;;
attr_55;pim_catalog_image;attr_gr_3;"Consequatur est quidem.";"Nemo ut eos.";"In et.";"Dicta in.";0;0;;;png,pdf
attr_56;pim_catalog_multiselect;attr_gr_2;"Ut sequi modi.";"Voluptatem blanditiis.";"Ut est id.";"Id eaque ea.";0;0;;;
attr_57;pim_catalog_text;attr_gr_2;"Eaque beatae.";"Praesentium vero.";"Id recusandae.";"Nesciunt pariatur id.";0;0;;;
attr_58;pim_catalog_textarea;attr_gr_10;"Non et.";"Dicta quae earum.";"Sed itaque molestiae.";"Rerum molestiae dolor.";1;1;;;
attr_59;pim_catalog_multiselect;attr_gr_4;"Vitae quibusdam dolorem.";"Aut dicta autem.";"Eum distinctio.";"Consequatur ab.";0;0;;;
attr_60;pim_catalog_simpleselect;attr_gr_14;"Sed blanditiis laboriosam.";"Rerum nobis.";"Doloremque nulla.";"Illum dolorem.";0;0;;;
attr_61;pim_catalog_text;attr_gr_5;"Velit quis libero.";"Eveniet corrupti aperiam.";"Dolorem aperiam.";"Et aut.";0;0;;;
attr_62;pim_catalog_boolean;attr_gr_5;"Delectus quis.";"Ut ipsa.";"Non molestias.";"Officia ut.";0;0;;;
attr_63;pim_catalog_number;attr_gr_10;"Sint voluptatum aperiam.";"Impedit laboriosam est.";"Doloremque cum.";"Quasi sed.";0;0;;;
attr_64;pim_catalog_simpleselect;attr_gr_12;"Et nisi rerum.";"Provident quia.";"Non aliquid.";"Dolores asperiores beatae.";0;0;;;
attr_65;pim_catalog_image;attr_gr_0;"Et fugiat repellat.";"Qui sint.";"Debitis est aut.";"Ut voluptatem id.";0;0;;;jpg,pdf
attr_66;pim_catalog_price_collection;attr_gr_5;"Amet repellat repellendus.";"Consequatur est voluptas.";"Cumque quidem.";"Fugiat ab.";0;0;;;
attr_67;pim_catalog_metric;attr_gr_14;"Enim et.";"Dicta voluptas unde.";"Recusandae ut.";"Laborum dolores.";0;0;Length;METER;
attr_68;pim_catalog_file;attr_gr_6;"Sed error odit.";"Excepturi qui et.";"Quia sequi.";"Nemo odit.";0;0;;;png,pdf
attr_69;pim_catalog_simpleselect;attr_gr_2;"Et aliquid et.";"Fugiat distinctio doloremque.";"Dolorum quidem tempore.";"Eum maxime nihil.";0;0;;;
attr_70;pim_catalog_simpleselect;attr_gr_7;"Eaque nulla nobis.";"Dolorum labore hic.";"Ipsam facilis.";"Dignissimos voluptas.";0;0;;;
attr_71;pim_catalog_price_collection;attr_gr_8;"Assumenda quisquam assumenda.";"Aut ut.";"At nisi et.";"Quam voluptates.";0;0;;;
attr_72;pim_catalog_text;attr_gr_2;"Soluta aut sed.";"Maxime voluptatem.";"Numquam mollitia aut.";"Veritatis atque.";0;0;;;
attr_73;pim_catalog_image;attr_gr_11;"Tempora esse neque.";"Vel numquam nihil.";"Reprehenderit eum nostrum.";"Neque ipsam.";1;0;;;pdf,jpg
attr_74;pim_catalog_number;attr_gr_2;"Necessitatibus molestias tenetur.";"Non aspernatur.";"Est ex.";"Fugit accusantium.";0;0;;;
attr_75;pim_catalog_textarea;attr_gr_8;"Rerum autem.";"Et libero ut.";"Excepturi porro dolore.";"Maiores et.";0;0;;;
attr_76;pim_catalog_multiselect;attr_gr_4;"Voluptate est ducimus.";"Perspiciatis nam.";"Omnis rerum.";"Quas nihil.";0;0;;;
attr_77;pim_catalog_file;attr_gr_5;"Et dolor culpa.";"Ad et.";"Quia voluptatem sit.";"Mollitia totam.";0;0;;;jpg,pdf
attr_78;pim_catalog_date;attr_gr_5;"Distinctio repudiandae.";"Velit exercitationem.";"Autem blanditiis iste.";"Repellat vel.";1;1;;;
attr_79;pim_catalog_file;attr_gr_13;"Tempore alias.";"Consequatur quis.";"Itaque quaerat non.";"Non molestias aspernatur.";0;0;;;pdf,png
attr_80;pim_catalog_file;attr_gr_3;"A qui.";"Non sed quia.";"Consequatur repellat numquam.";"Cumque aut maiores.";0;0;;;jpg,pdf
attr_81;pim_catalog_number;attr_gr_12;"Fuga enim.";"Non aliquam.";"Qui voluptas.";"Aspernatur doloremque exercitationem.";0;0;;;
attr_82;pim_catalog_multiselect;attr_gr_12;"Facere incidunt.";"Dolores qui culpa.";"Sit rem id.";"Iure vero.";1;0;;;
attr_83;pim_catalog_simpleselect;attr_gr_8;"Labore illo.";"Velit ipsa.";"Nihil ab.";"Dolorem alias.";0;0;;;
attr_84;pim_catalog_simpleselect;attr_gr_9;"Voluptatem ut ab.";"Ratione dolore cum.";"Est quam.";"Iusto consequatur.";0;0;;;
attr_85;pim_catalog_text;attr_gr_5;"Sint quo.";"Modi et.";"Et voluptas dolor.";"Quod qui.";0;0;;;
attr_86;pim_catalog_number;attr_gr_12;"Repellendus recusandae sed.";"Natus cumque quos.";"Qui debitis laudantium.";"Itaque officia.";0;0;;;
attr_87;pim_catalog_date;attr_gr_4;"Soluta eum.";"Ab aut quis.";"Non quod voluptates.";"Molestiae recusandae minima.";0;0;;;
attr_88;pim_catalog_multiselect;attr_gr_8;"Corporis quasi distinctio.";"Et et rerum.";"Nobis eveniet.";"Delectus omnis.";0;0;;;
attr_89;pim_catalog_multiselect;attr_gr_13;"Officiis aut.";"Ea ex.";"Et voluptates.";"Sed ipsum cum.";0;0;;;
attr_90;pim_catalog_price_collection;attr_gr_9;"Vero voluptas voluptatem.";"Est pariatur exercitationem.";"Voluptas quidem.";"Facere rerum.";0;0;;;
attr_91;pim_catalog_price_collection;attr_gr_2;"Ratione reprehenderit.";"Quidem corporis.";"Aliquam ex dolor.";"Unde quas esse.";0;0;;;
attr_92;pim_catalog_boolean;attr_gr_1;"Odio sunt.";"Blanditiis facere.";"Atque nam est.";"Veritatis molestiae.";0;0;;;
attr_93;pim_catalog_textarea;attr_gr_13;"Sint et.";"Consequuntur omnis et.";"Et quisquam qui.";"Dolor in voluptatum.";0;0;;;
attr_94;pim_catalog_price_collection;attr_gr_7;"Voluptatem architecto dolore.";"Qui vel ea.";"Rem reiciendis voluptatum.";"Perspiciatis rerum.";0;0;;;
attr_95;pim_catalog_boolean;attr_gr_0;"Consequatur voluptatem quam.";"Magnam natus autem.";"Labore numquam nesciunt.";"Aut facere ab.";0;0;;;
attr_96;pim_catalog_metric;attr_gr_6;"Aut maiores.";"Eum ex modi.";"Numquam perferendis facere.";"Tempora quaerat consequatur.";0;0;Length;METER;
attr_97;pim_catalog_multiselect;attr_gr_12;"Vero ut.";"Omnis ut.";"Nemo voluptas.";"Molestias nemo.";0;0;;;
attr_98;pim_catalog_multiselect;attr_gr_4;"Et voluptatum.";"Deserunt a est.";"Eos alias.";"Sunt recusandae.";1;0;;;
attr_99;pim_catalog_image;attr_gr_4;"Voluptas accusamus.";"Rerum velit ad.";"Possimus ut.";"Unde est.";0;0;;;png,pdf
attr_100;pim_catalog_price_collection;attr_gr_5;"Perspiciatis distinctio.";"Veritatis voluptas.";"Ad facilis.";"Consequatur esse.";0;0;;;
attr_101;pim_catalog_text;attr_gr_14;"Quam et.";"Dolor quo.";"Error maiores voluptatem.";"Nam voluptatum esse.";0;0;;;
attr_102;pim_catalog_text;attr_gr_13;"Voluptates molestiae.";"Repellendus sequi beatae.";"Quo quod.";"Ullam neque.";0;0;;;
attr_103;pim_catalog_textarea;attr_gr_10;"Fugit aspernatur.";"Earum qui et.";"Quibusdam quae aut.";"Quisquam architecto.";1;0;;;
attr_104;pim_catalog_file;attr_gr_9;"Id sed.";"Eius illum.";"Sint veritatis rem.";"Rem iste.";0;0;;;jpg,pdf
attr_105;pim_catalog_textarea;attr_gr_14;"Rem tenetur.";"Aut repellendus.";"Tempore aliquam.";"Eligendi aliquid.";0;0;;;
attr_106;pim_catalog_boolean;attr_gr_3;"Veniam voluptatem porro.";"Quia ex.";"Ducimus ab sed.";"Voluptate nemo illo.";0;0;;;
attr_107;pim_catalog_multiselect;attr_gr_0;"Doloribus qui.";"Praesentium ratione.";"Eos debitis.";"Voluptas magni voluptatibus.";0;0;;;
attr_108;pim_catalog_file;attr_gr_3;"Est perferendis.";"Commodi nostrum.";"Dicta vitae corporis.";"Sapiente assumenda.";0;0;;;png,jpg
attr_109;pim_catalog_metric;attr_gr_4;"Iusto velit.";"Qui commodi magni.";"Ea qui.";"Dolores expedita.";0;0;Length;METER;
attr_110;pim_catalog_boolean;attr_gr_11;"Possimus sunt.";"Ut velit.";"Explicabo quibusdam.";"Hic molestiae optio.";0;0;;;
attr_111;pim_catalog_image;attr_gr_6;"Quos ut.";"Accusantium quo.";"Placeat itaque fuga.";"Mollitia aut iusto.";0;0;;;jpg,pdf
attr_112;pim_catalog_number;attr_gr_7;"Aperiam sequi.";"Recusandae accusamus.";"Quia reprehenderit.";"Aut ut.";0;0;;;
attr_113;pim_catalog_file;attr_gr_10;"Beatae tenetur qui.";"Voluptatum ad sit.";"Ipsam placeat.";"Deserunt quos qui.";0;0;;;pdf,jpg
attr_114;pim_catalog_file;attr_gr_10;"Natus qui.";"Ipsum possimus.";"Ex molestiae quae.";"Voluptas et facilis.";0;0;;;png,pdf
attr_115;pim_catalog_textarea;attr_gr_3;"Delectus voluptatem sit.";"Dolores rerum.";"Nisi tempora.";"Ducimus inventore ad.";0;0;;;
attr_116;pim_catalog_simpleselect;attr_gr_14;"Iure perspiciatis recusandae.";"Nulla temporibus repellat.";"Illum vitae aut.";"Velit ex ut.";0;0;;;
attr_117;pim_catalog_price_collection;attr_gr_4;"Fugiat non.";"Voluptas labore eum.";"Quibusdam sit.";"Autem placeat.";0;0;;;
attr_118;pim_catalog_multiselect;attr_gr_8;"Ducimus aut.";"Dolore eligendi sapiente.";"Quod aliquid.";"Unde ipsum deleniti.";0;0;;;
attr_119;pim_catalog_date;attr_gr_14;"Ut nesciunt ipsum.";"Voluptas necessitatibus.";"Delectus voluptates.";"Molestiae accusantium ullam.";0;0;;;
attr_120;pim_catalog_simpleselect;attr_gr_8;"Ducimus alias optio.";"Et amet.";"Totam maxime.";"Aut earum.";0;0;;;
attr_121;pim_catalog_text;attr_gr_5;"Maiores vitae.";"Qui voluptates.";"Omnis voluptas.";"Voluptas eligendi.";0;0;;;
attr_122;pim_catalog_boolean;attr_gr_0;"Consequuntur ipsum non.";"Itaque similique.";"Et totam vitae.";"Est ipsum dolor.";0;0;;;
attr_123;pim_catalog_textarea;attr_gr_0;"Autem ut voluptatem.";"Excepturi eos.";"Voluptatem quo dolorum.";"Distinctio vel.";0;0;;;
attr_124;pim_catalog_date;attr_gr_1;"Reiciendis velit.";"Qui deserunt.";"Nobis quidem nobis.";"In provident dolorum.";1;0;;;
attr_125;pim_catalog_multiselect;attr_gr_3;"Libero doloribus.";"Nisi enim non.";"Repudiandae iusto.";"Amet et.";0;0;;;
attr_126;pim_catalog_price_collection;attr_gr_0;"Hic consequatur ratione.";"Doloremque perferendis reprehenderit.";"Ratione similique.";"Sequi ipsam.";0;0;;;
attr_127;pim_catalog_textarea;attr_gr_0;"Delectus consequuntur quasi.";"Repudiandae non ipsa.";"Sint iste.";"Ipsa odit cum.";0;0;;;
attr_128;pim_catalog_price_collection;attr_gr_13;"Dolore non.";"Nobis qui voluptatem.";"Ad ipsum.";"Voluptas nobis dolorem.";0;0;;;
attr_129;pim_catalog_image;attr_gr_7;"Dolores et.";"Optio sit.";"Est reprehenderit.";"Quidem autem impedit.";0;0;;;png,jpg
attr_130;pim_catalog_metric;attr_gr_12;"Et quia.";"Minima voluptate alias.";"Consectetur voluptas.";"Id dolores veritatis.";0;0;Length;METER;
attr_131;pim_catalog_textarea;attr_gr_10;"Assumenda alias.";"Explicabo recusandae et.";"Expedita et pariatur.";"Qui non.";0;0;;;
attr_132;pim_catalog_number;attr_gr_2;"Nobis id.";"Quasi consectetur in.";"Quod est.";"Sint eaque fugit.";0;0;;;
attr_133;pim_catalog_image;attr_gr_7;"Ut eligendi.";"Exercitationem iure.";"Est totam.";"Quisquam dignissimos.";0;0;;;pdf,jpg
attr_134;pim_catalog_image;attr_gr_14;"Veniam quos inventore.";"Blanditiis modi ullam.";"Repellat tenetur fugit.";"Consequatur numquam recusandae.";0;0;;;png,pdf
attr_135;pim_catalog_metric;attr_gr_11;"Iusto harum vero.";"Est rerum.";"Temporibus est officiis.";"Non cum natus.";0;0;Length;METER;
attr_136;pim_catalog_multiselect;attr_gr_0;"Quasi sed voluptatem.";"Officiis molestiae.";"Et qui.";"Delectus dolorem.";0;0;;;
attr_137;pim_catalog_multiselect;attr_gr_14;"Provident eos officia.";"Et vero.";"Et adipisci aut.";"Laboriosam repellendus.";0;0;;;
attr_138;pim_catalog_simpleselect;attr_gr_11;"Incidunt eum.";"A rerum quae.";"Consequatur ut quia.";"Adipisci dolores.";1;0;;;
attr_139;pim_catalog_multiselect;attr_gr_11;"Sint voluptate.";"Aliquid fugit et.";"Id quae veniam.";"Quasi ratione molestiae.";0;0;;;
attr_140;pim_catalog_date;attr_gr_3;"Sit quia.";"Expedita suscipit voluptatem.";"Cumque id.";"Et quibusdam.";0;0;;;
attr_141;pim_catalog_multiselect;attr_gr_12;"Soluta nam.";"Qui laboriosam libero.";"Molestiae fugit dolorem.";"Excepturi nobis.";0;0;;;
attr_142;pim_catalog_simpleselect;attr_gr_4;"Voluptatibus quaerat praesentium.";"Est autem.";"Enim sed omnis.";"Fugiat qui.";0;0;;;
attr_143;pim_catalog_price_collection;attr_gr_7;"Quis laborum.";"Rerum enim.";"Commodi ullam.";"Officiis dolor.";0;0;;;
attr_144;pim_catalog_multiselect;attr_gr_8;"Porro magni.";"Libero magni.";"Sequi possimus cupiditate.";"Ab sint quos.";0;0;;;
attr_145;pim_catalog_boolean;attr_gr_8;"Aut suscipit id.";"Quisquam alias eos.";"Consequatur culpa eos.";"Accusamus laboriosam.";0;0;;;
attr_146;pim_catalog_textarea;attr_gr_14;"Alias ipsam est.";"Non nisi.";"Sit quis reiciendis.";"Temporibus expedita.";0;0;;;
attr_147;pim_catalog_image;attr_gr_10;"Ad voluptatum.";"Consequatur neque deserunt.";"Minus autem.";"Iusto totam.";0;0;;;jpg,png
attr_148;pim_catalog_simpleselect;attr_gr_2;"Ut ullam.";"Consectetur esse.";"Exercitationem itaque.";"Numquam porro.";0;0;;;
attr_149;pim_catalog_number;attr_gr_3;"Illo voluptatem.";"Vero et.";"Sunt consectetur.";"Quis quae delectus.";0;0;;;
attr_150;pim_catalog_text;attr_gr_4;"Id consequatur aperiam.";"Voluptatum nemo.";"Itaque voluptate consequatur.";"Eum non sed.";0;0;;;
attr_151;pim_catalog_metric;attr_gr_0;"Suscipit impedit.";"Odit tempore ratione.";"Deleniti non rerum.";"Tempora non.";0;0;Length;METER;
attr_152;pim_catalog_multiselect;attr_gr_2;"Eos fugiat explicabo.";"Rem tempore.";"Quidem quasi.";"Iure deserunt.";0;0;;;
attr_153;pim_catalog_date;attr_gr_6;"Neque perspiciatis.";"Saepe molestiae.";"Ad quidem et.";"Eveniet placeat.";0;0;;;
attr_154;pim_catalog_number;attr_gr_11;"Non earum.";"Veritatis vel.";"Laboriosam nam voluptas.";"Omnis magnam.";0;0;;;
attr_155;pim_catalog_boolean;attr_gr_5;"Consectetur libero exercitationem.";"Numquam dolor veritatis.";"Sit aliquid provident.";"Distinctio sed.";0;0;;;
attr_156;pim_catalog_file;attr_gr_5;"Assumenda cum recusandae.";"Sequi voluptas.";"Qui sit aut.";"Iusto ipsa sed.";0;0;;;jpg,png
attr_157;pim_catalog_boolean;attr_gr_12;"Consequuntur ratione et.";"Sed quia tenetur.";"Ut autem.";"Facilis dolore aut.";0;0;;;
attr_158;pim_catalog_date;attr_gr_14;"Nemo cumque.";"Maxime cupiditate.";"Ut quaerat.";"Ratione est velit.";0;0;;;
attr_159;pim_catalog_boolean;attr_gr_2;"Sit repellendus dolorum.";"Enim facilis.";"Accusamus tenetur nobis.";"Amet quasi pariatur.";0;0;;;
attr_160;pim_catalog_multiselect;attr_gr_12;"Nam temporibus nesciunt.";"Ex dolorum.";"Illum enim.";"Necessitatibus architecto.";0;0;;;
attr_161;pim_catalog_file;attr_gr_1;"Quisquam qui enim.";"Quas hic.";"Quia non.";"Quasi adipisci expedita.";0;0;;;png,jpg
attr_162;pim_catalog_date;attr_gr_12;"Non omnis.";"Temporibus id.";"Officiis eligendi.";"Corrupti unde.";0;0;;;
attr_163;pim_catalog_image;attr_gr_14;"Delectus veniam itaque.";"In eos voluptatem.";"Consequatur odit.";"Fugiat sint repellendus.";1;0;;;png,jpg
attr_164;pim_catalog_date;attr_gr_11;"Occaecati ut voluptatem.";"Provident aperiam.";"Impedit non vero.";"Et ullam ipsa.";0;0;;;
attr_165;pim_catalog_date;attr_gr_2;"Quia laudantium sed.";"Aut nesciunt dignissimos.";"Et assumenda.";"Esse animi.";0;0;;;
attr_166;pim_catalog_image;attr_gr_11;"Id quas eum.";"Ut et.";"Modi officia.";"Ea qui.";0;0;;;png,jpg
attr_167;pim_catalog_boolean;attr_gr_1;"Quia quod.";"Quia distinctio sed.";"Aut qui.";"Ad nisi dolorem.";0;0;;;
attr_168;pim_catalog_price_collection;attr_gr_4;"Et et.";"Qui quo reprehenderit.";"Magnam at eveniet.";"Alias autem omnis.";0;0;;;
attr_169;pim_catalog_textarea;attr_gr_6;"Voluptatibus ut.";"Soluta aut eveniet.";"Sit autem consequatur.";"Et in eaque.";0;0;;;
attr_170;pim_catalog_metric;attr_gr_1;"Distinctio similique.";"Provident consequatur.";"Ad dicta.";"Repellat ex.";0;0;Length;METER;
attr_171;pim_catalog_image;attr_gr_14;"Officiis et pariatur.";"Minima consequatur.";"Sapiente est culpa.";"Et quod ea.";0;0;;;png,pdf
attr_172;pim_catalog_text;attr_gr_14;"Modi libero.";"Tempora non.";"Consectetur animi.";"Sit quo perferendis.";0;0;;;
attr_173;pim_catalog_simpleselect;attr_gr_3;"Enim sit.";"Autem architecto excepturi.";"Nihil quis.";"Id eligendi.";0;0;;;
attr_174;pim_catalog_text;attr_gr_3;"Molestiae repellendus.";"Quidem doloremque quis.";"Debitis accusamus rerum.";"Enim nam modi.";0;0;;;
attr_175;pim_catalog_boolean;attr_gr_2;"Aliquid consequatur sit.";"Modi perferendis.";"Ea et ad.";"Ducimus ipsa fugit.";0;0;;;
attr_176;pim_catalog_text;attr_gr_1;"Quo quod dignissimos.";"Non aut.";"Optio qui pariatur.";"Ut a.";0;0;;;
attr_177;pim_catalog_date;attr_gr_7;"Ratione soluta.";"Consectetur natus enim.";"Voluptatem velit.";"Consequatur dolore doloremque.";0;0;;;
attr_178;pim_catalog_date;attr_gr_13;"Et exercitationem id.";"Odio debitis.";"Dolorem aut veniam.";"Magni placeat.";0;0;;;
attr_179;pim_catalog_metric;attr_gr_14;"Enim odit.";"Sit quod.";"Voluptatibus fugit sint.";"Qui sint ut.";0;0;Length;METER;
attr_180;pim_catalog_number;attr_gr_9;"Error quisquam reiciendis.";"Eum et iusto.";"Consequatur est libero.";"Deleniti et doloremque.";1;0;;;
attr_181;pim_catalog_multiselect;attr_gr_10;"Et quibusdam quo.";"Excepturi pariatur dolorum.";"Voluptate voluptas.";"Laborum quasi accusamus.";0;0;;;
attr_182;pim_catalog_file;attr_gr_7;"Sunt eaque omnis.";"Accusantium nihil.";"Velit accusamus.";"Expedita odit voluptatem.";0;0;;;png,pdf
attr_183;pim_catalog_number;attr_gr_12;"Voluptatibus nihil.";"Nemo excepturi.";"Dolor laudantium.";"Quas in.";0;0;;;
attr_184;pim_catalog_image;attr_gr_1;"Id laborum nihil.";"Debitis magnam.";"Odio dolores eaque.";"Voluptates quis reiciendis.";0;0;;;jpg,pdf
attr_185;pim_catalog_simpleselect;attr_gr_12;"Ea consectetur.";"Voluptas minima.";"Iure id.";"Voluptas vitae aliquid.";0;0;;;
attr_186;pim_catalog_image;attr_gr_9;"Sunt iure.";"Amet praesentium.";"Maxime sunt repellendus.";"Repellat qui voluptatum.";0;0;;;jpg,png
attr_187;pim_catalog_simpleselect;attr_gr_3;"Illo quibusdam distinctio.";"Molestiae inventore.";"Enim consequatur.";"Saepe asperiores.";0;0;;;
attr_188;pim_catalog_boolean;attr_gr_13;"Aliquam veritatis consequatur.";"Minus assumenda quis.";"Ea ex eligendi.";"Est similique totam.";0;0;;;
attr_189;pim_catalog_price_collection;attr_gr_13;"Quidem nam ut.";"Reprehenderit nisi et.";"In nihil.";"Enim earum quisquam.";1;0;;;
attr_190;pim_catalog_date;attr_gr_14;"Consectetur ducimus velit.";"Doloribus blanditiis dolorum.";"Totam eius rem.";"Molestiae enim modi.";0;0;;;
attr_191;pim_catalog_boolean;attr_gr_3;"Dolore doloribus ut.";"Enim laborum.";"Error fugit.";"Quo quisquam.";0;0;;;
attr_192;pim_catalog_textarea;attr_gr_2;"Eos libero est.";"Sequi reprehenderit.";"Animi fuga voluptatem.";"Neque corrupti iure.";0;0;;;
attr_193;pim_catalog_price_collection;attr_gr_9;"Praesentium illum.";"Aliquid nihil.";"Placeat eum mollitia.";"Vel fugit.";0;0;;;
attr_194;pim_catalog_text;attr_gr_4;"Alias recusandae.";"Necessitatibus dolor.";"Aut excepturi.";"Ut at ut.";0;0;;;
attr_195;pim_catalog_price_collection;attr_gr_14;"Quo nihil.";"Consequatur nostrum culpa.";"Architecto ad nobis.";"Omnis cum porro.";0;0;;;
attr_196;pim_catalog_boolean;attr_gr_8;"Rem voluptatum.";"Amet laboriosam saepe.";"Odit et labore.";"Molestiae facilis.";0;0;;;
attr_197;pim_catalog_textarea;attr_gr_0;"Nobis est.";"Quia ullam.";"Qui corrupti.";"Sunt debitis.";0;0;;;
attr_198;pim_catalog_simpleselect;attr_gr_13;"Ipsum est.";"Dolorum rerum fuga.";"Est enim.";"Quo aspernatur neque.";0;0;;;
attr_199;pim_catalog_simpleselect;attr_gr_6;"Rerum aut officia.";"Laudantium molestiae sint.";"Voluptas minima beatae.";"Sunt tenetur.";0;0;;;
attr_200;pim_catalog_metric;attr_gr_13;"Vitae laudantium.";"Rerum voluptate.";"Eius corporis.";"Possimus minus.";0;0;Length;METER;
attr_201;pim_catalog_multiselect;attr_gr_10;"Velit quibusdam.";"Accusantium aperiam.";"Sunt iste sunt.";"Iste deserunt.";0;0;;;
attr_202;pim_catalog_file;attr_gr_5;"Natus modi est.";"Ex voluptatem.";"Illum blanditiis.";"Dolore sunt praesentium.";0;0;;;pdf,png
attr_203;pim_catalog_multiselect;attr_gr_11;"Ratione cumque dolorum.";"Optio aut.";"Dolor sit ex.";"Et totam.";0;0;;;
attr_204;pim_catalog_text;attr_gr_0;"Ipsum eaque.";"Deserunt doloremque.";"Iste magni.";"Harum eum temporibus.";0;0;;;
attr_205;pim_catalog_number;attr_gr_6;"Reprehenderit et.";"Facere repellendus voluptates.";"Voluptatem non accusantium.";"Ipsam fugit animi.";0;0;;;
attr_206;pim_catalog_text;attr_gr_6;"Aut unde.";"Culpa minus.";"Est ut.";"Natus voluptatum.";0;0;;;
attr_207;pim_catalog_date;attr_gr_14;"Voluptatem nihil ratione.";"Modi adipisci.";"Doloremque itaque et.";"Deleniti vel mollitia.";0;0;;;
attr_208;pim_catalog_multiselect;attr_gr_11;"Dolores porro.";"Vel error nobis.";"In nobis dolores.";"Error excepturi blanditiis.";0;0;;;
attr_209;pim_catalog_metric;attr_gr_7;"Vel et.";"Tempore est quos.";"Qui aut aliquam.";"Occaecati fugiat.";0;0;Length;METER;
attr_210;pim_catalog_image;attr_gr_7;"Quis magni nihil.";"Et ut aut.";"Eligendi deleniti aperiam.";"Quidem odit beatae.";0;0;;;jpg,pdf
attr_211;pim_catalog_number;attr_gr_14;"Aut rerum.";"Animi est eum.";"Sequi itaque sed.";"Laboriosam cum.";0;0;;;
attr_212;pim_catalog_boolean;attr_gr_8;"Dolores possimus.";"Minus soluta dolor.";"Esse blanditiis inventore.";"Facilis ut.";1;0;;;
attr_213;pim_catalog_date;attr_gr_11;"Odit ea et.";"Maiores quasi aut.";"Cumque sed.";"Eius vitae.";0;0;;;
attr_214;pim_catalog_date;attr_gr_13;"Sint voluptas.";"Facere labore qui.";"Tempora consequuntur.";"Magni molestiae.";0;0;;;
attr_215;pim_catalog_price_collection;attr_gr_14;"Inventore iure.";"Assumenda repellendus culpa.";"Ut illum reprehenderit.";"Expedita rem illum.";1;0;;;
attr_216;pim_catalog_date;attr_gr_5;"Iure consequatur similique.";"Sit rerum velit.";"Optio in eum.";"Qui repudiandae.";0;0;;;
attr_217;pim_catalog_multiselect;attr_gr_9;"Inventore commodi.";"A quo doloribus.";"Ducimus sequi.";"Et eligendi.";0;0;;;
attr_218;pim_catalog_number;attr_gr_1;"Dolor ipsam eos.";"Voluptatibus hic.";"Autem quisquam corporis.";"Ut eum.";0;0;;;
attr_219;pim_catalog_text;attr_gr_1;"Iste sit.";"Aut tempora.";"Qui aut suscipit.";"Facilis enim alias.";0;0;;;
attr_220;pim_catalog_image;attr_gr_10;"Magni qui.";"Asperiores quod.";"Est enim.";"Qui dolores.";0;0;;;pdf,jpg
attr_221;pim_catalog_simpleselect;attr_gr_1;"Et blanditiis quia.";"Sit rerum eos.";"Suscipit quos.";"Laudantium vel.";0;0;;;
attr_222;pim_catalog_boolean;attr_gr_2;"Illo suscipit.";"Voluptatem aut.";"Eum omnis.";"Et nam.";0;0;;;
attr_223;pim_catalog_textarea;attr_gr_2;"Error commodi.";"Aut id.";"Maxime dolores vero.";"Doloribus autem assumenda.";0;0;;;
attr_224;pim_catalog_textarea;attr_gr_13;"Inventore distinctio nihil.";"Non deserunt.";"Quae explicabo totam.";"Dolore assumenda.";0;0;;;
attr_225;pim_catalog_date;attr_gr_8;"Architecto sit.";"Aperiam autem.";"Facilis est corrupti.";"Similique cupiditate dolores.";0;0;;;
attr_226;pim_catalog_boolean;attr_gr_0;"Magni nostrum.";"Ut laboriosam.";"Ratione aut eum.";"Cum ipsum.";0;0;;;
attr_227;pim_catalog_multiselect;attr_gr_10;"Ut maxime consequatur.";"Debitis et eligendi.";"Qui ab omnis.";"Autem iure.";0;0;;;
attr_228;pim_catalog_price_collection;attr_gr_3;"Reiciendis vitae.";"Et quia.";"Fugiat ipsam rerum.";"Quaerat perspiciatis.";0;0;;;
attr_229;pim_catalog_simpleselect;attr_gr_1;"Officia fuga.";"Delectus dicta.";"Quae non voluptas.";"Rerum nesciunt iste.";0;0;;;
attr_230;pim_catalog_text;attr_gr_2;"Nihil tempora error.";"Dolores est.";"Culpa et.";"Hic in voluptatem.";0;0;;;
attr_231;pim_catalog_metric;attr_gr_14;"Vitae id et.";"Libero enim.";"Perspiciatis accusantium odio.";"Inventore accusamus distinctio.";0;0;Length;METER;
attr_232;pim_catalog_image;attr_gr_6;"Tempora error aliquid.";"Incidunt et.";"Minima molestiae.";"Alias nisi tenetur.";0;0;;;pdf,jpg
attr_233;pim_catalog_boolean;attr_gr_5;"Similique quia eum.";"Quisquam doloremque voluptatem.";"Sequi eum.";"Commodi delectus doloribus.";0;0;;;
attr_234;pim_catalog_image;attr_gr_8;"Et laboriosam.";"Odit harum consequatur.";"Sint dignissimos.";"Repellat qui quasi.";0;0;;;jpg,png
attr_235;pim_catalog_multiselect;attr_gr_14;"Et repellendus inventore.";"Ut quae id.";"Aut unde.";"Qui aut est.";0;0;;;
attr_236;pim_catalog_date;attr_gr_9;"Ut illo laudantium.";"Exercitationem repellendus doloribus.";"Ratione aut.";"Quasi aliquid reiciendis.";0;0;;;
attr_237;pim_catalog_image;attr_gr_3;"Eos et.";"Consequatur velit quia.";"Architecto fugiat totam.";"Esse minima.";0;0;;;pdf,png
attr_238;pim_catalog_number;attr_gr_7;"Delectus ut.";"Quae porro.";"Quia dolorum explicabo.";"Beatae reiciendis voluptas.";0;0;;;
attr_239;pim_catalog_textarea;attr_gr_3;"Facilis voluptatibus delectus.";"Qui voluptas.";"Quibusdam aut sit.";"Eum necessitatibus.";0;0;;;
attr_240;pim_catalog_file;attr_gr_6;"Fugit sed corporis.";"Autem ut.";"Ab voluptas ipsum.";"Perspiciatis molestiae.";0;0;;;jpg,pdf
attr_241;pim_catalog_multiselect;attr_gr_1;"Et illo illo.";"Recusandae molestiae.";"Beatae animi.";"Rem ipsam sint.";0;0;;;
attr_242;pim_catalog_boolean;attr_gr_9;"Molestias quia doloremque.";"Harum consequatur ab.";"Unde et.";"Earum dolor quidem.";0;0;;;
attr_243;pim_catalog_metric;attr_gr_14;"Autem aut animi.";"Autem voluptate quia.";"Vitae quae.";"Non nihil.";0;0;Length;METER;
attr_244;pim_catalog_boolean;attr_gr_5;"Minus iure quia.";"Nihil debitis voluptatibus.";"Voluptas et dolor.";"Sint necessitatibus.";0;0;;;
attr_245;pim_catalog_textarea;attr_gr_7;"Voluptatem ea asperiores.";"Aut aperiam qui.";"Repellat modi voluptatibus.";"Numquam voluptates sunt.";0;0;;;
attr_246;pim_catalog_text;attr_gr_11;"Quos voluptate culpa.";"Dolorem tenetur.";"Aut qui ullam.";"Eum rerum.";0;0;;;
attr_247;pim_catalog_date;attr_gr_6;"Architecto ab.";"Cum voluptatem.";"Quia quas non.";"Et nemo.";0;0;;;
attr_248;pim_catalog_boolean;attr_gr_2;"Odit consequatur.";"Quis neque eveniet.";"Ad et rerum.";"Quam culpa placeat.";1;0;;;
attr_249;pim_catalog_date;attr_gr_14;"Ut molestiae velit.";"Fuga nemo voluptas.";"Repudiandae qui.";"Consequatur explicabo totam.";0;0;;;
attr_250;pim_catalog_text;attr_gr_5;"Dicta omnis.";"Quod quisquam aperiam.";"Dolorum sequi nulla.";"Quam incidunt.";0;0;;;
attr_251;pim_catalog_boolean;attr_gr_8;"Adipisci libero debitis.";"Consequatur est ut.";"Minus sed in.";"Explicabo provident est.";0;0;;;
attr_252;pim_catalog_price_collection;attr_gr_12;"Possimus autem rerum.";"Sit omnis.";"Ut est.";"Culpa ea.";0;0;;;
attr_253;pim_catalog_textarea;attr_gr_1;"Et beatae sint.";"Ipsam saepe odit.";"Ea eveniet similique.";"Velit voluptas ex.";0;0;;;
attr_254;pim_catalog_multiselect;attr_gr_10;"Doloribus fugiat.";"Velit eos iste.";"Cum omnis ut.";"Quas eligendi.";0;0;;;
attr_255;pim_catalog_multiselect;attr_gr_1;"Alias minus.";"Ut nemo.";"Illo consequatur.";"Aut architecto in.";0;0;;;
attr_256;pim_catalog_simpleselect;attr_gr_12;"Adipisci et.";"Voluptatem non laudantium.";"Ipsum autem.";"Dolor et quos.";0;0;;;
attr_257;pim_catalog_textarea;attr_gr_12;"Sint quibusdam.";"Explicabo soluta libero.";"Voluptatem mollitia quia.";"Fuga sequi ut.";0;0;;;
attr_258;pim_catalog_date;attr_gr_11;"Illum quis sequi.";"Dignissimos molestiae deserunt.";"Ut et sit.";"Commodi aut saepe.";1;0;;;
attr_259;pim_catalog_metric;attr_gr_5;"Qui autem.";"Sed aut neque.";"Autem suscipit aut.";"Soluta maiores ut.";0;0;Length;METER;
attr_260;pim_catalog_multiselect;attr_gr_4;"Quis corporis.";"Aut omnis numquam.";"Voluptas quaerat ad.";"Quia rerum eligendi.";0;0;;;
attr_261;pim_catalog_boolean;attr_gr_0;"Vel repellat culpa.";"Quisquam facere error.";"Qui vitae corporis.";"Et dolorem libero.";0;0;;;
attr_262;pim_catalog_image;attr_gr_14;"Sapiente id nam.";"Quo minus.";"Beatae velit earum.";"Qui eligendi.";0;0;;;jpg,png
attr_263;pim_catalog_image;attr_gr_12;"Totam amet.";"Ullam illum.";"Explicabo velit.";"Voluptates molestiae.";1;0;;;pdf,jpg
attr_264;pim_catalog_boolean;attr_gr_5;"Aliquam voluptates.";"Excepturi odio.";"Architecto debitis.";"Mollitia impedit velit.";0;0;;;
attr_265;pim_catalog_multiselect;attr_gr_5;"Perferendis non quibusdam.";"Beatae distinctio quos.";"Nobis aspernatur.";"Reiciendis expedita.";0;0;;;
attr_266;pim_catalog_multiselect;attr_gr_7;"Aut sed eum.";"Molestias dolorum.";"Explicabo maiores omnis.";"Fuga et in.";0;0;;;
attr_267;pim_catalog_price_collection;attr_gr_8;"Non inventore.";"Error qui quis.";"Et eum.";"Qui est.";0;0;;;
attr_268;pim_catalog_price_collection;attr_gr_2;"Eveniet iure itaque.";"Molestias non.";"At repellendus deserunt.";"Rerum inventore.";0;0;;;
attr_269;pim_catalog_date;attr_gr_8;"Est ipsum ut.";"Aut eos quam.";"Consequuntur perferendis deleniti.";"Omnis in molestias.";0;0;;;
attr_270;pim_catalog_price_collection;attr_gr_13;"Facere reprehenderit.";"Sed aut.";"Et quis commodi.";"Sequi ut.";0;0;;;
attr_271;pim_catalog_date;attr_gr_3;"Laborum a architecto.";"Vero quas est.";"Odit deserunt dolores.";"Molestiae esse.";0;0;;;
attr_272;pim_catalog_text;attr_gr_4;"Omnis nemo omnis.";"Omnis suscipit.";"Est quod.";"Sit neque ex.";0;0;;;
attr_273;pim_catalog_text;attr_gr_9;"Ut eius.";"Quasi dolore eos.";"Amet rerum.";"Veniam error.";0;0;;;
attr_274;pim_catalog_multiselect;attr_gr_13;"Molestiae voluptas.";"Odio eum sint.";"Ut fugit.";"Dignissimos nesciunt quia.";1;1;;;
attr_275;pim_catalog_number;attr_gr_4;"Similique nostrum.";"Tempora iure.";"Quisquam deleniti.";"Atque et aliquid.";1;0;;;
attr_276;pim_catalog_metric;attr_gr_8;"Sit facilis.";"Saepe placeat quaerat.";"Architecto aut.";"Nam nesciunt.";0;0;Length;METER;
attr_277;pim_catalog_price_collection;attr_gr_2;"Vitae officia.";"Ad nihil similique.";"Nobis consequatur.";"Voluptatem minima aut.";0;0;;;
attr_278;pim_catalog_file;attr_gr_6;"Labore corporis quae.";"Voluptatem dolorem sit.";"Dolore aut.";"Ab voluptate minima.";0;0;;;pdf,jpg
attr_279;pim_catalog_file;attr_gr_2;"Consequatur aut.";"In et soluta.";"Voluptatem soluta.";"Qui quia.";0;0;;;pdf,jpg
attr_280;pim_catalog_price_collection;attr_gr_1;"Quo ut magnam.";"Pariatur numquam eos.";"Quae fugit.";"Et unde harum.";0;0;;;
attr_281;pim_catalog_boolean;attr_gr_14;"Cum modi.";"Et praesentium odit.";"Culpa culpa sit.";"Quaerat voluptatibus aut.";0;1;;;
attr_282;pim_catalog_textarea;attr_gr_0;"Dolores inventore ut.";"Laborum voluptatum cumque.";"Excepturi autem voluptatem.";"Aliquid reiciendis.";0;0;;;
attr_283;pim_catalog_image;attr_gr_5;"Commodi error.";"Commodi odio neque.";"Necessitatibus et.";"Mollitia ut voluptatem.";0;0;;;pdf,jpg
attr_284;pim_catalog_multiselect;attr_gr_14;"Nulla ullam.";"Aut aliquid ut.";"Omnis quo.";"Est magnam.";0;0;;;
attr_285;pim_catalog_image;attr_gr_2;"Fuga ullam.";"Explicabo ut debitis.";"Iusto pariatur sapiente.";"Neque et.";0;0;;;pdf,jpg
attr_286;pim_catalog_multiselect;attr_gr_8;"Qui quam omnis.";"Blanditiis iusto.";"Dolor illum.";"Corporis soluta saepe.";0;0;;;
attr_287;pim_catalog_date;attr_gr_11;"Porro dolor.";"Sunt deserunt.";"Quam nemo.";"Aut ab minima.";0;0;;;
attr_288;pim_catalog_image;attr_gr_7;"Repellat aspernatur consectetur.";"Ut ut.";"Dolores eligendi repudiandae.";"Cupiditate sapiente.";0;0;;;png,jpg
attr_289;pim_catalog_multiselect;attr_gr_3;"Porro id architecto.";"Enim quisquam.";"Molestias et reiciendis.";"Ut aut.";0;0;;;
attr_290;pim_catalog_file;attr_gr_3;"Iusto blanditiis.";"Tempore iure.";"Ea et cumque.";"Doloribus quia est.";1;0;;;jpg,pdf
attr_291;pim_catalog_multiselect;attr_gr_13;"Impedit et.";"Esse voluptatibus consequuntur.";"Consequatur hic dicta.";"Sequi placeat.";0;0;;;
attr_292;pim_catalog_metric;attr_gr_1;"Enim quia.";"Et nobis.";"Vel doloribus excepturi.";"Eos atque.";0;0;Length;METER;
attr_293;pim_catalog_date;attr_gr_7;"Animi rerum architecto.";"Magnam cupiditate laudantium.";"Recusandae quam corporis.";"Quos iusto ab.";0;0;;;
attr_294;pim_catalog_number;attr_gr_11;"Aut rerum iure.";"Reprehenderit sint quo.";"Officia est tempore.";"Aliquam eum.";0;0;;;
attr_295;pim_catalog_text;attr_gr_0;"Maiores deserunt vitae.";"Quia at soluta.";"Ab enim sint.";"Est tenetur.";0;0;;;
attr_296;pim_catalog_file;attr_gr_10;"Et quam.";"Laudantium expedita dolor.";"Aspernatur voluptas qui.";"Praesentium tempora labore.";0;0;;;png,jpg
attr_297;pim_catalog_textarea;attr_gr_3;"Eius neque.";"Voluptas aut.";"Consectetur sit ducimus.";"Ut aut.";0;0;;;
attr_298;pim_catalog_text;attr_gr_9;"Aut mollitia.";"Odit enim.";"Ducimus nihil harum.";"Eligendi nihil.";0;0;;;
attr_299;pim_catalog_multiselect;attr_gr_11;"Ex consequatur at.";"Aliquid necessitatibus veniam.";"Voluptatibus repudiandae.";"Omnis rerum sit.";0;0;;;
attr_300;pim_catalog_number;attr_gr_3;"Quia laborum.";"Unde et.";"Nemo illo natus.";"Praesentium ea quaerat.";0;0;;;
attr_301;pim_catalog_file;attr_gr_6;"Fuga nihil quibusdam.";"Iusto expedita et.";"Sed id omnis.";"Ut sed ratione.";0;0;;;pdf,jpg
attr_302;pim_catalog_number;attr_gr_3;"Veniam ut.";"Vel magni.";"Vero est.";"Aut et dignissimos.";0;0;;;
attr_303;pim_catalog_multiselect;attr_gr_2;"Nihil tempore voluptatum.";"Natus vel omnis.";"Aspernatur magnam.";"Assumenda et.";0;0;;;
attr_304;pim_catalog_price_collection;attr_gr_7;"Ea reiciendis ab.";"Porro quos.";"At in.";"Odio excepturi.";0;0;;;
attr_305;pim_catalog_image;attr_gr_6;"Ut culpa.";"Omnis eum repellendus.";"Nihil nam.";"Tempora nisi soluta.";0;0;;;png,jpg
attr_306;pim_catalog_textarea;attr_gr_6;"Ut nihil.";"Eum perspiciatis sequi.";"Perferendis et.";"Quidem qui.";0;0;;;
attr_307;pim_catalog_textarea;attr_gr_3;"Blanditiis et.";"Sunt quo tenetur.";"Dolores perspiciatis qui.";"Quaerat omnis error.";0;0;;;
attr_308;pim_catalog_metric;attr_gr_11;"Voluptatum itaque nesciunt.";"Non et.";"Voluptatem architecto voluptatibus.";"Occaecati qui.";0;0;Length;METER;
attr_309;pim_catalog_number;attr_gr_7;"Tenetur sit.";"Amet omnis sint.";"Earum id.";"Asperiores fugit.";1;0;;;
attr_310;pim_catalog_boolean;attr_gr_13;"Nostrum asperiores.";"Rerum consectetur.";"Eum explicabo minima.";"Enim doloribus dolores.";0;0;;;
attr_311;pim_catalog_simpleselect;attr_gr_4;"Voluptatem quasi.";"Dolore voluptatum.";"Molestias mollitia.";"Est adipisci.";0;0;;;
attr_312;pim_catalog_boolean;attr_gr_4;"Quod aut.";"Eius ut.";"Aspernatur odio asperiores.";"Quam quo quis.";0;0;;;
attr_313;pim_catalog_textarea;attr_gr_1;"Ut aspernatur quia.";"Sunt delectus.";"Eos iure.";"Aut reprehenderit.";0;0;;;
attr_314;pim_catalog_number;attr_gr_0;"Esse laudantium rem.";"Aut odit.";"Omnis eius quasi.";"Eius quia.";0;0;;;
attr_315;pim_catalog_text;attr_gr_14;"Iusto assumenda nihil.";"Corrupti aut ut.";"Qui inventore quia.";"Non ea.";0;0;;;
attr_316;pim_catalog_image;attr_gr_13;"Cupiditate autem voluptatibus.";"Aut cupiditate porro.";"Deserunt et.";"Sequi aut.";0;0;;;png,jpg
attr_317;pim_catalog_metric;attr_gr_9;"Reprehenderit omnis.";"Consequatur accusamus.";"Cumque praesentium.";"Amet eos.";0;0;Length;METER;
attr_318;pim_catalog_simpleselect;attr_gr_7;"Rerum aut.";"Qui itaque et.";"Eveniet saepe qui.";"Debitis officiis.";0;0;;;
attr_319;pim_catalog_textarea;attr_gr_6;"Reprehenderit recusandae perspiciatis.";"Optio libero deserunt.";"Ipsam architecto.";"Numquam recusandae facere.";1;0;;;
attr_320;pim_catalog_file;attr_gr_11;"Vel dolorem.";"Soluta tenetur.";"Doloremque non in.";"Consequatur necessitatibus.";0;0;;;jpg,pdf
attr_321;pim_catalog_number;attr_gr_9;"Nemo ut facilis.";"Non vel.";"Rerum facilis.";"Magni quam omnis.";0;0;;;
attr_322;pim_catalog_boolean;attr_gr_8;"Odio nihil.";"Quidem deserunt sed.";"Molestias placeat eos.";"Blanditiis sit.";0;0;;;
attr_323;pim_catalog_text;attr_gr_10;"Laborum ab eaque.";"Harum omnis.";"Consequuntur nisi.";"Quos sed.";0;0;;;
attr_324;pim_catalog_textarea;attr_gr_10;"Ut quo.";"Quibusdam ipsam.";"Autem sed explicabo.";"Et facere illo.";0;0;;;
attr_325;pim_catalog_date;attr_gr_10;"Illo et.";"Est non.";"Ad sit.";"Sint assumenda.";0;0;;;
attr_326;pim_catalog_date;attr_gr_10;"Molestias rerum ut.";"Hic voluptas.";"Repellendus facere.";"Ratione expedita.";0;0;;;
attr_327;pim_catalog_boolean;attr_gr_1;"Magni quis quidem.";"Veritatis perspiciatis aut.";"Eum sit sed.";"Sapiente porro eius.";0;0;;;
attr_328;pim_catalog_simpleselect;attr_gr_8;"Mollitia aperiam sapiente.";"Adipisci rerum.";"Facere quia accusamus.";"Nemo quo.";0;0;;;
attr_329;pim_catalog_simpleselect;attr_gr_6;"Accusantium magni aut.";"Nulla quis.";"Dignissimos eligendi perspiciatis.";"Cupiditate aliquam.";0;0;;;
attr_330;pim_catalog_number;attr_gr_13;"Officia optio sunt.";"Perspiciatis quis rerum.";"Error et aut.";"Quasi rerum.";0;0;;;
attr_331;pim_catalog_simpleselect;attr_gr_2;"Et saepe repellendus.";"Vitae et velit.";"Voluptatem fugiat qui.";"Facilis quisquam.";0;0;;;
attr_332;pim_catalog_multiselect;attr_gr_12;"Sunt officia qui.";"Minima consequuntur id.";"Et autem.";"Possimus quia.";0;0;;;
attr_333;pim_catalog_price_collection;attr_gr_13;"Sunt nobis.";"Inventore a voluptatem.";"Aliquam aut.";"Voluptatem voluptates.";0;0;;;
attr_334;pim_catalog_textarea;attr_gr_11;"Quia est architecto.";"Quia consequatur.";"Id consequatur.";"Iure excepturi.";0;0;;;
attr_335;pim_catalog_boolean;attr_gr_3;"Vero qui distinctio.";"Autem provident.";"Quia aliquam modi.";"Culpa aut quia.";0;0;;;
attr_336;pim_catalog_file;attr_gr_0;"Ea alias consectetur.";"Ullam voluptatem ipsa.";"Expedita est.";"Non nihil.";0;0;;;jpg,pdf
attr_337;pim_catalog_textarea;attr_gr_10;"Voluptas consequatur.";"Et id.";"Beatae non.";"Hic molestias eius.";1;1;;;
attr_338;pim_catalog_textarea;attr_gr_4;"Quia consequatur.";"Aut minus quia.";"Corrupti ut eveniet.";"Beatae perspiciatis aliquam.";0;0;;;
attr_339;pim_catalog_image;attr_gr_1;"Error odio.";"Aliquid sit eum.";"Earum assumenda.";"Labore ea.";0;1;;;png,jpg
attr_340;pim_catalog_text;attr_gr_13;"Quia repudiandae eius.";"Animi aut.";"Non minima.";"Perferendis animi.";0;0;;;
attr_341;pim_catalog_file;attr_gr_12;"Dolores laborum.";"Vero fugit.";"Dolore dolorem.";"Perferendis reiciendis rerum.";0;0;;;png,jpg
attr_342;pim_catalog_file;attr_gr_10;"Et qui.";"Est aut.";"Delectus facilis.";"Odio quia rerum.";0;0;;;jpg,pdf
attr_343;pim_catalog_image;attr_gr_6;"Minima distinctio.";"Mollitia id dignissimos.";"Libero ut.";"Exercitationem id.";0;0;;;pdf,jpg
attr_344;pim_catalog_date;attr_gr_1;"Perferendis aspernatur rem.";"Autem aut.";"Et at.";"Earum iure.";0;0;;;
attr_345;pim_catalog_boolean;attr_gr_1;"Quis ut.";"Eligendi inventore dignissimos.";"Qui incidunt recusandae.";"Vitae consequuntur.";0;0;;;
attr_346;pim_catalog_price_collection;attr_gr_9;"Ut vel nesciunt.";"Sit quia temporibus.";"Consequatur delectus possimus.";"Est minima.";0;0;;;
attr_347;pim_catalog_price_collection;attr_gr_2;"Culpa ducimus.";"Voluptatem animi assumenda.";"Architecto blanditiis.";"Sapiente reprehenderit voluptate.";0;0;;;
attr_348;pim_catalog_textarea;attr_gr_9;"Voluptas laborum.";"Ut quis aut.";"Asperiores qui.";"Nulla et.";0;0;;;
attr_349;pim_catalog_multiselect;attr_gr_10;"Error debitis.";"Sint iure deleniti.";"Et hic.";"Ad et.";0;0;;;
attr_350;pim_catalog_text;attr_gr_10;"Voluptatum ut quasi.";"Aut exercitationem possimus.";"Velit non similique.";"Delectus tempore nostrum.";0;0;;;
attr_351;pim_catalog_metric;attr_gr_14;"Debitis nemo.";"Ipsam iste.";"Quia molestias.";"Dolores dolor.";0;0;Length;METER;
attr_352;pim_catalog_file;attr_gr_8;"Ipsum doloremque repudiandae.";"Vitae ut.";"Dignissimos nostrum.";"Iusto nam commodi.";0;0;;;jpg,pdf
attr_353;pim_catalog_boolean;attr_gr_8;"Vel molestiae.";"Provident blanditiis.";"Ut repellat.";"Facere aut.";0;0;;;
attr_354;pim_catalog_number;attr_gr_6;"Est voluptas voluptas.";"Voluptate voluptatem.";"Impedit eligendi.";"Doloremque ex amet.";0;0;;;
attr_355;pim_catalog_metric;attr_gr_12;"Adipisci sit eum.";"Repellat totam.";"Qui nisi.";"Et quia.";0;0;Length;METER;
attr_356;pim_catalog_metric;attr_gr_14;"Voluptas ea.";"Voluptas adipisci.";"Voluptas unde.";"Magni deserunt aut.";0;0;Length;METER;
attr_357;pim_catalog_multiselect;attr_gr_9;"Eum velit harum.";"Quisquam cumque.";"Iusto qui et.";"Quasi deserunt.";0;0;;;
attr_358;pim_catalog_text;attr_gr_5;"Ut aliquam ut.";"Cumque nostrum sint.";"Porro reprehenderit.";"Voluptatibus ut.";0;0;;;
attr_359;pim_catalog_boolean;attr_gr_10;"Aut dolor.";"Dolor molestiae.";"Doloremque sint eaque.";"Et voluptatem quaerat.";0;0;;;
attr_360;pim_catalog_multiselect;attr_gr_7;"Distinctio tempora.";"In omnis sit.";"Sunt non.";"Dolorem veniam voluptatem.";0;1;;;
attr_361;pim_catalog_multiselect;attr_gr_8;"Pariatur voluptas.";"Et consequatur eveniet.";"Velit amet.";"Quaerat dolorem nulla.";0;0;;;
attr_362;pim_catalog_text;attr_gr_6;"Quis dolores veniam.";"Dicta consectetur et.";"Dolores ipsa.";"Et facilis ea.";0;0;;;
attr_363;pim_catalog_text;attr_gr_14;"Optio enim non.";"Eius veniam sint.";"Velit natus.";"Consequatur sit.";0;0;;;
attr_364;pim_catalog_simpleselect;attr_gr_8;"Voluptatem doloremque.";"Voluptatem ut et.";"Omnis ipsum maiores.";"Quos itaque sunt.";0;0;;;
attr_365;pim_catalog_price_collection;attr_gr_8;"Quam molestias est.";"Quia ipsum.";"Maxime velit.";"Laboriosam suscipit.";0;1;;;
attr_366;pim_catalog_boolean;attr_gr_11;"Vel quis quia.";"A sit eveniet.";"Quidem deserunt necessitatibus.";"Occaecati consectetur.";0;0;;;
attr_367;pim_catalog_number;attr_gr_10;"Nihil vel et.";"Dolores harum.";"Aut sunt.";"Animi eos.";0;0;;;
attr_368;pim_catalog_file;attr_gr_2;"Quo et ut.";"Fugit quo aspernatur.";"Dolore deserunt nam.";"Tempore rerum deserunt.";0;0;;;jpg,png
attr_369;pim_catalog_file;attr_gr_9;"Ad voluptas voluptatibus.";"Enim reiciendis dolorem.";"Eum fugiat.";"Dolor facere.";0;0;;;jpg,pdf
attr_370;pim_catalog_boolean;attr_gr_14;"Dolorem quam.";"Sit ut molestias.";"Perferendis beatae saepe.";"Consequuntur velit.";1;0;;;
attr_371;pim_catalog_image;attr_gr_2;"Nam ducimus illum.";"Aut quod.";"Voluptas dolor dolorem.";"Est voluptatem.";0;0;;;jpg,pdf
attr_372;pim_catalog_date;attr_gr_13;"Numquam nostrum dolore.";"Culpa excepturi nemo.";"Consequatur molestiae.";"Nulla fugit.";0;0;;;
attr_373;pim_catalog_textarea;attr_gr_10;"Cupiditate fugit magni.";"Dolor qui voluptatem.";"Tempora non delectus.";"Ut sit.";0;0;;;
attr_374;pim_catalog_multiselect;attr_gr_2;"Ratione aliquid natus.";"Temporibus ea distinctio.";"Molestiae tempora dicta.";"Ut nam voluptas.";0;0;;;
attr_375;pim_catalog_number;attr_gr_12;"Quasi dolorum omnis.";"Quia facilis aut.";"Distinctio ut.";"Corrupti omnis.";0;0;;;
attr_376;pim_catalog_file;attr_gr_9;"Consequatur rerum et.";"Voluptatum ea aliquam.";"Voluptatum a necessitatibus.";"Harum illo voluptas.";0;0;;;png,jpg
attr_377;pim_catalog_text;attr_gr_0;"Sit maiores nisi.";"Officiis aliquid.";"Illo dignissimos in.";"Eaque ea.";0;0;;;
attr_378;pim_catalog_multiselect;attr_gr_1;"Qui sed numquam.";"Qui minus.";"Eum sit.";"Dolorem quaerat quam.";0;0;;;
attr_379;pim_catalog_date;attr_gr_3;"Sit dicta.";"Ut velit autem.";"Consequatur aut.";"Quasi enim similique.";0;0;;;
attr_380;pim_catalog_simpleselect;attr_gr_2;"Est at.";"Aut eos.";"Nulla pariatur.";"Eos quaerat aut.";0;1;;;
attr_381;pim_catalog_file;attr_gr_10;"Dicta ut.";"Sunt vero veritatis.";"Ad eos aut.";"Excepturi totam quae.";0;0;;;pdf,png
attr_382;pim_catalog_multiselect;attr_gr_13;"Modi animi porro.";"Neque laboriosam.";"Porro quisquam.";"Numquam tempora.";0;0;;;
attr_383;pim_catalog_text;attr_gr_1;"Sint vero incidunt.";"Vel blanditiis.";"Maiores incidunt.";"Ducimus sed.";0;0;;;
attr_384;pim_catalog_number;attr_gr_8;"Pariatur alias at.";"Suscipit error.";"Quis voluptas.";"Fuga possimus.";0;0;;;
attr_385;pim_catalog_simpleselect;attr_gr_14;"Ipsa exercitationem minus.";"Quia et ipsam.";"Similique iste quas.";"Deleniti et.";0;0;;;
attr_386;pim_catalog_file;attr_gr_10;"Sit aliquid.";"Laborum est quia.";"Et consectetur suscipit.";"Ipsum officia.";0;0;;;png,jpg
attr_387;pim_catalog_date;attr_gr_14;"Itaque occaecati.";"Et illum ducimus.";"Ipsam quia.";"Dolores accusamus.";0;0;;;
attr_388;pim_catalog_text;attr_gr_10;"Sapiente nemo.";"Libero tenetur harum.";"Voluptatem nisi recusandae.";"Ab ducimus non.";1;0;;;
attr_389;pim_catalog_metric;attr_gr_5;"Rerum nulla dolor.";"Dolorem dolorem officia.";"Voluptatem incidunt.";"Modi iure.";0;0;Length;METER;
attr_390;pim_catalog_textarea;attr_gr_0;"Soluta provident rem.";"Asperiores error.";"Et aspernatur.";"Voluptatum consequuntur.";0;0;;;
attr_391;pim_catalog_file;attr_gr_12;"Eum vel aut.";"Sunt veniam.";"Quo nulla.";"Occaecati alias.";0;0;;;jpg,png
attr_392;pim_catalog_image;attr_gr_9;"Magnam quis et.";"Voluptatem molestiae.";"Libero quia.";"Deserunt et maxime.";0;0;;;jpg,png
attr_393;pim_catalog_date;attr_gr_3;"Totam quis.";"Voluptatibus id.";"Qui occaecati numquam.";"Et labore.";0;0;;;
attr_394;pim_catalog_text;attr_gr_4;"Qui rerum.";"Ea in.";"Possimus libero.";"Vel dolor impedit.";0;0;;;
attr_395;pim_catalog_date;attr_gr_2;"Sapiente qui.";"Ipsam in eos.";"Qui quo.";"Delectus eligendi esse.";0;0;;;
attr_396;pim_catalog_number;attr_gr_6;"Assumenda quibusdam.";"Maiores rerum.";"Corrupti deserunt est.";"Rerum libero adipisci.";0;0;;;
attr_397;pim_catalog_text;attr_gr_13;"Quas eum.";"Officia rerum.";"Qui corrupti.";"Dolorem ipsa.";0;0;;;
attr_398;pim_catalog_text;attr_gr_9;"Iure delectus.";"Commodi qui.";"Qui totam.";"Porro dolorem.";0;0;;;
attr_399;pim_catalog_image;attr_gr_10;"Aut voluptas.";"Qui aut.";"Fuga doloremque.";"Unde consequuntur.";0;0;;;pdf,jpg
